IssueKey,CommitId,CommitDate,SelectionStrategy,ParentCount,IsMerge,IssueInSubject,ProductionJavaFiles,ProductionJavaPaths,Subject
STORM-87,b1ccc153d924a971d2f1303023b969f8c975b238,2014-03-12T00:17:58+08:00,NON_MERGE,1,false,true,1,storm-core/src/jvm/backtype/storm/task/ShellBolt.java,STORM-87 fail fast on ShellBolt exception
STORM-87,cea872d4e9317601eed60f7fa0a9a831446f41be,2014-07-20T00:40:15+08:00,NON_MERGE,1,false,true,1,storm-core/src/jvm/backtype/storm/task/ShellBolt.java,STORM-87 code change accorrding to comments 1. log level change to error 2. use exit instead of halt to terminate jvm
STORM-113,1b13ca2281f4aafac92e471167ef0e7c3dccb030,2014-02-02T16:31:11-05:00,NON_MERGE,1,false,true,1,storm-core/src/jvm/storm/trident/util/TridentUtils.java,STORM-113: changing static thrift ser/deser to thread local with lazy init
STORM-188,9a2c4129b145b901f320238ea36a282ff7f44d0c,2015-03-31T11:37:30-07:00,NON_MERGE,1,false,true,1,storm-core/src/jvm/backtype/storm/utils/Utils.java,STORM-188. Allow user to specifiy full configuration path when running storm command.
STORM-188,0c659c26369b376f30951f779882df2645a0bee0,2015-04-01T08:45:33-07:00,NON_MERGE,1,false,true,1,storm-core/src/jvm/backtype/storm/utils/Utils.java,STORM-188. Allow user to specifiy full configuration path when running storm command.
STORM-254,f8c9995ac7f1d5fcdd19b3d0f67f0abd111f320e,2014-07-02T23:32:30+08:00,NON_MERGE,1,false,true,1,storm-core/src/jvm/backtype/storm/task/TopologyContext.java,"resolve storm-254, fobbiden to register same name metrics in different timeBucket"
STORM-259,d5dee0ef5f8ad403d1eff05f569c8e9b1e44508c,2014-03-20T17:36:18-04:00,NON_MERGE,1,false,true,1,storm-core/src/jvm/backtype/storm/messaging/netty/Client.java,STORM-259
STORM-260,28e65a82bfcd60f38c93115974f6a8653756f9b5,2014-03-21T17:17:40-04:00,NON_MERGE,1,false,false,1,storm-core/src/jvm/backtype/storm/utils/Time.java,Fix race condition in Time.java
STORM-264,fa3802afd1053b2d0494997387bfb8b579bf9489,2014-05-19T21:29:44Z,FIRST_PARENT_MERGE,2,true,false,1,storm-core/src/jvm/backtype/storm/Config.java,Merge branch 'delete-topology-optimize-config' of https://github.com/d2r/incubator-storm into STORM-254
STORM-294,f60805a49bdf4b394e6d78ab05bb44a226625beb,2014-04-25T15:40:04Z,FIRST_PARENT_MERGE,2,true,false,1,storm-core/src/jvm/backtype/storm/utils/Utils.java,Merge branch 'comma-fix' of https://github.com/revans2/incubator-storm
STORM-297,be8f8327b3c2d36e89420d62fb8ca530ba726cf3,2014-05-07T11:17:53+08:00,NON_MERGE,1,false,true,2,storm-core/src/jvm/backtype/storm/messaging/netty/NettyRenameThreadFactory.java | storm-core/src/jvm/backtype/storm/utils/TransferDrainer.java,"STORM-297, add thread factory and TransferDrainer"
STORM-297,c5e7a0d0f137cc5f0ccf6116541c16d4a7727598,2014-05-08T10:32:46+08:00,NON_MERGE,1,false,true,4,storm-core/src/jvm/backtype/storm/messaging/netty/Client.java | storm-core/src/jvm/backtype/storm/messaging/netty/MessageDecoder.java | storm-core/src/jvm/backtype/storm/messaging/netty/Server.java | storm-core/src/jvm/backtype/storm/utils/Utils.java,"STORM-297, add more comments"
STORM-297,deb55ec918126400ed94ee49f88c32b9ffda7b5d,2014-05-20T10:33:15+08:00,NON_MERGE,1,false,true,1,storm-core/src/jvm/backtype/storm/messaging/netty/Server.java,"STORM-297, fix the indention"
STORM-297,138a7a7f0bc4aceb829915106673b969552cee85,2014-05-20T10:34:36+08:00,NON_MERGE,1,false,true,1,storm-core/src/jvm/backtype/storm/messaging/netty/Server.java,"STORM-297, use config name instead of literal constants"
STORM-297,c5c3571ca15ee2dd675fb3cac44bd0f926ccfc67,2014-05-20T10:56:26+08:00,NON_MERGE,1,false,true,3,storm-core/src/jvm/backtype/storm/messaging/IConnection.java | storm-core/src/jvm/backtype/storm/messaging/netty/Client.java | storm-core/src/jvm/backtype/storm/messaging/netty/Server.java,"STORM-297: Use recv(int flags, int clientId) to replace recv(int flags) in IConnection interface"
STORM-297,7b88cf352e2ab4d9df0c068432140b13821ba057,2014-05-20T11:15:05+08:00,NON_MERGE,1,false,true,1,storm-core/src/jvm/backtype/storm/messaging/netty/StormServerHandler.java,STORM-297: log server error
STORM-297,19e72e852cb25caa1ee18b6c5ae1ae627e337bf1,2014-05-20T11:24:42+08:00,NON_MERGE,1,false,true,2,storm-core/src/jvm/backtype/storm/Config.java | storm-core/src/jvm/backtype/storm/messaging/netty/Client.java,STORM-297: remove config storm.messaging.netty.blocking as we want async to be the default
STORM-297,fe68fd968bdfab3d902f86956ae04bd3d46b444e,2014-05-20T11:34:03+08:00,NON_MERGE,1,false,true,1,storm-core/src/jvm/backtype/storm/messaging/netty/Client.java,STORM-297: use primitive type int instead of Integer
STORM-297,d85c470747c22fa47a1f914388861b018ce9acc8,2014-05-20T11:59:18+08:00,NON_MERGE,1,false,true,1,storm-core/src/jvm/backtype/storm/messaging/netty/Client.java,"STORM-297, add timeout when trying to send pending batches in close()"
STORM-297,1baf9b7f47f1f1592391a9eb18b3ad0b340f7355,2014-05-20T12:03:16+08:00,NON_MERGE,1,false,true,2,storm-core/src/jvm/backtype/storm/messaging/netty/StormClientErrorHandler.java | storm-core/src/jvm/backtype/storm/messaging/netty/StormClientPipelineFactory.java,"STORM-297: rename StormClientHandler to StormClientErrorHandler, as all we do it to check errors in the class"
STORM-297,baa310618ed639c312f2281bc8364d55e5977174,2014-05-20T12:26:49+08:00,NON_MERGE,1,false,true,1,storm-core/src/jvm/backtype/storm/messaging/netty/Client.java,STORM-297: avoid duplicate Channel Null Check
STORM-297,9eecaf890d06df8d94c73227498a572f4d4cc96d,2014-05-20T20:46:11+08:00,NON_MERGE,1,false,true,2,storm-core/src/jvm/backtype/storm/messaging/netty/Client.java | storm-core/src/jvm/backtype/storm/messaging/netty/Context.java,STORM-297: Use a shared pool for netty client flusher threads.
STORM-297,deba55833b8752c5275cb37ac3a1043583790963,2014-05-20T20:46:11+08:00,NON_MERGE,1,false,true,2,storm-core/src/jvm/backtype/storm/messaging/netty/Client.java | storm-core/src/jvm/backtype/storm/messaging/netty/Context.java,STORM-297: Use a shared pool for netty client flusher threads.
STORM-297,20b4f8b2195a1bf214f63e10b1bbca4690c0290f,2014-05-21T01:15:55+08:00,NON_MERGE,1,false,true,1,storm-core/src/jvm/backtype/storm/messaging/netty/Context.java,"STORM-297: fix UT regression, when topology.workers is not specified."
STORM-297,426d143784ee3610aa3582d43316f1344abd6275,2014-06-03T14:44:09+08:00,NON_MERGE,1,false,true,2,storm-core/src/jvm/backtype/storm/testing/TestEventLogSpout.java | storm-core/src/jvm/backtype/storm/testing/TestEventOrderCheckBolt.java,STORM-297: add test case to test multiple receiver thread should reserve message order
STORM-297,0bca1733d64a92d8ec411f5fdf41ebc90a1bddef,2014-06-03T14:53:10+08:00,NON_MERGE,1,false,true,1,storm-core/src/jvm/backtype/storm/messaging/netty/Client.java,"STORM-297: fix flusher bug, dead loop"
STORM-297,f6915d45a61593f95bf779558a32f807d583932c,2014-06-04T18:14:55+08:00,NON_MERGE,1,false,true,1,storm-core/src/jvm/backtype/storm/Config.java,"STORM-297: rename ""worker.receiver.thread.count"" to ""topology.worker.receiver.thread.count"""
STORM-297,b4422f13b6c609b5f68eb0a053f4bc08182f97d5,2014-06-08T01:03:05+08:00,NON_MERGE,1,false,true,1,storm-core/src/jvm/backtype/storm/utils/TransferDrainer.java,STORM-297: avoid call IConneciton.send() when there is no message in the iterator.
STORM-297,23f572420b4b1b24e79b53067c9a2cb703599756,2014-06-08T03:41:46+08:00,NON_MERGE,1,false,true,1,storm-core/src/jvm/backtype/storm/testing/TestEventLogSpout.java,STORM-297: use acked spout to avoid topology be shutting down before bolt finish.
STORM-303,5b0258322fd0b479fb372a69184a24bc27958c21,2014-04-28T12:15:54-07:00,NON_MERGE,1,false,true,18,external/storm-kafka/src/jvm/storm/kafka/Broker.java | external/storm-kafka/src/jvm/storm/kafka/BrokerHosts.java | external/storm-kafka/src/jvm/storm/kafka/DynamicBrokersReader.java | external/storm-kafka/src/jvm/storm/kafka/KafkaConfig.java | external/storm-kafka/src/jvm/storm/kafka/KafkaSpout.java | external/storm-kafka/src/jvm/storm/kafka/KafkaUtils.java | external/storm-kafka/src/jvm/storm/kafka/KeyValueSchemeAsMultiScheme.java | external/storm-kafka/src/jvm/storm/kafka/PartitionCoordinator.java | external/storm-kafka/src/jvm/storm/kafka/PartitionManager.java | external/storm-kafka/src/jvm/storm/kafka/StaticCoordinator.java | external/storm-kafka/src/jvm/storm/kafka/StringScheme.java | external/storm-kafka/src/jvm/storm/kafka/ZkCoordinator.java | external/storm-kafka/src/jvm/storm/kafka/ZkHosts.java | external/storm-kafka/src/jvm/storm/kafka/ZkState.java | external/storm-kafka/src/jvm/storm/kafka/trident/GlobalPartitionInformation.java | external/storm-kafka/src/jvm/storm/kafka/trident/TransactionalTridentKafkaSpout.java | external/storm-kafka/src/jvm/storm/kafka/trident/TridentKafkaEmitter.java | external/storm-kafka/src/jvm/storm/kafka/trident/ZkBrokerReader.java,STORM-303: Forward port of storm-kafka work.
STORM-307,b2ecd44a7ee13d6c98171c63d056bdef481d6e0f,2014-10-05T21:46:24+01:00,NON_MERGE,1,false,true,1,storm-core/src/jvm/backtype/storm/utils/LocalState.java,STORM-307: reset LocalState if files are corrupt
STORM-307,ccde2332da9ae2c4b43e38651cc0d08ae0ebdb18,2014-10-06T10:17:26+01:00,NON_MERGE,1,false,true,1,storm-core/src/jvm/backtype/storm/utils/LocalState.java,STORM-307: fixed IOException retry logic
STORM-328,214ee7454548b884c591991b1faea770d1478cec,2014-07-12T00:59:01+09:00,NON_MERGE,1,false,true,3,storm-core/src/jvm/backtype/storm/Config.java | storm-core/src/jvm/backtype/storm/ConfigValidation.java | storm-core/src/jvm/backtype/storm/utils/Utils.java,"STORM-328 More restrictive to Config, strict range check within Utils.getInt"
STORM-338,862f6735f2e4cf9734b395385609bec8f0b6041f,2014-06-12T14:53:13-05:00,FIRST_PARENT_MERGE,2,true,true,1,storm-core/src/jvm/backtype/storm/messaging/netty/NettyRenameThreadFactory.java,Merge branch 'idiomatic-clojure-01' of https://github.com/bluemont/incubator-storm into STORM-338
STORM-342,72b1f592885abc8c02c6902aa0eb6499bacae7f2,2014-06-10T19:54:11+08:00,NON_MERGE,1,false,true,1,storm-core/src/jvm/backtype/storm/utils/DisruptorQueue.java,"STORM-342: Message loss, executor hang, or message disorder due to contention in Disruptor queue under multi-thread mode."
STORM-342,6946c34e9f06726b46c5fb1bf12e1f186a1a8a19,2014-06-10T20:29:28+08:00,NON_MERGE,1,false,true,1,storm-core/src/jvm/backtype/storm/utils/DisruptorQueue.java,STORM-342: rename the read-write lock
STORM-342,8b57097c6dc39f267bcbafb671ac977872380a8f,2014-06-12T08:53:17+08:00,NON_MERGE,1,false,true,1,storm-core/src/jvm/backtype/storm/utils/DisruptorQueue.java,STORM-342: add exception as cause when re-thrown
STORM-346,1094762bf9c3ae339500a3a4500d742367c33e63,2014-07-11T11:50:07-07:00,NON_MERGE,1,false,true,2,storm-core/src/jvm/backtype/storm/Config.java | storm-core/src/jvm/backtype/storm/security/auth/kerberos/AutoHDFS.java,"STORM-346: added AutoHDFS class that will get hdfs delegation tokens on behalf of users, push it to workers and renew the delegation tokens automatically."
STORM-346,1fedcd5b53649ba1f404429d6fa3c9cc6c296047,2014-07-11T11:50:07-07:00,NON_MERGE,1,false,true,4,storm-core/src/jvm/backtype/storm/Config.java | storm-core/src/jvm/backtype/storm/security/INimbusCredentialPlugin.java | storm-core/src/jvm/backtype/storm/security/auth/AuthUtils.java | storm-core/src/jvm/backtype/storm/security/auth/hadoop/AutoHDFS.java,"STORM-346: added AutoHDFS class that will get hdfs delegation tokens on behalf of users, push it to workers and renew the delegation tokens automatically. INimbusCredentialPlugin is a plugin interfae that will be executed as part of nimbu's submit topology operation and fetch credential from nimbus process on behalf of user. AutoHDFS will renew the tokens on nimbus host as long as credential has more then 24 hours on renew cycle, if tokens are going to expire in next 24 hours then new tokens will be fetched and pushed to all workers."
STORM-346,2c78f911e495518b65241ee0904d37d0f854b8b7,2014-07-11T11:50:07-07:00,NON_MERGE,1,false,true,6,storm-core/src/jvm/backtype/storm/Config.java | storm-core/src/jvm/backtype/storm/security/INimbusCredentialPlugin.java | storm-core/src/jvm/backtype/storm/security/auth/AuthUtils.java | storm-core/src/jvm/backtype/storm/security/auth/ICredentialsRenewer.java | storm-core/src/jvm/backtype/storm/security/auth/kerberos/AutoHDFS.java | storm-core/src/jvm/backtype/storm/security/auth/kerberos/AutoTGT.java,"STORM-346: added AutoHDFS class that will get hdfs delegation tokens on behalf of users, push it to workers and renew the delegation tokens automatically. INimbusCredentialPlugin is a plugin interfae that will be executed as part of nimbu's submit topology operation and fetch credential from nimbus process on behalf of user. AutoHDFS will renew the tokens on nimbus host as long as credential has more then 24 hours on renew cycle, if tokens are going to expire in next 24 hours then new tokens will be fetched and pushed to all workers."
STORM-347,f3112fa76e98038da83170513a476499dde0bb41,2014-06-26T15:05:21-07:00,NON_MERGE,1,false,true,6,storm-core/src/jvm/backtype/storm/Config.java | storm-core/src/jvm/backtype/storm/security/auth/AuthUtils.java | storm-core/src/jvm/backtype/storm/security/auth/IGroupMappingServiceProvider.java | storm-core/src/jvm/backtype/storm/security/auth/ShellBasedUnixGroupsMapping.java | storm-core/src/jvm/backtype/storm/security/auth/authorizer/SimpleACLAuthorizer.java | storm-core/src/jvm/backtype/storm/utils/ShellUtils.java,STORM-347. (Security) authentication should allow for groups not just users.
STORM-347,9e13a356268e1e8bf76ac29c42a441a0f49108be,2014-07-21T15:13:35-07:00,NON_MERGE,1,false,true,3,storm-core/src/jvm/backtype/storm/Config.java | storm-core/src/jvm/backtype/storm/security/auth/IGroupMappingServiceProvider.java | storm-core/src/jvm/backtype/storm/security/auth/ShellBasedUnixGroupsMapping.java,STORM-347. (Security) authentication should allow for groups not just users. Added Bobby's suggested changes.
STORM-347,fb882ca18f124c7f6b65b7edeb2c0a652e254c3a,2014-07-28T12:51:13-07:00,NON_MERGE,1,false,true,1,storm-core/src/jvm/backtype/storm/security/auth/ShellBasedGroupsMapping.java,STORM-347. (Security) authentication should allow for groups not just users. Added Unit test for ShellBaasedGroupsMapping.
STORM-348,41986445fb89ff77c101fcdd6daccb945160e8a9,2014-07-22T13:20:54-07:00,NON_MERGE,1,false,true,17,storm-core/src/jvm/backtype/storm/Config.java | storm-core/src/jvm/backtype/storm/messaging/netty/Client.java | storm-core/src/jvm/backtype/storm/messaging/netty/ControlMessage.java | storm-core/src/jvm/backtype/storm/messaging/netty/MessageDecoder.java | storm-core/src/jvm/backtype/storm/messaging/netty/MessageEncoder.java | storm-core/src/jvm/backtype/storm/messaging/netty/SaslMessageToken.java | storm-core/src/jvm/backtype/storm/messaging/netty/SaslNettyClient.java | storm-core/src/jvm/backtype/storm/messaging/netty/SaslNettyClientState.java | storm-core/src/jvm/backtype/storm/messaging/netty/SaslNettyServer.java | storm-core/src/jvm/backtype/storm/messaging/netty/SaslNettyServerState.java | storm-core/src/jvm/backtype/storm/messaging/netty/SaslStormClientHandler.java | storm-core/src/jvm/backtype/storm/messaging/netty/SaslStormServerAuthorizeHandler.java | storm-core/src/jvm/backtype/storm/messaging/netty/SaslStormServerHandler.java | storm-core/src/jvm/backtype/storm/messaging/netty/SaslUtils.java | storm-core/src/jvm/backtype/storm/messaging/netty/Server.java | storm-core/src/jvm/backtype/storm/messaging/netty/StormClientPipelineFactory.java | storm-core/src/jvm/backtype/storm/messaging/netty/StormServerPipelineFactory.java,STORM-348: Netty SASL Authentication
STORM-348,133c398ee9f5799fb3d702e27c8f83b969fc0341,2014-07-24T15:47:51-07:00,NON_MERGE,1,false,true,5,storm-core/src/jvm/backtype/storm/messaging/netty/SaslNettyClient.java | storm-core/src/jvm/backtype/storm/messaging/netty/SaslNettyServer.java | storm-core/src/jvm/backtype/storm/messaging/netty/SaslStormClientHandler.java | storm-core/src/jvm/backtype/storm/messaging/netty/SaslStormServerHandler.java | storm-core/src/jvm/backtype/storm/messaging/netty/SaslUtils.java,STORM-348: Netty SASL Authentication
STORM-348,3bce04ceab9abfd6e6da211cb5a792d9df6c96c6,2014-07-28T16:28:45-07:00,NON_MERGE,1,false,true,8,storm-core/src/jvm/backtype/storm/messaging/netty/Client.java | storm-core/src/jvm/backtype/storm/messaging/netty/SaslMessageToken.java | storm-core/src/jvm/backtype/storm/messaging/netty/SaslNettyClient.java | storm-core/src/jvm/backtype/storm/messaging/netty/SaslStormClientHandler.java | storm-core/src/jvm/backtype/storm/messaging/netty/SaslStormServerHandler.java | storm-core/src/jvm/backtype/storm/messaging/netty/SaslUtils.java | storm-core/src/jvm/backtype/storm/messaging/netty/StormClientPipelineFactory.java | storm-core/src/jvm/backtype/storm/messaging/netty/StormServerPipelineFactory.java,STORM-348: Netty SASL Authentication
STORM-348,19ad13510cb42963f868fd8bd785b4937dd348ab,2014-07-28T17:42:05-07:00,NON_MERGE,1,false,true,1,storm-core/src/jvm/backtype/storm/messaging/netty/SaslUtils.java,STORM-348: Netty SASL Authentication
STORM-349,b73b051e683f1f27d299b15d79e99ce74bbd6054,2014-08-14T13:42:40-07:00,NON_MERGE,1,false,true,1,storm-core/src/jvm/backtype/storm/Config.java,STORM-349. excluded dependencies from hadoop-auth. removed Config.UI_ACTIONS_ENABLED.
STORM-352,57851bb6be4caec950541bcb1f01529224e52af4,2014-06-13T14:01:32-04:00,NON_MERGE,1,false,true,1,external/storm-kafka/src/jvm/storm/kafka/PartitionManager.java,STORM-352: fix logic for writing offsets to ZooKeeper
STORM-396,832600e7bbe31f38cf5d8d58a8f138b7b9df5195,2014-08-07T15:52:41-05:00,FIRST_PARENT_MERGE,2,true,true,3,storm-core/src/jvm/backtype/storm/multilang/ShellMsg.java | storm-core/src/jvm/backtype/storm/spout/ShellSpout.java | storm-core/src/jvm/backtype/storm/task/ShellBolt.java,Merge branch 'multilang-nullpointerexception-fix' of https://github.com/forter/incubator-storm into STORM-396
STORM-399,2b1d6cfe9b3d567234246b2e01bfb02b64131302,2014-07-09T15:43:14-06:00,NON_MERGE,1,false,true,1,external/storm-kafka/src/jvm/storm/kafka/KafkaConfig.java,STORM-399 update KafkaConfig.maxOffsetBehind default to be Long.MAX_VALUE
STORM-406,848a748c5a00de9fc24174b2f7ccb58e0fa393f7,2014-07-29T07:16:40-05:00,FIRST_PARENT_MERGE,2,true,true,1,storm-core/src/jvm/backtype/storm/messaging/netty/Client.java,Merge branch 'netty-client-fix' of https://github.com/kishorvpatil/incubator-storm into STORM-406
STORM-422,2818698c6f687e3c1565a5f29daee1551482ba8d,2015-01-06T15:21:58-06:00,FIRST_PARENT_MERGE,2,true,true,1,storm-core/src/jvm/backtype/storm/utils/ShellProcess.java,Merge branch 'Multilang_die_hang' of https://github.com/dashengju/storm into STORM-422
STORM-427,ee5bb1792afc28155bd8cdf87e97ebf719c031d1,2014-07-29T16:47:19-05:00,NON_MERGE,1,false,true,1,storm-core/src/jvm/backtype/storm/security/auth/kerberos/AutoTGT.java,STORM-427: AutoTGT and HBase can expose JVM kerberos bug.
STORM-437,f49aa1c3dc45e0ee2c74b5b86c13fa135a55b8fe,2014-08-25T11:17:07-05:00,FIRST_PARENT_MERGE,2,true,true,1,storm-core/src/jvm/backtype/storm/multilang/JsonSerializer.java,Merge branch 'STORM-437-multilang-utf8' of https://github.com/forter/incubator-storm into STORM-437
STORM-442,2818698c6f687e3c1565a5f29daee1551482ba8d,2015-01-06T15:21:58-06:00,FIRST_PARENT_MERGE,2,true,false,1,storm-core/src/jvm/backtype/storm/utils/ShellProcess.java,Merge branch 'Multilang_die_hang' of https://github.com/dashengju/storm into STORM-422
STORM-443,0d82c2fc127343f18c3b41ae7951989a6515f371,2014-08-19T12:32:55-05:00,FIRST_PARENT_MERGE,2,true,true,1,storm-core/src/jvm/backtype/storm/multilang/JsonSerializer.java,Merge branch 'Multilang_JsonSerializer' of https://github.com/dashengju/incubator-storm into STORM-443
STORM-449,27400ee39d99909abb791eb732714ba4265d40be,2014-08-25T10:13:57-05:00,FIRST_PARENT_MERGE,2,true,true,1,storm-core/src/jvm/backtype/storm/task/ShellBolt.java,Merge branch 'STORM-449' of https://github.com/revans2/incubator-storm into STORM-449
STORM-468,f910e0db9447ca0bdc1a382c09ee1a242f4fc166,2015-03-23T22:34:59-04:00,NON_MERGE,1,false,true,1,storm-core/src/jvm/backtype/storm/topology/TopologyBuilder.java,Attempt at STORM-468
STORM-497,f259f1da288171a9393fb500150d034ccca0d146,2014-09-17T13:07:42Z,NON_MERGE,1,false,true,1,storm-core/src/jvm/backtype/storm/messaging/netty/Server.java,STORM-497: don't modify the mapping while the someone could be reading it.
STORM-501,32ff6e1fd62a64e156b58af24924ec7b7d5277a4,2014-09-19T16:03:50Z,NON_MERGE,1,false,true,1,storm-core/src/jvm/backtype/storm/StormSubmitter.java,STORM-501: Missing StormSubmitter API
STORM-509,11e6fc9821d7d7e676d573836c08272ce18385f2,2014-09-29T13:57:07-07:00,NON_MERGE,1,false,true,2,storm-core/src/jvm/backtype/storm/Config.java | storm-core/src/jvm/backtype/storm/security/auth/authorizer/SimpleACLAuthorizer.java,STORM-509. Make groups checking specific for SimpleACLAuthorizer.
STORM-509,0f6719d4303cae6fc8521b802bf86f077278e160,2014-09-30T11:43:37-07:00,NON_MERGE,1,false,true,1,storm-core/src/jvm/backtype/storm/security/auth/authorizer/SimpleACLAuthorizer.java,STORM-509.  Make groups checking specific for SimpleACLAuthorizer.
STORM-511,95abbc501c8f29d08dcd1e6200e7ded65c41512e,2014-09-27T15:24:15+01:00,NON_MERGE,1,false,true,3,external/storm-kafka/src/jvm/storm/kafka/KafkaUtils.java | external/storm-kafka/src/jvm/storm/kafka/PartitionManager.java | external/storm-kafka/src/jvm/storm/kafka/UpdateOffsetException.java,STORM-511 update startOffset in PartitionManager when submitted in fetch request one is out of range
STORM-511,d34037d2d2b1a1e635d708e9367c5a29d2505eff,2014-10-20T22:20:34+01:00,NON_MERGE,1,false,true,1,external/storm-kafka/src/jvm/storm/kafka/PartitionManager.java,STORM-511 fix updating internal state of PartitionManager
STORM-512,25eb1418b87840b3b07e2045877fef7a0b2f28da,2015-04-02T14:34:04-05:00,FIRST_PARENT_MERGE,2,true,true,3,external/storm-kafka/src/jvm/storm/kafka/bolt/KafkaBolt.java | storm-core/src/jvm/backtype/storm/utils/TupleUtils.java | storm-core/src/jvm/storm/trident/topology/TridentBoltExecutor.java,Merge branch 'STORM-512' of https://github.com/nielsbasjes/storm into STORM-512
STORM-513,ca5874cdf11af8d835335d228b643f28aeb3f9c3,2014-10-08T22:48:01+09:00,NON_MERGE,1,false,true,2,storm-core/src/jvm/backtype/storm/spout/ShellSpout.java | storm-core/src/jvm/backtype/storm/task/ShellBolt.java,STORM-513 check heartbeat from multilang subprocess
STORM-537,1aacccf286829e9289d86a6ed10b23cb2b21bc47,2014-10-29T18:27:56+03:00,NON_MERGE,1,false,true,1,storm-core/src/jvm/backtype/storm/messaging/netty/Client.java,[STORM-537] A worker reconnects infinitely to another dead worker
STORM-537,1d251e99850eb8969ac69021f1f78f8e40434305,2014-10-31T17:55:14+03:00,NON_MERGE,1,false,true,1,storm-core/src/jvm/backtype/storm/messaging/netty/Client.java,[STORM-537] A change after code review
STORM-537,dee91cfa3f73cdd3da6921593a71ec60ae304091,2014-11-05T09:02:10+03:00,NON_MERGE,1,false,true,1,storm-core/src/jvm/backtype/storm/messaging/netty/Client.java,[STORM-537] Removed overcomplicated tests
STORM-539,01ab7b141c408809d6491556494bded0d436ba4d,2014-12-15T14:24:51-08:00,NON_MERGE,1,false,true,10,external/storm-hive/src/main/java/org/apache/storm/hive/bolt/HiveBolt.java | external/storm-hive/src/main/java/org/apache/storm/hive/bolt/mapper/DelimitedRecordHiveMapper.java | external/storm-hive/src/main/java/org/apache/storm/hive/bolt/mapper/HiveMapper.java | external/storm-hive/src/main/java/org/apache/storm/hive/bolt/mapper/JsonRecordHiveMapper.java | external/storm-hive/src/main/java/org/apache/storm/hive/common/HiveOptions.java | external/storm-hive/src/main/java/org/apache/storm/hive/common/HiveUtils.java | external/storm-hive/src/main/java/org/apache/storm/hive/common/HiveWriter.java | external/storm-hive/src/main/java/org/apache/storm/hive/trident/HiveState.java | external/storm-hive/src/main/java/org/apache/storm/hive/trident/HiveStateFactory.java | external/storm-hive/src/main/java/org/apache/storm/hive/trident/HiveUpdater.java,STORM-539. Storm hive bolt and trident state.
STORM-539,81772b22668d51852b65bc8bbe0d83116c07e383,2014-12-15T14:24:51-08:00,NON_MERGE,1,false,true,10,external/storm-hive/src/main/java/org/apache/storm/hive/bolt/HiveBolt.java | external/storm-hive/src/main/java/org/apache/storm/hive/bolt/mapper/DelimitedRecordHiveMapper.java | external/storm-hive/src/main/java/org/apache/storm/hive/bolt/mapper/HiveMapper.java | external/storm-hive/src/main/java/org/apache/storm/hive/bolt/mapper/JsonRecordHiveMapper.java | external/storm-hive/src/main/java/org/apache/storm/hive/common/HiveOptions.java | external/storm-hive/src/main/java/org/apache/storm/hive/common/HiveUtils.java | external/storm-hive/src/main/java/org/apache/storm/hive/common/HiveWriter.java | external/storm-hive/src/main/java/org/apache/storm/hive/trident/HiveState.java | external/storm-hive/src/main/java/org/apache/storm/hive/trident/HiveStateFactory.java | external/storm-hive/src/main/java/org/apache/storm/hive/trident/HiveUpdater.java,STORM-539. Storm hive bolt and trident state.
STORM-539,b0cbb493e541b4b3762b1adfed695abbb39ec863,2015-02-12T09:47:04-08:00,NON_MERGE,1,false,true,1,external/storm-hive/src/main/java/org/apache/storm/hive/bolt/HiveBolt.java,STORM-539. Storm hive bolt and trident state. Added reportError for HiveBolt.
STORM-563,28d40a40678426b352b6c3cd191630b5186f9f32,2015-03-30T16:11:22-07:00,NON_MERGE,1,false,true,4,external/storm-kafka/src/jvm/storm/kafka/KafkaConfig.java | external/storm-kafka/src/jvm/storm/kafka/KafkaUtils.java | external/storm-kafka/src/jvm/storm/kafka/PartitionManager.java | external/storm-kafka/src/jvm/storm/kafka/trident/TridentKafkaEmitter.java,STORM-563. Kafka Spout doesn't pick up from the beginning of the queue unless forceFromStart specified.
STORM-563,d2e10346e58527496bccaeca7b6a1b1d924e7b99,2015-03-30T16:11:22-07:00,NON_MERGE,1,false,true,4,external/storm-kafka/src/jvm/storm/kafka/KafkaConfig.java | external/storm-kafka/src/jvm/storm/kafka/KafkaUtils.java | external/storm-kafka/src/jvm/storm/kafka/PartitionManager.java | external/storm-kafka/src/jvm/storm/kafka/trident/TridentKafkaEmitter.java,STORM-563. Kafka Spout doesn't pick up from the beginning of the queue unless forceFromStart specified.
STORM-565,5c0a56105a9a984ae8e693343a6d89b730fd2ff9,2014-11-20T08:36:17-08:00,NON_MERGE,1,false,true,1,storm-core/src/jvm/backtype/storm/security/auth/authorizer/SimpleACLAuthorizer.java,STORM-565. Setting topology.groups to nil could break SimpleACLAuthorizer.
STORM-566,ce90df5f7cb8ad35fdea2a39bf1c0f39f0b2eff5,2015-10-25T10:58:48-05:00,NON_MERGE,1,false,false,1,storm-core/src/jvm/storm/trident/spout/ITridentSpout.java,Improve documentation including incorrect Kryo serialization framework doc
STORM-583,eff6cfa4d9bc6d991fb4e94be72040415f676187,2015-04-24T15:50:19-04:00,NON_MERGE,1,false,true,49,external/storm-eventhubs/src/main/java/org/apache/storm/eventhubs/bolt/EventHubBolt.java | external/storm-eventhubs/src/main/java/org/apache/storm/eventhubs/client/ConnectionStringBuilder.java | external/storm-eventhubs/src/main/java/org/apache/storm/eventhubs/client/Constants.java | external/storm-eventhubs/src/main/java/org/apache/storm/eventhubs/client/EventHubClient.java | external/storm-eventhubs/src/main/java/org/apache/storm/eventhubs/client/EventHubConsumerGroup.java | external/storm-eventhubs/src/main/java/org/apache/storm/eventhubs/client/EventHubException.java | external/storm-eventhubs/src/main/java/org/apache/storm/eventhubs/client/EventHubReceiver.java | external/storm-eventhubs/src/main/java/org/apache/storm/eventhubs/client/EventHubSendClient.java | external/storm-eventhubs/src/main/java/org/apache/storm/eventhubs/client/EventHubSender.java | external/storm-eventhubs/src/main/java/org/apache/storm/eventhubs/client/SelectorFilter.java | external/storm-eventhubs/src/main/java/org/apache/storm/eventhubs/client/SelectorFilterWriter.java | external/storm-eventhubs/src/main/java/org/apache/storm/eventhubs/samples/AtMostOnceEventCount.java | external/storm-eventhubs/src/main/java/org/apache/storm/eventhubs/samples/EventCount.java | external/storm-eventhubs/src/main/java/org/apache/storm/eventhubs/samples/EventHubLoop.java | external/storm-eventhubs/src/main/java/org/apache/storm/eventhubs/samples/OpaqueTridentEventCount.java | external/storm-eventhubs/src/main/java/org/apache/storm/eventhubs/samples/TransactionalTridentEventCount.java | external/storm-eventhubs/src/main/java/org/apache/storm/eventhubs/samples/bolt/GlobalCountBolt.java | external/storm-eventhubs/src/main/java/org/apache/storm/eventhubs/samples/bolt/PartialCountBolt.java | external/storm-eventhubs/src/main/java/org/apache/storm/eventhubs/spout/EventData.java | external/storm-eventhubs/src/main/java/org/apache/storm/eventhubs/spout/EventDataScheme.java | external/storm-eventhubs/src/main/java/org/apache/storm/eventhubs/spout/EventHubReceiverFilter.java | external/storm-eventhubs/src/main/java/org/apache/storm/eventhubs/spout/EventHubReceiverImpl.java | external/storm-eventhubs/src/main/java/org/apache/storm/eventhubs/spout/EventHubSpout.java | external/storm-eventhubs/src/main/java/org/apache/storm/eventhubs/spout/EventHubSpoutConfig.java | external/storm-eventhubs/src/main/java/org/apache/storm/eventhubs/spout/EventHubSpoutException.java | external/storm-eventhubs/src/main/java/org/apache/storm/eventhubs/spout/FieldConstants.java | external/storm-eventhubs/src/main/java/org/apache/storm/eventhubs/spout/IEventDataScheme.java | external/storm-eventhubs/src/main/java/org/apache/storm/eventhubs/spout/IEventHubReceiver.java | external/storm-eventhubs/src/main/java/org/apache/storm/eventhubs/spout/IEventHubReceiverFactory.java | external/storm-eventhubs/src/main/java/org/apache/storm/eventhubs/spout/IEventHubReceiverFilter.java | external/storm-eventhubs/src/main/java/org/apache/storm/eventhubs/spout/IPartitionCoordinator.java | external/storm-eventhubs/src/main/java/org/apache/storm/eventhubs/spout/IPartitionManager.java | external/storm-eventhubs/src/main/java/org/apache/storm/eventhubs/spout/IPartitionManagerFactory.java | external/storm-eventhubs/src/main/java/org/apache/storm/eventhubs/spout/IStateStore.java | external/storm-eventhubs/src/main/java/org/apache/storm/eventhubs/spout/MessageId.java | external/storm-eventhubs/src/main/java/org/apache/storm/eventhubs/spout/PartitionManager.java | external/storm-eventhubs/src/main/java/org/apache/storm/eventhubs/spout/SimplePartitionManager.java | external/storm-eventhubs/src/main/java/org/apache/storm/eventhubs/spout/StaticPartitionCoordinator.java | external/storm-eventhubs/src/main/java/org/apache/storm/eventhubs/spout/ZookeeperStateStore.java | external/storm-eventhubs/src/main/java/org/apache/storm/eventhubs/trident/Coordinator.java | external/storm-eventhubs/src/main/java/org/apache/storm/eventhubs/trident/ITridentPartitionManager.java | external/storm-eventhubs/src/main/java/org/apache/storm/eventhubs/trident/ITridentPartitionManagerFactory.java | external/storm-eventhubs/src/main/java/org/apache/storm/eventhubs/trident/OpaqueTridentEventHubEmitter.java | external/storm-eventhubs/src/main/java/org/apache/storm/eventhubs/trident/OpaqueTridentEventHubSpout.java | external/storm-eventhubs/src/main/java/org/apache/storm/eventhubs/trident/Partition.java | external/storm-eventhubs/src/main/java/org/apache/storm/eventhubs/trident/Partitions.java | external/storm-eventhubs/src/main/java/org/apache/storm/eventhubs/trident/TransactionalTridentEventHubEmitter.java | external/storm-eventhubs/src/main/java/org/apache/storm/eventhubs/trident/TransactionalTridentEventHubSpout.java | external/storm-eventhubs/src/main/java/org/apache/storm/eventhubs/trident/TridentPartitionManager.java,STORM-583: initial import of donated code
STORM-586,65e9f0c814b2cddc772880042259b66194fd6fb7,2014-12-05T14:48:34-08:00,NON_MERGE,1,false,true,3,external/storm-kafka/src/jvm/storm/kafka/KafkaUtils.java | external/storm-kafka/src/jvm/storm/kafka/UpdateOffsetException.java | external/storm-kafka/src/jvm/storm/kafka/trident/TridentKafkaEmitter.java,STORM-586: TridentKafkaEmitter should catch updateOffsetException.
STORM-596,cad1505deb214facb0fb70e24034e30f79a973da,2014-12-24T11:44:25+08:00,NON_MERGE,1,false,true,2,storm-core/src/jvm/backtype/storm/Config.java | storm-core/src/jvm/backtype/storm/Config.java.orig,STORM-596: remove config topology.receiver.buffer.size
STORM-596,986ad60bf065c8c3dd965b5c2cfd33d71229385b,2014-12-24T11:56:12+08:00,NON_MERGE,1,false,true,1,storm-core/src/jvm/backtype/storm/Config.java.orig,STORM-596: rm defaults.yaml.orig Config.java.orig
STORM-603,93f11c46a219dbaa210a994ded34ed37b0ec8c14,2015-05-04T13:52:28-05:00,FIRST_PARENT_MERGE,2,true,true,1,external/storm-kafka/src/jvm/storm/kafka/DynamicBrokersReader.java,Merge branch 'STORM-603' of https://github.com/curtisallen/storm into STORM-603
STORM-613,9ad27f19853e08d3bff8bcc5c3d7d1d23c1ea83a,2015-01-06T10:18:34-06:00,FIRST_PARENT_MERGE,2,true,true,1,external/storm-kafka/src/jvm/storm/kafka/KafkaUtils.java,Merge branch 'fix-wrong-getOffset-return-value' of https://github.com/tedxia/incubator-storm into STORM-613
STORM-625,5be9e9d9cfe6fb497a7706308cc9c59061215cea,2015-03-03T16:34:53-06:00,NON_MERGE,1,false,true,2,storm-core/src/jvm/backtype/storm/messaging/netty/Client.java | storm-core/src/jvm/backtype/storm/messaging/netty/Context.java,STORM-625: don't leak netty clients when workers move
STORM-636,01d78c726d15a5ac9a4676e6b85b41b6eff9b857,2015-02-03T12:34:57-06:00,FIRST_PARENT_MERGE,2,true,true,1,storm-core/src/jvm/backtype/storm/utils/Monitor.java,Merge branch 'storm-636-ui-errors' of https://github.com/d2r/storm into STORM-636
STORM-643,05bd1e36697fe7038284833032da262afb82ac99,2015-07-18T11:39:51+08:00,NON_MERGE,1,false,true,3,external/storm-kafka/src/jvm/storm/kafka/ExponentialBackoffMsgRetryManager.java | external/storm-kafka/src/jvm/storm/kafka/FailedMsgRetryManager.java | external/storm-kafka/src/jvm/storm/kafka/PartitionManager.java,STORM-643 fixing based on master branch
STORM-643,f091743d9ebc935c9bbbc210095884c3d819632b,2015-07-18T11:39:51+08:00,NON_MERGE,1,false,true,3,external/storm-kafka/src/jvm/storm/kafka/ExponentialBackoffMsgRetryManager.java | external/storm-kafka/src/jvm/storm/kafka/FailedMsgRetryManager.java | external/storm-kafka/src/jvm/storm/kafka/PartitionManager.java,STORM-643 fixing based on master branch
STORM-670,d9568f99841e8449f41353e409eac73aeb3b6dc7,2015-02-12T12:15:04-05:00,NON_MERGE,1,false,true,1,external/storm-kafka/src/jvm/storm/kafka/ExponentialBackoffMsgRetryManager.java,STORM-670: restore java 1.6 compatibility
STORM-682,c19e482b70f18d690ad165c78551860506486095,2015-02-20T11:56:22-08:00,NON_MERGE,1,false,true,1,storm-core/src/jvm/backtype/storm/utils/VersionedStore.java,STORM-682: supervisor should handle worker state corruption gracefully.
STORM-682,ca7bd99beff75e592c6abc9ba5186633d00f0fe4,2015-02-20T11:56:22-08:00,NON_MERGE,1,false,true,1,storm-core/src/jvm/backtype/storm/utils/VersionedStore.java,STORM-682: supervisor should handle worker state corruption gracefully.
STORM-684,76159b017d111b4bd39936fb2e41ce886cd50089,2015-02-23T10:50:54-06:00,FIRST_PARENT_MERGE,2,true,false,1,storm-core/src/jvm/storm/trident/spout/RichSpoutBatchExecutor.java,Merge branch 'fix_spout_close' of https://github.com/onlychoice/storm
STORM-688,2a0bb0dcb3d7fa7aa4e71d89ca1a59a2127b4f38,2015-02-24T15:46:09-06:00,NON_MERGE,1,false,true,1,external/storm-jdbc/src/main/java/org/apache/storm/jdbc/common/Util.java,STORM-688: update Util to compile under JDK8
STORM-690,23c69c3d23b1a7a1e22e6735e43fb09c0eac297d,2015-03-11T15:32:36-05:00,FIRST_PARENT_MERGE,2,true,true,1,external/storm-redis/src/main/java/org/apache/storm/redis/trident/state/RedisState.java,Merge branch 'STORM-690' of https://github.com/HeartSaVioR/storm into STORM-690
STORM-693,aadccb4cb2a6602651d31542ecf2c96d72a0edfa,2015-03-02T16:06:58-08:00,NON_MERGE,1,false,true,1,external/storm-kafka/src/jvm/storm/kafka/bolt/KafkaBolt.java,"STORM-693: when bolt fails to write tuple, it should report error instead of silently acking."
STORM-693,e63fb2af9086e2b2e688662ca42a4b4d0112274b,2015-03-02T16:06:58-08:00,NON_MERGE,1,false,true,1,external/storm-kafka/src/jvm/storm/kafka/bolt/KafkaBolt.java,"STORM-693: when bolt fails to write tuple, it should report error instead of silently acking."
STORM-703,1f9dc5f861341dd0828dc50ff04cb310061b3249,2015-03-24T09:16:35-05:00,FIRST_PARENT_MERGE,2,true,true,1,external/storm-redis/src/main/java/org/apache/storm/redis/trident/state/RedisMapState.java,Merge branch 'redis-hgetall-fix' of https://github.com/dkatten/storm into STORM-703
STORM-711,ffb1562cb0eb3fbd916423136fcd3c181fbf6212,2015-03-18T10:15:53-07:00,NON_MERGE,1,false,true,5,external/storm-hbase/src/main/java/org/apache/storm/hbase/bolt/HBaseBolt.java | external/storm-hbase/src/main/java/org/apache/storm/hbase/bolt/HBaseLookupBolt.java | external/storm-hbase/src/main/java/org/apache/storm/hbase/trident/state/HBaseState.java | external/storm-hdfs/src/main/java/org/apache/storm/hdfs/bolt/HdfsBolt.java | external/storm-hdfs/src/main/java/org/apache/storm/hdfs/bolt/SequenceFileBolt.java,STORM-711: modifying all connectors to use collector.reportError instead of logging and use tuple anchoring when emitting a tuple.
STORM-713,1e3bf8c09cb1be6b60ca57fce2b6d859a57e173a,2015-03-19T11:35:59-04:00,NON_MERGE,1,false,true,1,external/storm-kafka/src/jvm/storm/kafka/KafkaUtils.java,STORM-713: Include topic information with Kafka metrics.
STORM-723,5c5abdfee6ff2db7839c2faaf1782eb28f0a8723,2015-03-26T09:28:06-05:00,NON_MERGE,1,false,true,2,external/storm-redis/src/main/java/org/apache/storm/redis/trident/state/RedisStateSetCountQuerier.java | external/storm-redis/src/main/java/org/apache/storm/redis/trident/state/RedisStateSetUpdater.java,Merge branch 'STORM-723' of https://github.com/HeartSaVioR/storm into STORM-723
STORM-737,acc1a79de17802c59810193311aa182b963e8511,2015-05-29T13:53:39-04:00,NON_MERGE,1,false,true,1,storm-core/src/jvm/backtype/storm/utils/TransferDrainer.java,Merge branch 'STORM-737' of github.com:HeartSaVioR/storm
STORM-740,574f876229b9b5e5f7356a770f31fd70e09f73f0,2015-04-01T12:23:40-05:00,NON_MERGE,1,false,true,1,storm-core/src/jvm/backtype/storm/security/auth/SimpleTransportPlugin.java,STORM-740: Simple Transport Client cannot configure thrift buffer size
STORM-742,b815012509e15a68bdd72cc684ab5cc91dd53b86,2015-04-01T07:02:09+09:00,NON_MERGE,1,false,true,1,storm-core/src/jvm/backtype/storm/task/ShellBolt.java,STORM-742 Let ShellBolt treat all messages to update heartbeat
STORM-742,a784ae7cc70866090db1e8c1e7aa1e5986148af1,2015-08-14T08:24:46-05:00,NON_MERGE,1,false,true,1,storm-core/src/jvm/backtype/storm/task/ShellBolt.java,Merge branch 'STORM-742' of https://github.com/HeartSaVioR/storm into STORM-742
STORM-750,3a5d3a7892086f4a99f0b35f16a5207eb0522d5d,2015-04-06T12:13:35-05:00,NON_MERGE,1,false,true,1,storm-core/src/jvm/backtype/storm/Config.java,STORM-750: Set Config Serialization
STORM-750,5cbdca55a63dbe9e1adf43b43915b6bc1a9c426d,2015-04-06T12:13:35-05:00,NON_MERGE,1,false,true,1,storm-core/src/jvm/backtype/storm/Config.java,STORM-750: Set Config Serialization
STORM-760,5f55c51acd06697e339a6d2d5a07e46a21f3e0ab,2015-04-07T14:15:09-05:00,NON_MERGE,1,false,true,1,storm-core/src/jvm/backtype/storm/utils/Utils.java,STORM-760: Use JSON for serialized conf
STORM-763,b1411aa63383801913cb1340a8b51c5bb46db0ba,2015-07-01T13:54:33+01:00,NON_MERGE,1,false,true,7,storm-core/src/jvm/backtype/storm/messaging/netty/Client.java | storm-core/src/jvm/backtype/storm/messaging/netty/Context.java | storm-core/src/jvm/backtype/storm/messaging/netty/MessageBatch.java | storm-core/src/jvm/backtype/storm/messaging/netty/MessageBuffer.java | storm-core/src/jvm/backtype/storm/messaging/netty/SaslStormClientHandler.java | storm-core/src/jvm/backtype/storm/messaging/netty/StormClientHandler.java | storm-core/src/jvm/backtype/storm/messaging/netty/StormClientPipelineFactory.java,This fixes STORM-763 and STORM-839
STORM-763,286bacdf49937d1e8576eff27dfc887824ffdbbb,2015-07-02T19:01:01+01:00,NON_MERGE,1,false,true,7,storm-core/src/jvm/backtype/storm/messaging/netty/Client.java | storm-core/src/jvm/backtype/storm/messaging/netty/Context.java | storm-core/src/jvm/backtype/storm/messaging/netty/MessageBatch.java | storm-core/src/jvm/backtype/storm/messaging/netty/MessageBuffer.java | storm-core/src/jvm/backtype/storm/messaging/netty/SaslStormClientHandler.java | storm-core/src/jvm/backtype/storm/messaging/netty/StormClientHandler.java | storm-core/src/jvm/backtype/storm/messaging/netty/StormClientPipelineFactory.java,This fixes STORM-763 and STORM-839
STORM-786,69c5499eddb3630fcfd04d06b1ddfb51f077295b,2015-04-16T11:44:40+02:00,NON_MERGE,1,false,true,1,external/storm-kafka/src/jvm/storm/kafka/bolt/KafkaBolt.java,STORM-786: KafkaBolt should ack tick tuples
STORM-786,dfe3fbe144ed6398c2d2cc6210454d4c561e042e,2015-04-16T11:44:40+02:00,NON_MERGE,1,false,true,1,external/storm-kafka/src/jvm/storm/kafka/bolt/KafkaBolt.java,STORM-786: KafkaBolt should ack tick tuples
STORM-808,f21cd844b7e86258a8560e31fb36dab029b3d4ba,2015-05-04T16:20:30-05:00,NON_MERGE,1,false,true,1,storm-core/src/jvm/backtype/storm/utils/Utils.java,STORM-808: allow null to be parsed as null
STORM-809,998383ffe58834c52ab7ecdda668681177131cd4,2015-05-05T09:02:53-05:00,NON_MERGE,1,false,true,2,storm-core/src/jvm/backtype/storm/Config.java | storm-core/src/jvm/backtype/storm/ConfigValidation.java,STORM-809: opology.message.timeout.secs should not allow null or <= 0
STORM-827,33d7747e0f0df86f5d1c932f8e3e82279de9a23d,2015-05-19T15:42:34-05:00,NON_MERGE,1,false,true,1,external/storm-hdfs/src/main/java/org/apache/storm/hdfs/common/security/HdfsSecurityUtil.java,STORM-827: Allow AutoTGT to work with storm-hdfs too.
STORM-827,cdce04ff9e7400e715b33029837c685a56e07819,2015-05-19T15:42:34-05:00,NON_MERGE,1,false,true,1,external/storm-hdfs/src/main/java/org/apache/storm/hdfs/common/security/HdfsSecurityUtil.java,STORM-827: Allow AutoTGT to work with storm-hdfs too.
STORM-839,b1411aa63383801913cb1340a8b51c5bb46db0ba,2015-07-01T13:54:33+01:00,NON_MERGE,1,false,true,7,storm-core/src/jvm/backtype/storm/messaging/netty/Client.java | storm-core/src/jvm/backtype/storm/messaging/netty/Context.java | storm-core/src/jvm/backtype/storm/messaging/netty/MessageBatch.java | storm-core/src/jvm/backtype/storm/messaging/netty/MessageBuffer.java | storm-core/src/jvm/backtype/storm/messaging/netty/SaslStormClientHandler.java | storm-core/src/jvm/backtype/storm/messaging/netty/StormClientHandler.java | storm-core/src/jvm/backtype/storm/messaging/netty/StormClientPipelineFactory.java,This fixes STORM-763 and STORM-839
STORM-839,286bacdf49937d1e8576eff27dfc887824ffdbbb,2015-07-02T19:01:01+01:00,NON_MERGE,1,false,true,7,storm-core/src/jvm/backtype/storm/messaging/netty/Client.java | storm-core/src/jvm/backtype/storm/messaging/netty/Context.java | storm-core/src/jvm/backtype/storm/messaging/netty/MessageBatch.java | storm-core/src/jvm/backtype/storm/messaging/netty/MessageBuffer.java | storm-core/src/jvm/backtype/storm/messaging/netty/SaslStormClientHandler.java | storm-core/src/jvm/backtype/storm/messaging/netty/StormClientHandler.java | storm-core/src/jvm/backtype/storm/messaging/netty/StormClientPipelineFactory.java,This fixes STORM-763 and STORM-839
STORM-852,f35871cf481d273b9de979a2034aa96458334b32,2015-06-05T11:39:26-04:00,NON_MERGE,1,false,true,2,storm-core/src/jvm/backtype/storm/security/serialization/BlowfishTupleSerializer.java | storm-core/src/jvm/backtype/storm/utils/ShellProcess.java,STORM-852 - Replaced Apache Log4j Logger with SLF4J API.
STORM-873,5ed03b83589f2cac28efb0a58ec3934296e2d776,2015-06-17T23:59:58-04:00,NON_MERGE,1,false,true,1,external/flux/flux-core/src/main/java/org/apache/storm/flux/FluxBuilder.java,STORM-873: Flux does not handle diamond topologies
STORM-873,f95196031144bac23453ccce813667e8ec652a63,2015-06-17T23:59:58-04:00,NON_MERGE,1,false,true,1,external/flux/flux-core/src/main/java/org/apache/storm/flux/FluxBuilder.java,STORM-873: Flux does not handle diamond topologies
STORM-933,1ab2505e085ed672edb19db3117d9c0f6e6627b7,2015-07-31T10:36:42+08:00,NON_MERGE,1,false,true,1,external/storm-kafka/src/jvm/storm/kafka/ZkCoordinator.java,STORM-933:NullPointerException during KafkaSpout deactivation
STORM-933,2a1a417f922cbce6239b5c85eb75363b92b9a2d0,2015-07-31T10:36:42+08:00,NON_MERGE,1,false,true,1,external/storm-kafka/src/jvm/storm/kafka/ZkCoordinator.java,STORM-933:NullPointerException during KafkaSpout deactivation
STORM-933,d222c312ad393272fb6a59c3bd56b60536e66fec,2015-07-31T10:36:42+08:00,NON_MERGE,1,false,true,1,external/storm-kafka/src/jvm/storm/kafka/ZkCoordinator.java,STORM-933:NullPointerException during KafkaSpout deactivation
STORM-951,acb36df704d292b514d5c8e8437dc2d1c84a93d8,2015-07-21T15:42:22-07:00,NON_MERGE,1,false,true,2,external/storm-hive/src/main/java/org/apache/storm/hive/bolt/HiveBolt.java | external/storm-hive/src/main/java/org/apache/storm/hive/common/HiveWriter.java,STORM-951. Storm Hive connector leaking connections.
STORM-965,f29de472a21a9f5936cb13d26cc5a36669c48164,2015-08-13T15:42:24-07:00,NON_MERGE,1,false,true,3,storm-core/src/jvm/backtype/storm/security/auth/SaslTransportPlugin.java | storm-core/src/jvm/backtype/storm/security/auth/kerberos/KerberosSaslTransportPlugin.java | storm-core/src/jvm/backtype/storm/security/auth/kerberos/NoOpTTrasport.java,STORM-965: Fix excessive logging
STORM-976,60e6ed73ebf54811f98ea2cd393d784804bf0b96,2015-08-13T17:09:15-07:00,NON_MERGE,1,false,true,1,storm-core/src/jvm/backtype/storm/Config.java,STORM-976.
STORM-976,7ca9b1eb04d506770b5f9690301c5c91a5a5a7ae,2015-08-14T11:08:20-07:00,NON_MERGE,1,false,true,1,storm-core/src/jvm/backtype/storm/Config.java,STORM-976.
STORM-976,e7088c7348e954938ddc3c1187de5e30ba495a5d,2015-08-14T11:10:05-07:00,NON_MERGE,1,false,true,1,storm-core/src/jvm/backtype/storm/Config.java,STORM-976.
STORM-988,26ea627fb39fb84f31de773e650318a81eba8bd4,2015-08-13T10:41:23+08:00,NON_MERGE,1,false,true,2,storm-core/src/jvm/backtype/storm/Config.java | storm-core/src/jvm/backtype/storm/ConfigValidation.java,STORM-988: supervisor.slots.ports should not allow duplicate element values
STORM-994,94b6eab75e9fd02f423afc4ca70634fe72d34b65,2015-08-25T14:57:59+02:00,NON_MERGE,1,false,true,1,storm-core/src/jvm/backtype/storm/utils/Utils.java,STORM-994 Close download clients and channels to avoid resource leaks
STORM-994,f2e3ea0eb411547802cc87a95a9b4a8f56cd9d10,2015-08-25T14:57:59+02:00,NON_MERGE,1,false,true,1,storm-core/src/jvm/backtype/storm/utils/Utils.java,STORM-994 Close download clients and channels to avoid resource leaks
STORM-1011,5a1abd3bc6b1b7d6ba7532ad7b0758f143cefde3,2015-08-26T16:34:49-07:00,NON_MERGE,1,false,true,1,external/storm-hbase/src/main/java/org/apache/storm/hbase/common/Utils.java,STORM-1011: Hbase default mapper should handle null values.
STORM-1017,a89b7ff4b7c96f7998e3a0c673937f9ddefd59c9,2015-09-14T23:27:01-07:00,NON_MERGE,1,false,true,1,external/storm-kafka/src/jvm/storm/kafka/KafkaSpout.java,STORM-1017: Ignore ignoreZkOffsets in case of worker crash and restart.
STORM-1017,56cfdbf8d9b3b6044d7aa05dfb6b501c24b2f277,2015-09-22T09:14:26-07:00,NON_MERGE,1,false,true,2,external/storm-kafka/src/jvm/storm/kafka/trident/OpaqueTridentKafkaSpout.java | external/storm-kafka/src/jvm/storm/kafka/trident/TransactionalTridentKafkaSpout.java,STORM-1017: Ignore ignoreZkOffsets for trident.
STORM-1030,a276616bedbbee28ca318059853ae0e94d06408b,2015-11-09T16:40:34-08:00,NON_MERGE,1,false,true,7,external/storm-hive/src/main/java/org/apache/storm/hive/bolt/HiveBolt.java | external/storm-hive/src/main/java/org/apache/storm/hive/common/HiveOptions.java | external/storm-hive/src/main/java/org/apache/storm/hive/common/HiveUtils.java | external/storm-hive/src/main/java/org/apache/storm/hive/common/HiveWriter.java | external/storm-hive/src/main/java/org/apache/storm/hive/trident/HiveState.java | external/storm-hive/src/main/java/org/apache/storm/hive/trident/HiveStateFactory.java | external/storm-hive/src/main/java/org/apache/storm/hive/trident/HiveUpdater.java,STORM-1030. Hive Connector Fixes.
STORM-1030,e5f0e91fcf7d377817982efd80f6e03d73dc371b,2015-11-09T16:40:34-08:00,NON_MERGE,1,false,true,7,external/storm-hive/src/main/java/org/apache/storm/hive/bolt/HiveBolt.java | external/storm-hive/src/main/java/org/apache/storm/hive/common/HiveOptions.java | external/storm-hive/src/main/java/org/apache/storm/hive/common/HiveUtils.java | external/storm-hive/src/main/java/org/apache/storm/hive/common/HiveWriter.java | external/storm-hive/src/main/java/org/apache/storm/hive/trident/HiveState.java | external/storm-hive/src/main/java/org/apache/storm/hive/trident/HiveStateFactory.java | external/storm-hive/src/main/java/org/apache/storm/hive/trident/HiveUpdater.java,STORM-1030. Hive Connector Fixes.
STORM-1044,8ed57abb5a13cf59a66fb7eb3339b27ec2fe3e60,2015-09-15T13:56:56+02:00,NON_MERGE,1,false,true,1,storm-core/src/jvm/backtype/storm/topology/TopologyBuilder.java,"[STORM-1044] Setting dop to zero does not raise an error  - added IllegalArgumentException to .setBolt(...), .setSpout(...), and .setStateSpout(...) in TopologyBuilder"
STORM-1044,9d16fec026068810c001f473bb01358edba80531,2015-09-15T13:56:56+02:00,NON_MERGE,1,false,true,1,storm-core/src/jvm/backtype/storm/topology/TopologyBuilder.java,"[STORM-1044] Setting dop to zero does not raise an error  - added IllegalArgumentException to .setBolt(...), .setSpout(...), and .setStateSpout(...) in TopologyBuilder"
STORM-1051,8b845392e920d753eb24fcffead0263416bc6227,2015-09-18T12:31:32-04:00,NON_MERGE,1,false,true,1,storm-core/src/jvm/backtype/storm/messaging/netty/Client.java,[STORM-1051] Fix for flushMessagse NPE
STORM-1051,aa8114f15963b80dabaf97466334296ca2b4c51d,2015-09-18T12:31:32-04:00,NON_MERGE,1,false,true,1,storm-core/src/jvm/backtype/storm/messaging/netty/Client.java,[STORM-1051] Fix for flushMessagse NPE
STORM-1051,d37c8d873620d2453657d6ec9539284ac6d993f2,2015-09-18T12:31:32-04:00,NON_MERGE,1,false,true,1,storm-core/src/jvm/backtype/storm/messaging/netty/Client.java,[STORM-1051] Fix for flushMessagse NPE
STORM-1054,c567c52399cc3579239a75c4853d0ad17b6640ff,2015-09-19T09:41:33-07:00,NON_MERGE,1,false,true,1,storm-core/src/jvm/backtype/storm/security/auth/ShellBasedGroupsMapping.java,STORM-1054. Excessive logging ShellBasedGroupsMapping if the user doesn't have any groups.
STORM-1054,38a2628154b4ea7ff2a6f04c94b9be8835bf5b19,2015-09-21T11:53:29-07:00,NON_MERGE,1,false,true,1,storm-core/src/jvm/backtype/storm/security/auth/ShellBasedGroupsMapping.java,STORM-1054. Excessive logging ShellBasedGroupsMapping if the user doesn't have any groups.
STORM-1073,f2857eb381961dd57819d741788d47d07412c74d,2015-10-20T15:19:22-05:00,NON_MERGE,1,false,true,3,external/storm-hdfs/src/main/java/org/apache/storm/hdfs/bolt/AbstractHdfsBolt.java | external/storm-hdfs/src/main/java/org/apache/storm/hdfs/bolt/HdfsBolt.java | external/storm-hdfs/src/main/java/org/apache/storm/hdfs/bolt/SequenceFileBolt.java,STORM-1073: Refactor AbstractHdfsBolt
STORM-1087,85a3b3eb63f3285043d57762caf0ec5629c2d3c8,2015-10-05T11:48:11-05:00,NON_MERGE,1,false,true,1,storm-core/src/jvm/backtype/storm/utils/DisruptorQueue.java,STORM-1087: Avoid issues with transfer-queue backpressure.
STORM-1094,1f2c4f72b4dcd565a28e96828d6752a12d018e52,2015-10-09T15:49:36+09:00,NON_MERGE,1,false,true,1,external/storm-kafka/src/jvm/storm/kafka/PartitionManager.java,Backport STORM-1094(#758) to 0.10.x-branch
STORM-1096,0476b92dd82e726adab200d5a77944a5f4f3883c,2015-10-07T21:03:38Z,NON_MERGE,1,false,true,2,storm-core/src/jvm/backtype/storm/security/auth/ReqContext.java | storm-core/src/jvm/backtype/storm/security/auth/kerberos/ServerCallbackHandler.java,STORM-1096: Fix some issues with impersonation on the UI
STORM-1096,b4806113a7b06a93ea737f681e966701397e539c,2015-10-07T21:03:38Z,NON_MERGE,1,false,true,2,storm-core/src/jvm/backtype/storm/security/auth/ReqContext.java | storm-core/src/jvm/backtype/storm/security/auth/kerberos/ServerCallbackHandler.java,STORM-1096: Fix some issues with impersonation on the UI
STORM-1111,80df44ba5fcfa63dc52bb919c8b0366350e35e58,2015-10-19T11:31:59-05:00,NON_MERGE,1,false,true,3,storm-core/src/jvm/backtype/storm/Config.java | storm-core/src/jvm/backtype/storm/validation/ConfigValidation.java | storm-core/src/jvm/backtype/storm/validation/ConfigValidationAnnotations.java,[STORM-1111] - Fix Validation for lots of different configs
STORM-1114,41fdd98fffff52c346e5358ac8e704fc5b49ea66,2017-04-12T14:28:35-04:00,NON_MERGE,1,false,true,2,storm-client/src/jvm/org/apache/storm/transactional/state/TransactionalState.java | storm-client/src/jvm/org/apache/storm/trident/topology/state/TransactionalState.java,STORM-1114: Handle race condition in Storm/Trident transactional state when ZK nodes have already been created/deleted
STORM-1114,9cf791b876918bc9eb99757e180d7dfeca55ed87,2017-04-13T15:08:16-04:00,NON_MERGE,1,false,true,2,storm-core/src/jvm/org/apache/storm/transactional/state/TransactionalState.java | storm-core/src/jvm/org/apache/storm/trident/topology/state/TransactionalState.java,STORM-1114: Handle race condition in Storm/Trident transactional state when ZK nodes have already been created/deleted
STORM-1114,d887036220dfbf9af3ca30e3bcc04ccc57170139,2017-04-13T15:08:16-04:00,NON_MERGE,1,false,true,2,storm-core/src/jvm/org/apache/storm/transactional/state/TransactionalState.java | storm-core/src/jvm/org/apache/storm/trident/topology/state/TransactionalState.java,STORM-1114: Handle race condition in Storm/Trident transactional state when ZK nodes have already been created/deleted
STORM-1114,adb14ccbeb6f446eff9b4d71323ab8451b4b45d5,2017-04-13T15:31:08-04:00,NON_MERGE,1,false,true,2,storm-core/src/jvm/org/apache/storm/transactional/state/TransactionalState.java | storm-core/src/jvm/org/apache/storm/trident/topology/state/TransactionalState.java,STORM-1114: Handle race condition in Storm/Trident transactional state when ZK nodes have already been created/deleted
STORM-1121,7fdb6caea606ba6f528d47145a22bf79ac43fa86,2015-11-06T14:58:54-06:00,FIRST_PARENT_MERGE,2,true,true,1,storm-core/src/jvm/backtype/storm/Config.java,Merge branch 'STORM-1121-decomm' of https://github.com/kishorvpatil/incubator-storm into STORM-1121
STORM-1147,c367fdbd88bf7c8a5b20dc37299bc357b33fd437,2015-10-29T14:29:17-07:00,NON_MERGE,1,false,true,5,external/storm-jdbc/src/main/java/org/apache/storm/jdbc/bolt/AbstractJdbcBolt.java | external/storm-jdbc/src/main/java/org/apache/storm/jdbc/bolt/JdbcInsertBolt.java | external/storm-jdbc/src/main/java/org/apache/storm/jdbc/bolt/JdbcLookupBolt.java | external/storm-jdbc/src/main/java/org/apache/storm/jdbc/mapper/SimpleJdbcLookupMapper.java | external/storm-jdbc/src/main/java/org/apache/storm/jdbc/mapper/SimpleJdbcMapper.java,STORM-1147: Added validation checks and tests.
STORM-1161,0892f09358e158e9035480a0dfdcb486764e790d,2015-11-05T16:03:31-06:00,NON_MERGE,1,false,true,12,external/storm-hdfs/src/main/java/org/apache/storm/hdfs/bolt/AvroGenericRecordBolt.java | external/storm-hdfs/src/main/java/org/apache/storm/hdfs/ha/codedistributor/HDFSCodeDistributor.java | storm-core/src/jvm/backtype/storm/codedistributor/ICodeDistributor.java | storm-core/src/jvm/backtype/storm/codedistributor/LocalFileSystemCodeDistributor.java | storm-core/src/jvm/backtype/storm/metric/EventLoggerBolt.java | storm-core/src/jvm/backtype/storm/metric/FileBasedEventLogger.java | storm-core/src/jvm/backtype/storm/metric/IEventLogger.java | storm-core/src/jvm/backtype/storm/networktopography/DefaultRackDNSToSwitchMapping.java | storm-core/src/jvm/backtype/storm/nimbus/ILeaderElector.java | storm-core/src/jvm/backtype/storm/nimbus/NimbusInfo.java | storm-core/src/jvm/backtype/storm/security/auth/kerberos/NoOpTTrasport.java | storm-core/src/jvm/backtype/storm/testing/AlternateRackDNSToSwitchMapping.java,STORM-1161: Add License headers and add rat checks to builds
STORM-1179,8f1b4fba81f791b1f0ce4025a0a77b8eb5848ca1,2015-12-09T16:43:14-08:00,NON_MERGE,1,false,true,1,storm-core/src/jvm/backtype/storm/testing/IntegrationTest.java,STORM-1179: Create Maven Profiles for Integration Tests - Added support for the following profiles   - integration-tests-only   - all-tests
STORM-1180,5c3ed16c91687cf7567344fc32a72085413042ce,2015-11-06T13:10:20-06:00,NON_MERGE,1,false,true,1,external/flux/flux-core/src/main/java/org/apache/storm/flux/Flux.java,Merge branch 'utf8splash' of https://github.com/ashnazg/storm into STORM-1180
STORM-1190,e9f1e01a6d397912d1401274db773e80b2c53627,2015-11-09T14:43:43-06:00,NON_MERGE,1,false,true,1,storm-core/src/jvm/backtype/storm/utils/DisruptorQueue.java,STORM-1190: System Load too high after recent changes
STORM-1217,5a71ea07c71dd15854a30f5ecb555b19f0a4e59b,2015-11-24T16:50:15-06:00,FIRST_PARENT_MERGE,2,true,true,2,storm-core/src/jvm/backtype/storm/scheduler/resource/ResourceAwareScheduler.java | storm-core/src/jvm/backtype/storm/scheduler/resource/strategies/ResourceAwareStrategy.java,Merge branch 'STORM-1217-merge'
STORM-1218,e0f33e783bcccc061fca38e1ae14c9835959d9be,2015-12-01T17:00:37-08:00,FIRST_PARENT_MERGE,2,true,true,35,storm-core/src/jvm/backtype/storm/Config.java | storm-core/src/jvm/backtype/storm/StormSubmitter.java | storm-core/src/jvm/backtype/storm/metric/HttpForwardingMetricsConsumer.java | storm-core/src/jvm/backtype/storm/metric/LoggingMetricsConsumer.java | storm-core/src/jvm/backtype/storm/multilang/BoltMsg.java | storm-core/src/jvm/backtype/storm/multilang/ShellMsg.java | storm-core/src/jvm/backtype/storm/multilang/SpoutMsg.java | storm-core/src/jvm/backtype/storm/networktopography/AbstractDNSToSwitchMapping.java | storm-core/src/jvm/backtype/storm/networktopography/DNSToSwitchMapping.java | storm-core/src/jvm/backtype/storm/scheduler/INimbus.java | storm-core/src/jvm/backtype/storm/scheduler/IScheduler.java | storm-core/src/jvm/backtype/storm/security/auth/IAuthorizer.java | storm-core/src/jvm/backtype/storm/security/auth/ReqContext.java | storm-core/src/jvm/backtype/storm/security/auth/authorizer/SimpleWhitelistAuthorizer.java | storm-core/src/jvm/backtype/storm/security/serialization/BlowfishTupleSerializer.java | storm-core/src/jvm/backtype/storm/spout/ISpout.java | storm-core/src/jvm/backtype/storm/spout/ISpoutWaitStrategy.java | storm-core/src/jvm/backtype/storm/spout/SpoutOutputCollector.java | storm-core/src/jvm/backtype/storm/task/IBolt.java | storm-core/src/jvm/backtype/storm/task/OutputCollector.java | storm-core/src/jvm/backtype/storm/task/ShellBolt.java | storm-core/src/jvm/backtype/storm/task/TopologyContext.java | storm-core/src/jvm/backtype/storm/testing/CompleteTopologyParam.java | storm-core/src/jvm/backtype/storm/testing/ForwardingMetricsConsumer.java | storm-core/src/jvm/backtype/storm/testing/MkClusterParam.java | storm-core/src/jvm/backtype/storm/testing/MockedSources.java | storm-core/src/jvm/backtype/storm/testing/TestJob.java | storm-core/src/jvm/backtype/storm/topology/TopologyBuilder.java | storm-core/src/jvm/backtype/storm/topology/base/BaseRichSpout.java | storm-core/src/jvm/backtype/storm/tuple/ITuple.java | storm-core/src/jvm/backtype/storm/utils/StormBoundedExponentialBackoffRetry.java | storm-core/src/jvm/backtype/storm/validation/ConfigValidation.java | storm-core/src/jvm/backtype/storm/validation/ConfigValidationAnnotations.java | storm-core/src/jvm/storm/trident/operation/Filter.java | storm-core/src/jvm/storm/trident/state/map/CachedMap.java,Merge branch 'markdown-javadoc' of https://github.com/ptgoetz/incubator-storm into STORM-1218
STORM-1219,e36bc47acd43ebd567630c253d5f8f422fd21863,2015-11-19T12:47:33+05:30,NON_MERGE,1,false,true,3,external/storm-hdfs/src/main/java/org/apache/storm/hdfs/bolt/AbstractHdfsBolt.java | external/storm-hive/src/main/java/org/apache/storm/hive/bolt/HiveBolt.java | external/storm-hive/src/main/java/org/apache/storm/hive/common/HiveOptions.java,STORM-1219: Fix HDFS and Hive bolt flush/acking
STORM-1220,35f1da7890b597c9634904c0589f6ac64584e539,2015-11-19T13:32:20-08:00,NON_MERGE,1,false,true,14,external/storm-kafka/src/jvm/storm/kafka/KafkaUtils.java | external/storm-kafka/src/jvm/storm/kafka/KeyValueScheme.java | external/storm-kafka/src/jvm/storm/kafka/KeyValueSchemeAsMultiScheme.java | external/storm-kafka/src/jvm/storm/kafka/MessageMetadataScheme.java | external/storm-kafka/src/jvm/storm/kafka/MessageMetadataSchemeAsMultiScheme.java | external/storm-kafka/src/jvm/storm/kafka/StringKeyValueScheme.java | external/storm-kafka/src/jvm/storm/kafka/StringMessageAndMetadataScheme.java | external/storm-kafka/src/jvm/storm/kafka/StringMultiSchemeWithTopic.java | external/storm-kafka/src/jvm/storm/kafka/StringScheme.java | storm-core/src/jvm/backtype/storm/spout/MultiScheme.java | storm-core/src/jvm/backtype/storm/spout/RawMultiScheme.java | storm-core/src/jvm/backtype/storm/spout/RawScheme.java | storm-core/src/jvm/backtype/storm/spout/Scheme.java | storm-core/src/jvm/backtype/storm/spout/SchemeAsMultiScheme.java,STORM-1220. Avoid double copying in the Kafka spout.
STORM-1220,1eca8a3398679dce7675e72d91527ac05335bd54,2016-01-07T15:26+05:30,NON_MERGE,1,false,false,1,storm-core/src/jvm/backtype/storm/spout/RawMultiScheme.java,[STORM-1499] Fix Kafka spout to maintain backward compatibility
STORM-1221,20374cef0b48c71cdbab687e2463528dba0055cb,2015-11-19T14:28:55-08:00,NON_MERGE,1,false,true,6,storm-core/src/jvm/storm/trident/TridentTopology.java | storm-core/src/jvm/storm/trident/spout/IBatchSpout.java | storm-core/src/jvm/storm/trident/spout/IOpaquePartitionedTridentSpout.java | storm-core/src/jvm/storm/trident/spout/IPartitionedTridentSpout.java | storm-core/src/jvm/storm/trident/spout/ITridentDataSource.java | storm-core/src/jvm/storm/trident/spout/ITridentSpout.java,STORM-1221. Create a common interface for all Trident spout.
STORM-1348,c2997cf9f116297812505451269568484196b4c0,2015-12-06T22:23:29+01:00,NON_MERGE,1,false,true,20,external/storm-cassandra/src/main/java/org/apache/storm/cassandra/DynamicStatementBuilder.java | external/storm-cassandra/src/main/java/org/apache/storm/cassandra/query/BaseCQLStatementTupleMapper.java | external/storm-cassandra/src/main/java/org/apache/storm/cassandra/query/CQLClauseTupleMapper.java | external/storm-cassandra/src/main/java/org/apache/storm/cassandra/query/CQLStatementBuilder.java | external/storm-cassandra/src/main/java/org/apache/storm/cassandra/query/CQLStatementTupleMapper.java | external/storm-cassandra/src/main/java/org/apache/storm/cassandra/query/CQLTableTupleMapper.java | external/storm-cassandra/src/main/java/org/apache/storm/cassandra/query/CQLValuesTupleMapper.java | external/storm-cassandra/src/main/java/org/apache/storm/cassandra/query/Column.java | external/storm-cassandra/src/main/java/org/apache/storm/cassandra/query/CqlMapper.java | external/storm-cassandra/src/main/java/org/apache/storm/cassandra/query/builder/BoundCQLStatementMapperBuilder.java | external/storm-cassandra/src/main/java/org/apache/storm/cassandra/query/builder/SimpleCQLStatementMapperBuilder.java | external/storm-cassandra/src/main/java/org/apache/storm/cassandra/query/impl/BatchCQLStatementTupleMapper.java | external/storm-cassandra/src/main/java/org/apache/storm/cassandra/query/impl/BoundCQLStatementTupleMapper.java | external/storm-cassandra/src/main/java/org/apache/storm/cassandra/query/impl/BoundStatementMapperBuilder.java | external/storm-cassandra/src/main/java/org/apache/storm/cassandra/query/impl/InsertStatementBuilder.java | external/storm-cassandra/src/main/java/org/apache/storm/cassandra/query/impl/PreparedStatementBinder.java | external/storm-cassandra/src/main/java/org/apache/storm/cassandra/query/impl/RoutingKeyGenerator.java | external/storm-cassandra/src/main/java/org/apache/storm/cassandra/query/impl/SimpleCQLStatementMapper.java | external/storm-cassandra/src/main/java/org/apache/storm/cassandra/query/impl/UpdateStatementBuilder.java | external/storm-cassandra/src/main/java/org/apache/storm/cassandra/query/selector/FieldSelector.java,STORM-1348 - refactor API to remove Insert/Update builder in Cassandra connector
STORM-1348,054a7f38685d88f491666ae658591ab377179d6e,2015-12-08T17:44:33+01:00,NON_MERGE,1,false,true,7,external/storm-cassandra/src/main/java/org/apache/storm/cassandra/DynamicStatementBuilder.java | external/storm-cassandra/src/main/java/org/apache/storm/cassandra/Murmur3StreamGrouping.java | external/storm-cassandra/src/main/java/org/apache/storm/cassandra/query/CQLStatementTupleMapper.java | external/storm-cassandra/src/main/java/org/apache/storm/cassandra/query/builder/BoundCQLStatementMapperBuilder.java | external/storm-cassandra/src/main/java/org/apache/storm/cassandra/query/builder/SimpleCQLStatementMapperBuilder.java | external/storm-cassandra/src/main/java/org/apache/storm/cassandra/query/impl/PreparedStatementBinder.java | external/storm-cassandra/src/main/java/org/apache/storm/cassandra/query/selector/FieldSelector.java,STORM-1348 - clean imports
STORM-1361,9b1e176feddf7cc80460a6bf25fdf9e9c6b5f48f,2015-12-02T09:51:23-06:00,FIRST_PARENT_MERGE,2,true,true,1,external/storm-cassandra/src/main/java/org/apache/storm/cassandra/query/ContextQuery.java,Merge branch 'cassandraLicense' of https://github.com/ashnazg/storm into STORM-1361
STORM-1363,187d08bf45bf424f3963a604d72e076b00d594c7,2017-02-14T15:54:23+05:30,NON_MERGE,1,false,true,1,external/storm-kafka-client/src/main/java/org/apache/storm/kafka/trident/TridentKafkaState.java,STORM-1363: TridentKafkaState should handle null values from TridentTupleToKafkaMapper.getMessageFromTuple()
STORM-1363,913d0c15d364195760239a93e4efeb1c2550f975,2017-02-14T15:54:23+05:30,NON_MERGE,1,false,true,1,external/storm-kafka-client/src/main/java/org/apache/storm/kafka/trident/TridentKafkaState.java,STORM-1363: TridentKafkaState should handle null values from TridentTupleToKafkaMapper.getMessageFromTuple()
STORM-1370,82f9d969446898bc6bdbdb03f2b927a55174f97c,2015-12-04T10:23:10-06:00,NON_MERGE,1,false,true,2,storm-core/src/jvm/backtype/storm/scheduler/multitenant/IsolatedPool.java | storm-core/src/jvm/backtype/storm/scheduler/multitenant/Node.java,[STORM-1370] - Bug fixes for MultitenantScheduler
STORM-1378,a3f343a6a14638dfd4a26923b36c4ff6a2361b96,2015-12-10T11:18:04-06:00,FIRST_PARENT_MERGE,2,true,true,1,storm-core/src/jvm/backtype/storm/blobstore/BlobStore.java,Merge branch 'fileSep' of https://github.com/ashnazg/storm into STORM-1378
STORM-1396,1e2a583ff805935396f50c79e122b7688cc6e156,2016-01-06T14:57:48-06:00,FIRST_PARENT_MERGE,2,true,true,1,storm-core/src/jvm/backtype/storm/blobstore/BlobStore.java,Merge branch 'blob-back-compatibility' of https://github.com/redsanket/storm into STORM-1396
STORM-1398,04218ae1fcebeaf5ff071358aae6432b82fd169b,2015-12-17T08:50:36-06:00,NON_MERGE,1,false,true,1,storm-core/src/jvm/backtype/storm/scheduler/TopologyDetails.java,STORM-1398: Add back in TopologyDetails.getTopology
STORM-1399,e2debccaca82f68602a9cfddddc7c9db6177e49d,2015-12-21T14:18:37-05:00,FIRST_PARENT_MERGE,2,true,true,47,storm-core/src/jvm/backtype/storm/Config.java | storm-core/src/jvm/backtype/storm/ISubmitterHook.java | storm-core/src/jvm/backtype/storm/StormSubmitter.java | storm-core/src/jvm/backtype/storm/blobstore/BlobSynchronizer.java | storm-core/src/jvm/backtype/storm/blobstore/KeySequenceNumber.java | storm-core/src/jvm/backtype/storm/blobstore/LocalFsBlobStore.java | storm-core/src/jvm/backtype/storm/messaging/netty/Context.java | storm-core/src/jvm/backtype/storm/scheduler/Cluster.java | storm-core/src/jvm/backtype/storm/scheduler/SupervisorDetails.java | storm-core/src/jvm/backtype/storm/scheduler/Topologies.java | storm-core/src/jvm/backtype/storm/scheduler/TopologyDetails.java | storm-core/src/jvm/backtype/storm/scheduler/resource/RAS_Node.java | storm-core/src/jvm/backtype/storm/scheduler/resource/RAS_Nodes.java | storm-core/src/jvm/backtype/storm/scheduler/resource/ResourceAwareScheduler.java | storm-core/src/jvm/backtype/storm/scheduler/resource/ResourceUtils.java | storm-core/src/jvm/backtype/storm/scheduler/resource/SchedulingResult.java | storm-core/src/jvm/backtype/storm/scheduler/resource/SchedulingStatus.java | storm-core/src/jvm/backtype/storm/scheduler/resource/User.java | storm-core/src/jvm/backtype/storm/scheduler/resource/strategies/eviction/DefaultEvictionStrategy.java | storm-core/src/jvm/backtype/storm/scheduler/resource/strategies/eviction/IEvictionStrategy.java | storm-core/src/jvm/backtype/storm/scheduler/resource/strategies/priority/DefaultSchedulingPriorityStrategy.java | storm-core/src/jvm/backtype/storm/scheduler/resource/strategies/priority/ISchedulingPriorityStrategy.java | storm-core/src/jvm/backtype/storm/scheduler/resource/strategies/scheduling/DefaultResourceAwareStrategy.java | storm-core/src/jvm/backtype/storm/scheduler/resource/strategies/scheduling/IStrategy.java | storm-core/src/jvm/backtype/storm/topology/WindowedBoltExecutor.java | storm-core/src/jvm/backtype/storm/topology/base/BaseWindowedBolt.java | storm-core/src/jvm/backtype/storm/utils/NimbusClient.java | storm-core/src/jvm/backtype/storm/utils/NimbusLeaderNotFoundException.java | storm-core/src/jvm/backtype/storm/utils/Utils.java | storm-core/src/jvm/backtype/storm/validation/ConfigValidation.java | storm-core/src/jvm/backtype/storm/validation/ConfigValidationAnnotations.java | storm-core/src/jvm/backtype/storm/windowing/CountEvictionPolicy.java | storm-core/src/jvm/backtype/storm/windowing/CountTriggerPolicy.java | storm-core/src/jvm/backtype/storm/windowing/Event.java | storm-core/src/jvm/backtype/storm/windowing/EventImpl.java | storm-core/src/jvm/backtype/storm/windowing/EvictionPolicy.java | storm-core/src/jvm/backtype/storm/windowing/TimeEvictionPolicy.java | storm-core/src/jvm/backtype/storm/windowing/TimeTriggerPolicy.java | storm-core/src/jvm/backtype/storm/windowing/TriggerHandler.java | storm-core/src/jvm/backtype/storm/windowing/WaterMarkEvent.java | storm-core/src/jvm/backtype/storm/windowing/WaterMarkEventGenerator.java | storm-core/src/jvm/backtype/storm/windowing/WatermarkCountEvictionPolicy.java | storm-core/src/jvm/backtype/storm/windowing/WatermarkCountTriggerPolicy.java | storm-core/src/jvm/backtype/storm/windowing/WatermarkTimeEvictionPolicy.java | storm-core/src/jvm/backtype/storm/windowing/WatermarkTimeTriggerPolicy.java | storm-core/src/jvm/backtype/storm/windowing/WindowManager.java | storm-core/src/jvm/storm/trident/planner/processor/StateQueryProcessor.java,Merge branch 'master' into STORM-1399
STORM-1409,e5de2558adf34e3006532f94b38de9310d380675,2015-12-28T08:27:21-06:00,FIRST_PARENT_MERGE,2,true,true,1,storm-core/src/jvm/backtype/storm/messaging/netty/StormClientErrorHandler.java,Merge branch 'storm-1409-merge'
STORM-1411,d5f15aece7ae2cd281534fc504badf6a52a6eda7,2015-12-24T23:13:15+05:30,FIRST_PARENT_MERGE,2,true,true,3,storm-core/src/jvm/backtype/storm/windowing/EventImpl.java | storm-core/src/jvm/backtype/storm/windowing/TimeTriggerPolicy.java | storm-core/src/jvm/backtype/storm/windowing/WatermarkTimeTriggerPolicy.java,Merge branch 'patch-16' of https://github.com/vesense/storm into STORM-1411
STORM-1412,7b8c9f028c75b29bae8d5fe866a977636b703cd5,2016-01-04T15:56:33-06:00,FIRST_PARENT_MERGE,2,true,true,1,storm-core/src/jvm/backtype/storm/scheduler/resource/User.java,Merge branch 'patch-17' of https://github.com/vesense/storm into STORM-1412
STORM-1417,62b7166470611007d30a2bf285f823fe8377b023,2015-12-23T19:42:08+05:30,NON_MERGE,1,false,true,1,storm-core/src/jvm/storm/trident/topology/TridentBoltExecutor.java,STORM-1417: fixed equals/hashCode contract in CoordType
STORM-1418,55f11d46f204a277135f19eda57251ea87c22ccc,2016-01-11T12:53:29-06:00,FIRST_PARENT_MERGE,2,true,true,4,external/storm-hbase/src/main/java/org/apache/storm/hbase/bolt/HBaseBolt.java | external/storm-hive/src/main/java/org/apache/storm/hive/bolt/HiveBolt.java | external/storm-kafka/src/jvm/storm/kafka/PartitionManager.java | external/storm-kafka/src/jvm/storm/kafka/ZkState.java,Merge branch 'patch-22' of https://github.com/vesense/storm into STORM-1418
STORM-1419,023cebd062e002577e7a4ed38ef795060040f812,2016-01-13T13:51:08+08:00,FIRST_PARENT_MERGE,2,true,true,899,external/flux/flux-core/src/main/java/org/apache/storm/flux/Flux.java | external/flux/flux-core/src/main/java/org/apache/storm/flux/FluxBuilder.java | external/flux/flux-core/src/main/java/org/apache/storm/flux/api/TopologySource.java | external/flux/flux-core/src/main/java/org/apache/storm/flux/model/ExecutionContext.java | external/flux/flux-core/src/main/java/org/apache/storm/flux/model/ObjectDef.java | external/flux/flux-core/src/main/java/org/apache/storm/flux/model/TopologyDef.java | external/flux/flux-wrappers/src/main/java/org/apache/storm/flux/wrappers/bolts/FluxShellBolt.java | external/flux/flux-wrappers/src/main/java/org/apache/storm/flux/wrappers/bolts/LogInfoBolt.java | external/flux/flux-wrappers/src/main/java/org/apache/storm/flux/wrappers/spouts/FluxShellSpout.java | external/sql/storm-sql-core/src/jvm/org/apache/storm/sql/StormSql.java | external/sql/storm-sql-core/src/jvm/org/apache/storm/sql/StormSqlImpl.java | external/sql/storm-sql-core/src/jvm/org/apache/storm/sql/StormSqlRunner.java | external/sql/storm-sql-core/src/jvm/org/apache/storm/sql/compiler/backends/standalone/PlanCompiler.java | external/sql/storm-sql-core/src/jvm/org/apache/storm/sql/compiler/backends/trident/PlanCompiler.java | external/sql/storm-sql-core/src/jvm/org/apache/storm/sql/compiler/backends/trident/RelNodeCompiler.java | external/sql/storm-sql-kafka/src/jvm/org/apache/storm/sql/kafka/JsonScheme.java | external/sql/storm-sql-kafka/src/jvm/org/apache/storm/sql/kafka/KafkaDataSourcesProvider.java | external/sql/storm-sql-runtime/src/jvm/org/apache/storm/sql/runtime/AbstractChannelHandler.java | external/sql/storm-sql-runtime/src/jvm/org/apache/storm/sql/runtime/AbstractValuesProcessor.java | external/sql/storm-sql-runtime/src/jvm/org/apache/storm/sql/runtime/ChannelContext.java | external/sql/storm-sql-runtime/src/jvm/org/apache/storm/sql/runtime/ChannelHandler.java | external/sql/storm-sql-runtime/src/jvm/org/apache/storm/sql/runtime/Channels.java | external/sql/storm-sql-runtime/src/jvm/org/apache/storm/sql/runtime/ISqlTridentDataSource.java | external/sql/storm-sql-runtime/src/jvm/org/apache/storm/sql/runtime/trident/AbstractTridentProcessor.java | external/storm-cassandra/src/main/java/org/apache/storm/cassandra/AbstractExecutionResultHandler.java | external/storm-cassandra/src/main/java/org/apache/storm/cassandra/BaseExecutionResultHandler.java | external/storm-cassandra/src/main/java/org/apache/storm/cassandra/DynamicStatementBuilder.java | external/storm-cassandra/src/main/java/org/apache/storm/cassandra/ExecutionResultHandler.java | external/storm-cassandra/src/main/java/org/apache/storm/cassandra/Murmur3StreamGrouping.java | external/storm-cassandra/src/main/java/org/apache/storm/cassandra/bolt/BaseCassandraBolt.java | external/storm-cassandra/src/main/java/org/apache/storm/cassandra/bolt/BatchCassandraWriterBolt.java | external/storm-cassandra/src/main/java/org/apache/storm/cassandra/bolt/CassandraWriterBolt.java | external/storm-cassandra/src/main/java/org/apache/storm/cassandra/bolt/GroupingBatchBuilder.java | external/storm-cassandra/src/main/java/org/apache/storm/cassandra/bolt/PairBatchStatementTuples.java | external/storm-cassandra/src/main/java/org/apache/storm/cassandra/bolt/PairStatementTuple.java | external/storm-cassandra/src/main/java/org/apache/storm/cassandra/client/CassandraConf.java | external/storm-cassandra/src/main/java/org/apache/storm/cassandra/executor/AsyncResultHandler.java | external/storm-cassandra/src/main/java/org/apache/storm/cassandra/executor/ExecutionResultCollector.java | external/storm-cassandra/src/main/java/org/apache/storm/cassandra/executor/impl/BatchAsyncResultHandler.java | external/storm-cassandra/src/main/java/org/apache/storm/cassandra/executor/impl/SingleAsyncResultHandler.java | external/storm-cassandra/src/main/java/org/apache/storm/cassandra/query/BaseCQLStatementTupleMapper.java | external/storm-cassandra/src/main/java/org/apache/storm/cassandra/query/CQLResultSetValuesMapper.java | external/storm-cassandra/src/main/java/org/apache/storm/cassandra/query/CQLStatementBuilder.java | external/storm-cassandra/src/main/java/org/apache/storm/cassandra/query/CQLStatementTupleMapper.java | external/storm-cassandra/src/main/java/org/apache/storm/cassandra/query/CQLValuesTupleMapper.java | external/storm-cassandra/src/main/java/org/apache/storm/cassandra/query/Column.java | external/storm-cassandra/src/main/java/org/apache/storm/cassandra/query/ContextQuery.java | external/storm-cassandra/src/main/java/org/apache/storm/cassandra/query/CqlMapper.java | external/storm-cassandra/src/main/java/org/apache/storm/cassandra/query/builder/BoundCQLStatementMapperBuilder.java | external/storm-cassandra/src/main/java/org/apache/storm/cassandra/query/builder/SimpleCQLStatementMapperBuilder.java | external/storm-cassandra/src/main/java/org/apache/storm/cassandra/query/impl/BatchCQLStatementTupleMapper.java | external/storm-cassandra/src/main/java/org/apache/storm/cassandra/query/impl/BoundCQLStatementTupleMapper.java | external/storm-cassandra/src/main/java/org/apache/storm/cassandra/query/impl/BoundStatementMapperBuilder.java | external/storm-cassandra/src/main/java/org/apache/storm/cassandra/query/impl/InsertStatementBuilder.java | external/storm-cassandra/src/main/java/org/apache/storm/cassandra/query/impl/PreparedStatementBinder.java | external/storm-cassandra/src/main/java/org/apache/storm/cassandra/query/impl/RoutingKeyGenerator.java | external/storm-cassandra/src/main/java/org/apache/storm/cassandra/query/impl/SimpleCQLStatementMapper.java | external/storm-cassandra/src/main/java/org/apache/storm/cassandra/query/impl/UpdateStatementBuilder.java | external/storm-cassandra/src/main/java/org/apache/storm/cassandra/query/selector/FieldSelector.java | external/storm-cassandra/src/main/java/org/apache/storm/cassandra/trident/state/CassandraQuery.java | external/storm-cassandra/src/main/java/org/apache/storm/cassandra/trident/state/CassandraState.java | external/storm-cassandra/src/main/java/org/apache/storm/cassandra/trident/state/CassandraStateFactory.java | external/storm-cassandra/src/main/java/org/apache/storm/cassandra/trident/state/CassandraStateUpdater.java | external/storm-cassandra/src/main/java/org/apache/storm/cassandra/trident/state/TridentResultSetValuesMapper.java | external/storm-elasticsearch/src/main/java/org/apache/storm/elasticsearch/ElasticsearchGetRequest.java | external/storm-elasticsearch/src/main/java/org/apache/storm/elasticsearch/EsLookupResultOutput.java | external/storm-elasticsearch/src/main/java/org/apache/storm/elasticsearch/bolt/AbstractEsBolt.java | external/storm-elasticsearch/src/main/java/org/apache/storm/elasticsearch/bolt/EsIndexBolt.java | external/storm-elasticsearch/src/main/java/org/apache/storm/elasticsearch/bolt/EsLookupBolt.java | external/storm-elasticsearch/src/main/java/org/apache/storm/elasticsearch/bolt/EsPercolateBolt.java | external/storm-elasticsearch/src/main/java/org/apache/storm/elasticsearch/common/DefaultEsTupleMapper.java | external/storm-elasticsearch/src/main/java/org/apache/storm/elasticsearch/common/EsTupleMapper.java | external/storm-elasticsearch/src/main/java/org/apache/storm/elasticsearch/trident/EsState.java | external/storm-elasticsearch/src/main/java/org/apache/storm/elasticsearch/trident/EsStateFactory.java | external/storm-elasticsearch/src/main/java/org/apache/storm/elasticsearch/trident/EsUpdater.java | external/storm-eventhubs/src/main/java/org/apache/storm/eventhubs/bolt/DefaultEventDataFormat.java | external/storm-eventhubs/src/main/java/org/apache/storm/eventhubs/bolt/EventHubBolt.java | external/storm-eventhubs/src/main/java/org/apache/storm/eventhubs/bolt/IEventDataFormat.java | external/storm-eventhubs/src/main/java/org/apache/storm/eventhubs/samples/EventCount.java | external/storm-eventhubs/src/main/java/org/apache/storm/eventhubs/samples/EventHubLoop.java | external/storm-eventhubs/src/main/java/org/apache/storm/eventhubs/samples/OpaqueTridentEventCount.java | external/storm-eventhubs/src/main/java/org/apache/storm/eventhubs/samples/TransactionalTridentEventCount.java | external/storm-eventhubs/src/main/java/org/apache/storm/eventhubs/samples/bolt/GlobalCountBolt.java | external/storm-eventhubs/src/main/java/org/apache/storm/eventhubs/samples/bolt/PartialCountBolt.java | external/storm-eventhubs/src/main/java/org/apache/storm/eventhubs/spout/EventDataScheme.java | external/storm-eventhubs/src/main/java/org/apache/storm/eventhubs/spout/EventHubReceiverImpl.java | external/storm-eventhubs/src/main/java/org/apache/storm/eventhubs/spout/EventHubSpout.java | external/storm-eventhubs/src/main/java/org/apache/storm/eventhubs/spout/IEventDataScheme.java | external/storm-eventhubs/src/main/java/org/apache/storm/eventhubs/trident/Coordinator.java | external/storm-eventhubs/src/main/java/org/apache/storm/eventhubs/trident/OpaqueTridentEventHubEmitter.java | external/storm-eventhubs/src/main/java/org/apache/storm/eventhubs/trident/OpaqueTridentEventHubSpout.java | external/storm-eventhubs/src/main/java/org/apache/storm/eventhubs/trident/Partition.java | external/storm-eventhubs/src/main/java/org/apache/storm/eventhubs/trident/TransactionalTridentEventHubEmitter.java | external/storm-eventhubs/src/main/java/org/apache/storm/eventhubs/trident/TransactionalTridentEventHubSpout.java | external/storm-hbase/src/main/java/org/apache/storm/hbase/bolt/AbstractHBaseBolt.java | external/storm-hbase/src/main/java/org/apache/storm/hbase/bolt/HBaseBolt.java | external/storm-hbase/src/main/java/org/apache/storm/hbase/bolt/HBaseLookupBolt.java | external/storm-hbase/src/main/java/org/apache/storm/hbase/bolt/mapper/HBaseMapper.java | external/storm-hbase/src/main/java/org/apache/storm/hbase/bolt/mapper/HBaseValueMapper.java | external/storm-hbase/src/main/java/org/apache/storm/hbase/bolt/mapper/SimpleHBaseMapper.java | external/storm-hbase/src/main/java/org/apache/storm/hbase/security/AutoHBase.java | external/storm-hbase/src/main/java/org/apache/storm/hbase/security/HBaseSecurityUtil.java | external/storm-hbase/src/main/java/org/apache/storm/hbase/trident/mapper/SimpleTridentHBaseMapper.java | external/storm-hbase/src/main/java/org/apache/storm/hbase/trident/mapper/TridentHBaseMapper.java | external/storm-hbase/src/main/java/org/apache/storm/hbase/trident/state/HBaseMapState.java | external/storm-hbase/src/main/java/org/apache/storm/hbase/trident/state/HBaseQuery.java | external/storm-hbase/src/main/java/org/apache/storm/hbase/trident/state/HBaseState.java | external/storm-hbase/src/main/java/org/apache/storm/hbase/trident/state/HBaseStateFactory.java | external/storm-hbase/src/main/java/org/apache/storm/hbase/trident/state/HBaseUpdater.java | external/storm-hdfs/src/main/java/org/apache/storm/hdfs/blobstore/HdfsBlobStore.java | external/storm-hdfs/src/main/java/org/apache/storm/hdfs/blobstore/HdfsBlobStoreFile.java | external/storm-hdfs/src/main/java/org/apache/storm/hdfs/blobstore/HdfsBlobStoreImpl.java | external/storm-hdfs/src/main/java/org/apache/storm/hdfs/blobstore/HdfsClientBlobStore.java | external/storm-hdfs/src/main/java/org/apache/storm/hdfs/bolt/AbstractHdfsBolt.java | external/storm-hdfs/src/main/java/org/apache/storm/hdfs/bolt/AvroGenericRecordBolt.java | external/storm-hdfs/src/main/java/org/apache/storm/hdfs/bolt/HdfsBolt.java | external/storm-hdfs/src/main/java/org/apache/storm/hdfs/bolt/SequenceFileBolt.java | external/storm-hdfs/src/main/java/org/apache/storm/hdfs/bolt/format/DefaultFileNameFormat.java | external/storm-hdfs/src/main/java/org/apache/storm/hdfs/bolt/format/DefaultSequenceFormat.java | external/storm-hdfs/src/main/java/org/apache/storm/hdfs/bolt/format/DelimitedRecordFormat.java | external/storm-hdfs/src/main/java/org/apache/storm/hdfs/bolt/format/FileNameFormat.java | external/storm-hdfs/src/main/java/org/apache/storm/hdfs/bolt/format/RecordFormat.java | external/storm-hdfs/src/main/java/org/apache/storm/hdfs/bolt/format/SequenceFormat.java | external/storm-hdfs/src/main/java/org/apache/storm/hdfs/bolt/rotation/FileRotationPolicy.java | external/storm-hdfs/src/main/java/org/apache/storm/hdfs/bolt/rotation/FileSizeRotationPolicy.java | external/storm-hdfs/src/main/java/org/apache/storm/hdfs/bolt/rotation/NoRotationPolicy.java | external/storm-hdfs/src/main/java/org/apache/storm/hdfs/bolt/rotation/TimedRotationPolicy.java | external/storm-hdfs/src/main/java/org/apache/storm/hdfs/bolt/sync/CountSyncPolicy.java | external/storm-hdfs/src/main/java/org/apache/storm/hdfs/bolt/sync/SyncPolicy.java | external/storm-hdfs/src/main/java/org/apache/storm/hdfs/common/security/AutoHDFS.java | external/storm-hdfs/src/main/java/org/apache/storm/hdfs/common/security/HdfsSecurityUtil.java | external/storm-hdfs/src/main/java/org/apache/storm/hdfs/trident/HdfsState.java | external/storm-hdfs/src/main/java/org/apache/storm/hdfs/trident/HdfsStateFactory.java | external/storm-hdfs/src/main/java/org/apache/storm/hdfs/trident/HdfsUpdater.java | external/storm-hdfs/src/main/java/org/apache/storm/hdfs/trident/format/DefaultSequenceFormat.java | external/storm-hdfs/src/main/java/org/apache/storm/hdfs/trident/format/DelimitedRecordFormat.java | external/storm-hdfs/src/main/java/org/apache/storm/hdfs/trident/format/RecordFormat.java | external/storm-hdfs/src/main/java/org/apache/storm/hdfs/trident/format/SequenceFormat.java | external/storm-hdfs/src/main/java/org/apache/storm/hdfs/trident/rotation/FileRotationPolicy.java | external/storm-hdfs/src/main/java/org/apache/storm/hdfs/trident/rotation/FileSizeRotationPolicy.java | external/storm-hdfs/src/main/java/org/apache/storm/hdfs/trident/rotation/NoRotationPolicy.java | external/storm-hdfs/src/main/java/org/apache/storm/hdfs/trident/rotation/TimedRotationPolicy.java | external/storm-hdfs/src/main/java/org/apache/storm/hdfs/trident/sync/CountSyncPolicy.java | external/storm-hdfs/src/main/java/org/apache/storm/hdfs/trident/sync/SyncPolicy.java | external/storm-hive/src/main/java/org/apache/storm/hive/bolt/HiveBolt.java | external/storm-hive/src/main/java/org/apache/storm/hive/bolt/mapper/DelimitedRecordHiveMapper.java | external/storm-hive/src/main/java/org/apache/storm/hive/bolt/mapper/HiveMapper.java | external/storm-hive/src/main/java/org/apache/storm/hive/bolt/mapper/JsonRecordHiveMapper.java | external/storm-hive/src/main/java/org/apache/storm/hive/common/HiveOptions.java | external/storm-hive/src/main/java/org/apache/storm/hive/common/HiveWriter.java | external/storm-hive/src/main/java/org/apache/storm/hive/trident/HiveState.java | external/storm-hive/src/main/java/org/apache/storm/hive/trident/HiveStateFactory.java | external/storm-hive/src/main/java/org/apache/storm/hive/trident/HiveUpdater.java | external/storm-jdbc/src/main/java/org/apache/storm/jdbc/bolt/AbstractJdbcBolt.java | external/storm-jdbc/src/main/java/org/apache/storm/jdbc/bolt/JdbcInsertBolt.java | external/storm-jdbc/src/main/java/org/apache/storm/jdbc/bolt/JdbcLookupBolt.java | external/storm-jdbc/src/main/java/org/apache/storm/jdbc/common/ConnectionProvider.java | external/storm-jdbc/src/main/java/org/apache/storm/jdbc/common/HikariCPConnectionProvider.java | external/storm-jdbc/src/main/java/org/apache/storm/jdbc/mapper/JdbcLookupMapper.java | external/storm-jdbc/src/main/java/org/apache/storm/jdbc/mapper/JdbcMapper.java | external/storm-jdbc/src/main/java/org/apache/storm/jdbc/mapper/SimpleJdbcLookupMapper.java | external/storm-jdbc/src/main/java/org/apache/storm/jdbc/mapper/SimpleJdbcMapper.java | external/storm-jdbc/src/main/java/org/apache/storm/jdbc/trident/state/JdbcQuery.java | external/storm-jdbc/src/main/java/org/apache/storm/jdbc/trident/state/JdbcState.java | external/storm-jdbc/src/main/java/org/apache/storm/jdbc/trident/state/JdbcStateFactory.java | external/storm-jdbc/src/main/java/org/apache/storm/jdbc/trident/state/JdbcUpdater.java | external/storm-kafka/src/jvm/org/apache/storm/kafka/Broker.java | external/storm-kafka/src/jvm/org/apache/storm/kafka/BrokerHosts.java | external/storm-kafka/src/jvm/org/apache/storm/kafka/ByteBufferSerializer.java | external/storm-kafka/src/jvm/org/apache/storm/kafka/DynamicBrokersReader.java | external/storm-kafka/src/jvm/org/apache/storm/kafka/DynamicPartitionConnections.java | external/storm-kafka/src/jvm/org/apache/storm/kafka/ExponentialBackoffMsgRetryManager.java | external/storm-kafka/src/jvm/org/apache/storm/kafka/FailedFetchException.java | external/storm-kafka/src/jvm/org/apache/storm/kafka/FailedMsgRetryManager.java | external/storm-kafka/src/jvm/org/apache/storm/kafka/IntSerializer.java | external/storm-kafka/src/jvm/org/apache/storm/kafka/KafkaConfig.java | external/storm-kafka/src/jvm/org/apache/storm/kafka/KafkaError.java | external/storm-kafka/src/jvm/org/apache/storm/kafka/KafkaSpout.java | external/storm-kafka/src/jvm/org/apache/storm/kafka/KafkaUtils.java | external/storm-kafka/src/jvm/org/apache/storm/kafka/KeyValueScheme.java | external/storm-kafka/src/jvm/org/apache/storm/kafka/KeyValueSchemeAsMultiScheme.java | external/storm-kafka/src/jvm/org/apache/storm/kafka/MessageMetadataScheme.java | external/storm-kafka/src/jvm/org/apache/storm/kafka/MessageMetadataSchemeAsMultiScheme.java | external/storm-kafka/src/jvm/org/apache/storm/kafka/Partition.java | external/storm-kafka/src/jvm/org/apache/storm/kafka/PartitionCoordinator.java | external/storm-kafka/src/jvm/org/apache/storm/kafka/PartitionManager.java | external/storm-kafka/src/jvm/org/apache/storm/kafka/SpoutConfig.java | external/storm-kafka/src/jvm/org/apache/storm/kafka/StaticCoordinator.java | external/storm-kafka/src/jvm/org/apache/storm/kafka/StaticHosts.java | external/storm-kafka/src/jvm/org/apache/storm/kafka/StaticPartitionConnections.java | external/storm-kafka/src/jvm/org/apache/storm/kafka/StringKeyValueScheme.java | external/storm-kafka/src/jvm/org/apache/storm/kafka/StringMessageAndMetadataScheme.java | external/storm-kafka/src/jvm/org/apache/storm/kafka/StringMultiSchemeWithTopic.java | external/storm-kafka/src/jvm/org/apache/storm/kafka/StringScheme.java | external/storm-kafka/src/jvm/org/apache/storm/kafka/TopicOffsetOutOfRangeException.java | external/storm-kafka/src/jvm/org/apache/storm/kafka/ZkCoordinator.java | external/storm-kafka/src/jvm/org/apache/storm/kafka/ZkHosts.java | external/storm-kafka/src/jvm/org/apache/storm/kafka/ZkState.java | external/storm-kafka/src/jvm/org/apache/storm/kafka/bolt/KafkaBolt.java | external/storm-kafka/src/jvm/org/apache/storm/kafka/bolt/mapper/FieldNameBasedTupleToKafkaMapper.java | external/storm-kafka/src/jvm/org/apache/storm/kafka/bolt/mapper/TupleToKafkaMapper.java | external/storm-kafka/src/jvm/org/apache/storm/kafka/bolt/selector/DefaultTopicSelector.java | external/storm-kafka/src/jvm/org/apache/storm/kafka/bolt/selector/KafkaTopicSelector.java | external/storm-kafka/src/jvm/org/apache/storm/kafka/trident/Coordinator.java | external/storm-kafka/src/jvm/org/apache/storm/kafka/trident/DefaultCoordinator.java | external/storm-kafka/src/jvm/org/apache/storm/kafka/trident/GlobalPartitionInformation.java | external/storm-kafka/src/jvm/org/apache/storm/kafka/trident/IBatchCoordinator.java | external/storm-kafka/src/jvm/org/apache/storm/kafka/trident/IBrokerReader.java | external/storm-kafka/src/jvm/org/apache/storm/kafka/trident/MaxMetric.java | external/storm-kafka/src/jvm/org/apache/storm/kafka/trident/OpaqueTridentKafkaSpout.java | external/storm-kafka/src/jvm/org/apache/storm/kafka/trident/StaticBrokerReader.java | external/storm-kafka/src/jvm/org/apache/storm/kafka/trident/TransactionalTridentKafkaSpout.java | external/storm-kafka/src/jvm/org/apache/storm/kafka/trident/TridentKafkaConfig.java | external/storm-kafka/src/jvm/org/apache/storm/kafka/trident/TridentKafkaEmitter.java | external/storm-kafka/src/jvm/org/apache/storm/kafka/trident/TridentKafkaState.java | external/storm-kafka/src/jvm/org/apache/storm/kafka/trident/TridentKafkaStateFactory.java | external/storm-kafka/src/jvm/org/apache/storm/kafka/trident/TridentKafkaUpdater.java | external/storm-kafka/src/jvm/org/apache/storm/kafka/trident/ZkBrokerReader.java | external/storm-kafka/src/jvm/org/apache/storm/kafka/trident/mapper/FieldNameBasedTupleToKafkaMapper.java | external/storm-kafka/src/jvm/org/apache/storm/kafka/trident/mapper/TridentTupleToKafkaMapper.java | external/storm-kafka/src/jvm/org/apache/storm/kafka/trident/selector/DefaultTopicSelector.java | external/storm-kafka/src/jvm/org/apache/storm/kafka/trident/selector/KafkaTopicSelector.java | external/storm-metrics/src/main/java/org/apache/storm/metrics/hdrhistogram/HistogramMetric.java | external/storm-metrics/src/main/java/org/apache/storm/metrics/sigar/CPUMetric.java | external/storm-redis/src/main/java/org/apache/storm/redis/bolt/AbstractRedisBolt.java | external/storm-redis/src/main/java/org/apache/storm/redis/bolt/RedisLookupBolt.java | external/storm-redis/src/main/java/org/apache/storm/redis/bolt/RedisStoreBolt.java | external/storm-redis/src/main/java/org/apache/storm/redis/common/config/JedisPoolConfig.java | external/storm-redis/src/main/java/org/apache/storm/redis/common/mapper/RedisLookupMapper.java | external/storm-redis/src/main/java/org/apache/storm/redis/common/mapper/TupleMapper.java | external/storm-redis/src/main/java/org/apache/storm/redis/state/RedisKeyValueState.java | external/storm-redis/src/main/java/org/apache/storm/redis/state/RedisKeyValueStateProvider.java | external/storm-redis/src/main/java/org/apache/storm/redis/trident/state/AbstractRedisMapState.java | external/storm-redis/src/main/java/org/apache/storm/redis/trident/state/AbstractRedisStateQuerier.java | external/storm-redis/src/main/java/org/apache/storm/redis/trident/state/AbstractRedisStateUpdater.java | external/storm-redis/src/main/java/org/apache/storm/redis/trident/state/Options.java | external/storm-redis/src/main/java/org/apache/storm/redis/trident/state/RedisClusterMapState.java | external/storm-redis/src/main/java/org/apache/storm/redis/trident/state/RedisClusterState.java | external/storm-redis/src/main/java/org/apache/storm/redis/trident/state/RedisMapState.java | external/storm-redis/src/main/java/org/apache/storm/redis/trident/state/RedisState.java | external/storm-solr/src/main/java/org/apache/storm/solr/bolt/SolrUpdateBolt.java | external/storm-solr/src/main/java/org/apache/storm/solr/mapper/SolrFieldsMapper.java | external/storm-solr/src/main/java/org/apache/storm/solr/mapper/SolrJsonMapper.java | external/storm-solr/src/main/java/org/apache/storm/solr/mapper/SolrMapper.java | external/storm-solr/src/main/java/org/apache/storm/solr/trident/SolrState.java | external/storm-solr/src/main/java/org/apache/storm/solr/trident/SolrStateFactory.java | external/storm-solr/src/main/java/org/apache/storm/solr/trident/SolrUpdater.java | storm-core/src/jvm/backtype/storm/messaging/netty/StormClientErrorHandler.java | storm-core/src/jvm/org/apache/storm/Config.java | storm-core/src/jvm/org/apache/storm/Constants.java | storm-core/src/jvm/org/apache/storm/ICredentialsListener.java | storm-core/src/jvm/org/apache/storm/ILocalCluster.java | storm-core/src/jvm/org/apache/storm/ILocalDRPC.java | storm-core/src/jvm/org/apache/storm/ISubmitterHook.java | storm-core/src/jvm/org/apache/storm/LogWriter.java | storm-core/src/jvm/org/apache/storm/StormSubmitter.java | storm-core/src/jvm/org/apache/storm/blobstore/AtomicOutputStream.java | storm-core/src/jvm/org/apache/storm/blobstore/BlobKeySequenceInfo.java | storm-core/src/jvm/org/apache/storm/blobstore/BlobStore.java | storm-core/src/jvm/org/apache/storm/blobstore/BlobStoreAclHandler.java | storm-core/src/jvm/org/apache/storm/blobstore/BlobStoreFile.java | storm-core/src/jvm/org/apache/storm/blobstore/BlobStoreUtils.java | storm-core/src/jvm/org/apache/storm/blobstore/BlobSynchronizer.java | storm-core/src/jvm/org/apache/storm/blobstore/ClientBlobStore.java | storm-core/src/jvm/org/apache/storm/blobstore/FileBlobStoreImpl.java | storm-core/src/jvm/org/apache/storm/blobstore/InputStreamWithMeta.java | storm-core/src/jvm/org/apache/storm/blobstore/KeyFilter.java | storm-core/src/jvm/org/apache/storm/blobstore/KeySequenceNumber.java | storm-core/src/jvm/org/apache/storm/blobstore/LocalFsBlobStore.java | storm-core/src/jvm/org/apache/storm/blobstore/LocalFsBlobStoreFile.java | storm-core/src/jvm/org/apache/storm/blobstore/NimbusBlobStore.java | storm-core/src/jvm/org/apache/storm/clojure/ClojureBolt.java | storm-core/src/jvm/org/apache/storm/clojure/ClojureSpout.java | storm-core/src/jvm/org/apache/storm/clojure/RichShellBolt.java | storm-core/src/jvm/org/apache/storm/clojure/RichShellSpout.java | storm-core/src/jvm/org/apache/storm/cluster/ClusterState.java | storm-core/src/jvm/org/apache/storm/cluster/ClusterStateContext.java | storm-core/src/jvm/org/apache/storm/cluster/ClusterStateFactory.java | storm-core/src/jvm/org/apache/storm/cluster/ClusterStateListener.java | storm-core/src/jvm/org/apache/storm/cluster/ConnectionState.java | storm-core/src/jvm/org/apache/storm/cluster/DaemonType.java | storm-core/src/jvm/org/apache/storm/coordination/BatchBoltExecutor.java | storm-core/src/jvm/org/apache/storm/coordination/BatchOutputCollector.java | storm-core/src/jvm/org/apache/storm/coordination/BatchOutputCollectorImpl.java | storm-core/src/jvm/org/apache/storm/coordination/BatchSubtopologyBuilder.java | storm-core/src/jvm/org/apache/storm/coordination/CoordinatedBolt.java | storm-core/src/jvm/org/apache/storm/coordination/IBatchBolt.java | storm-core/src/jvm/org/apache/storm/daemon/ClientJarTransformerRunner.java | storm-core/src/jvm/org/apache/storm/daemon/DirectoryCleaner.java | storm-core/src/jvm/org/apache/storm/daemon/JarTransformer.java | storm-core/src/jvm/org/apache/storm/daemon/Shutdownable.java | storm-core/src/jvm/org/apache/storm/drpc/DRPCInvocationsClient.java | storm-core/src/jvm/org/apache/storm/drpc/DRPCSpout.java | storm-core/src/jvm/org/apache/storm/drpc/JoinResult.java | storm-core/src/jvm/org/apache/storm/drpc/KeyedFairBolt.java | storm-core/src/jvm/org/apache/storm/drpc/LinearDRPCInputDeclarer.java | storm-core/src/jvm/org/apache/storm/drpc/LinearDRPCTopologyBuilder.java | storm-core/src/jvm/org/apache/storm/drpc/PrepareRequest.java | storm-core/src/jvm/org/apache/storm/drpc/ReturnResults.java | storm-core/src/jvm/org/apache/storm/grouping/CustomStreamGrouping.java | storm-core/src/jvm/org/apache/storm/grouping/Load.java | storm-core/src/jvm/org/apache/storm/grouping/LoadAwareCustomStreamGrouping.java | storm-core/src/jvm/org/apache/storm/grouping/LoadAwareShuffleGrouping.java | storm-core/src/jvm/org/apache/storm/grouping/LoadMapping.java | storm-core/src/jvm/org/apache/storm/grouping/PartialKeyGrouping.java | storm-core/src/jvm/org/apache/storm/grouping/ShuffleGrouping.java | storm-core/src/jvm/org/apache/storm/hooks/BaseTaskHook.java | storm-core/src/jvm/org/apache/storm/hooks/BaseWorkerHook.java | storm-core/src/jvm/org/apache/storm/hooks/ITaskHook.java | storm-core/src/jvm/org/apache/storm/hooks/IWorkerHook.java | storm-core/src/jvm/org/apache/storm/hooks/info/BoltAckInfo.java | storm-core/src/jvm/org/apache/storm/hooks/info/BoltExecuteInfo.java | storm-core/src/jvm/org/apache/storm/hooks/info/BoltFailInfo.java | storm-core/src/jvm/org/apache/storm/hooks/info/EmitInfo.java | storm-core/src/jvm/org/apache/storm/hooks/info/SpoutAckInfo.java | storm-core/src/jvm/org/apache/storm/hooks/info/SpoutFailInfo.java | storm-core/src/jvm/org/apache/storm/localizer/LocalResource.java | storm-core/src/jvm/org/apache/storm/localizer/LocalizedResource.java | storm-core/src/jvm/org/apache/storm/localizer/LocalizedResourceRetentionSet.java | storm-core/src/jvm/org/apache/storm/localizer/LocalizedResourceSet.java | storm-core/src/jvm/org/apache/storm/localizer/Localizer.java | storm-core/src/jvm/org/apache/storm/logging/ThriftAccessLogger.java | storm-core/src/jvm/org/apache/storm/logging/filters/AccessLoggingFilter.java | storm-core/src/jvm/org/apache/storm/messaging/ConnectionWithStatus.java | storm-core/src/jvm/org/apache/storm/messaging/DeserializingConnectionCallback.java | storm-core/src/jvm/org/apache/storm/messaging/IConnection.java | storm-core/src/jvm/org/apache/storm/messaging/IConnectionCallback.java | storm-core/src/jvm/org/apache/storm/messaging/IContext.java | storm-core/src/jvm/org/apache/storm/messaging/TaskMessage.java | storm-core/src/jvm/org/apache/storm/messaging/TransportFactory.java | storm-core/src/jvm/org/apache/storm/messaging/local/Context.java | storm-core/src/jvm/org/apache/storm/messaging/netty/Client.java | storm-core/src/jvm/org/apache/storm/messaging/netty/Context.java | storm-core/src/jvm/org/apache/storm/messaging/netty/ControlMessage.java | storm-core/src/jvm/org/apache/storm/messaging/netty/INettySerializable.java | storm-core/src/jvm/org/apache/storm/messaging/netty/ISaslClient.java | storm-core/src/jvm/org/apache/storm/messaging/netty/ISaslServer.java | storm-core/src/jvm/org/apache/storm/messaging/netty/IServer.java | storm-core/src/jvm/org/apache/storm/messaging/netty/KerberosSaslClientHandler.java | storm-core/src/jvm/org/apache/storm/messaging/netty/KerberosSaslNettyClient.java | storm-core/src/jvm/org/apache/storm/messaging/netty/KerberosSaslNettyClientState.java | storm-core/src/jvm/org/apache/storm/messaging/netty/KerberosSaslNettyServer.java | storm-core/src/jvm/org/apache/storm/messaging/netty/KerberosSaslNettyServerState.java | storm-core/src/jvm/org/apache/storm/messaging/netty/KerberosSaslServerHandler.java | storm-core/src/jvm/org/apache/storm/messaging/netty/MessageBatch.java | storm-core/src/jvm/org/apache/storm/messaging/netty/MessageBuffer.java | storm-core/src/jvm/org/apache/storm/messaging/netty/MessageDecoder.java | storm-core/src/jvm/org/apache/storm/messaging/netty/MessageEncoder.java | storm-core/src/jvm/org/apache/storm/messaging/netty/NettyRenameThreadFactory.java | storm-core/src/jvm/org/apache/storm/messaging/netty/NettyUncaughtExceptionHandler.java | storm-core/src/jvm/org/apache/storm/messaging/netty/SaslMessageToken.java | storm-core/src/jvm/org/apache/storm/messaging/netty/SaslNettyClient.java | storm-core/src/jvm/org/apache/storm/messaging/netty/SaslNettyClientState.java | storm-core/src/jvm/org/apache/storm/messaging/netty/SaslNettyServer.java | storm-core/src/jvm/org/apache/storm/messaging/netty/SaslNettyServerState.java | storm-core/src/jvm/org/apache/storm/messaging/netty/SaslStormClientHandler.java | storm-core/src/jvm/org/apache/storm/messaging/netty/SaslStormServerAuthorizeHandler.java | storm-core/src/jvm/org/apache/storm/messaging/netty/SaslStormServerHandler.java | storm-core/src/jvm/org/apache/storm/messaging/netty/SaslUtils.java | storm-core/src/jvm/org/apache/storm/messaging/netty/Server.java | storm-core/src/jvm/org/apache/storm/messaging/netty/StormClientHandler.java | storm-core/src/jvm/org/apache/storm/messaging/netty/StormClientPipelineFactory.java | storm-core/src/jvm/org/apache/storm/messaging/netty/StormServerHandler.java | storm-core/src/jvm/org/apache/storm/messaging/netty/StormServerPipelineFactory.java | storm-core/src/jvm/org/apache/storm/metric/EventLoggerBolt.java | storm-core/src/jvm/org/apache/storm/metric/FileBasedEventLogger.java | storm-core/src/jvm/org/apache/storm/metric/HttpForwardingMetricsConsumer.java | storm-core/src/jvm/org/apache/storm/metric/HttpForwardingMetricsServer.java | storm-core/src/jvm/org/apache/storm/metric/IEventLogger.java | storm-core/src/jvm/org/apache/storm/metric/LoggingMetricsConsumer.java | storm-core/src/jvm/org/apache/storm/metric/MetricsConsumerBolt.java | storm-core/src/jvm/org/apache/storm/metric/SystemBolt.java | storm-core/src/jvm/org/apache/storm/metric/api/AssignableMetric.java | storm-core/src/jvm/org/apache/storm/metric/api/CombinedMetric.java | storm-core/src/jvm/org/apache/storm/metric/api/CountMetric.java | storm-core/src/jvm/org/apache/storm/metric/api/ICombiner.java | storm-core/src/jvm/org/apache/storm/metric/api/IMetric.java | storm-core/src/jvm/org/apache/storm/metric/api/IMetricsConsumer.java | storm-core/src/jvm/org/apache/storm/metric/api/IReducer.java | storm-core/src/jvm/org/apache/storm/metric/api/IStatefulObject.java | storm-core/src/jvm/org/apache/storm/metric/api/MeanReducer.java | storm-core/src/jvm/org/apache/storm/metric/api/MultiCountMetric.java | storm-core/src/jvm/org/apache/storm/metric/api/MultiReducedMetric.java | storm-core/src/jvm/org/apache/storm/metric/api/ReducedMetric.java | storm-core/src/jvm/org/apache/storm/metric/api/StateMetric.java | storm-core/src/jvm/org/apache/storm/metric/api/rpc/AssignableShellMetric.java | storm-core/src/jvm/org/apache/storm/metric/api/rpc/CombinedShellMetric.java | storm-core/src/jvm/org/apache/storm/metric/api/rpc/CountShellMetric.java | storm-core/src/jvm/org/apache/storm/metric/api/rpc/IShellMetric.java | storm-core/src/jvm/org/apache/storm/metric/api/rpc/ReducedShellMetric.java | storm-core/src/jvm/org/apache/storm/metric/internal/CountStatAndMetric.java | storm-core/src/jvm/org/apache/storm/metric/internal/LatencyStatAndMetric.java | storm-core/src/jvm/org/apache/storm/metric/internal/MetricStatTimer.java | storm-core/src/jvm/org/apache/storm/metric/internal/MultiCountStatAndMetric.java | storm-core/src/jvm/org/apache/storm/metric/internal/MultiLatencyStatAndMetric.java | storm-core/src/jvm/org/apache/storm/metric/internal/RateTracker.java | storm-core/src/jvm/org/apache/storm/multilang/BoltMsg.java | storm-core/src/jvm/org/apache/storm/multilang/ISerializer.java | storm-core/src/jvm/org/apache/storm/multilang/JsonSerializer.java | storm-core/src/jvm/org/apache/storm/multilang/NoOutputException.java | storm-core/src/jvm/org/apache/storm/multilang/ShellMsg.java | storm-core/src/jvm/org/apache/storm/multilang/SpoutMsg.java | storm-core/src/jvm/org/apache/storm/networktopography/AbstractDNSToSwitchMapping.java | storm-core/src/jvm/org/apache/storm/networktopography/DNSToSwitchMapping.java | storm-core/src/jvm/org/apache/storm/networktopography/DefaultRackDNSToSwitchMapping.java | storm-core/src/jvm/org/apache/storm/nimbus/DefaultTopologyValidator.java | storm-core/src/jvm/org/apache/storm/nimbus/ILeaderElector.java | storm-core/src/jvm/org/apache/storm/nimbus/ITopologyActionNotifierPlugin.java | storm-core/src/jvm/org/apache/storm/nimbus/ITopologyValidator.java | storm-core/src/jvm/org/apache/storm/nimbus/NimbusInfo.java | storm-core/src/jvm/org/apache/storm/pacemaker/IServerMessageHandler.java | storm-core/src/jvm/org/apache/storm/pacemaker/PacemakerClient.java | storm-core/src/jvm/org/apache/storm/pacemaker/PacemakerClientHandler.java | storm-core/src/jvm/org/apache/storm/pacemaker/PacemakerServer.java | storm-core/src/jvm/org/apache/storm/pacemaker/codec/ThriftDecoder.java | storm-core/src/jvm/org/apache/storm/pacemaker/codec/ThriftEncoder.java | storm-core/src/jvm/org/apache/storm/pacemaker/codec/ThriftNettyClientCodec.java | storm-core/src/jvm/org/apache/storm/pacemaker/codec/ThriftNettyServerCodec.java | storm-core/src/jvm/org/apache/storm/planner/CompoundSpout.java | storm-core/src/jvm/org/apache/storm/planner/CompoundTask.java | storm-core/src/jvm/org/apache/storm/planner/TaskBundle.java | storm-core/src/jvm/org/apache/storm/scheduler/Cluster.java | storm-core/src/jvm/org/apache/storm/scheduler/ExecutorDetails.java | storm-core/src/jvm/org/apache/storm/scheduler/INimbus.java | storm-core/src/jvm/org/apache/storm/scheduler/IScheduler.java | storm-core/src/jvm/org/apache/storm/scheduler/ISupervisor.java | storm-core/src/jvm/org/apache/storm/scheduler/SchedulerAssignment.java | storm-core/src/jvm/org/apache/storm/scheduler/SchedulerAssignmentImpl.java | storm-core/src/jvm/org/apache/storm/scheduler/SupervisorDetails.java | storm-core/src/jvm/org/apache/storm/scheduler/Topologies.java | storm-core/src/jvm/org/apache/storm/scheduler/TopologyDetails.java | storm-core/src/jvm/org/apache/storm/scheduler/WorkerSlot.java | storm-core/src/jvm/org/apache/storm/scheduler/multitenant/DefaultPool.java | storm-core/src/jvm/org/apache/storm/scheduler/multitenant/FreePool.java | storm-core/src/jvm/org/apache/storm/scheduler/multitenant/IsolatedPool.java | storm-core/src/jvm/org/apache/storm/scheduler/multitenant/MultitenantScheduler.java | storm-core/src/jvm/org/apache/storm/scheduler/multitenant/Node.java | storm-core/src/jvm/org/apache/storm/scheduler/multitenant/NodePool.java | storm-core/src/jvm/org/apache/storm/scheduler/resource/Component.java | storm-core/src/jvm/org/apache/storm/scheduler/resource/RAS_Node.java | storm-core/src/jvm/org/apache/storm/scheduler/resource/RAS_Nodes.java | storm-core/src/jvm/org/apache/storm/scheduler/resource/ResourceAwareScheduler.java | storm-core/src/jvm/org/apache/storm/scheduler/resource/ResourceUtils.java | storm-core/src/jvm/org/apache/storm/scheduler/resource/SchedulingResult.java | storm-core/src/jvm/org/apache/storm/scheduler/resource/SchedulingStatus.java | storm-core/src/jvm/org/apache/storm/scheduler/resource/User.java | storm-core/src/jvm/org/apache/storm/scheduler/resource/strategies/eviction/DefaultEvictionStrategy.java | storm-core/src/jvm/org/apache/storm/scheduler/resource/strategies/eviction/IEvictionStrategy.java | storm-core/src/jvm/org/apache/storm/scheduler/resource/strategies/priority/DefaultSchedulingPriorityStrategy.java | storm-core/src/jvm/org/apache/storm/scheduler/resource/strategies/priority/ISchedulingPriorityStrategy.java | storm-core/src/jvm/org/apache/storm/scheduler/resource/strategies/scheduling/DefaultResourceAwareStrategy.java | storm-core/src/jvm/org/apache/storm/scheduler/resource/strategies/scheduling/IStrategy.java | storm-core/src/jvm/org/apache/storm/security/INimbusCredentialPlugin.java | storm-core/src/jvm/org/apache/storm/security/auth/AuthUtils.java | storm-core/src/jvm/org/apache/storm/security/auth/DefaultHttpCredentialsPlugin.java | storm-core/src/jvm/org/apache/storm/security/auth/DefaultPrincipalToLocal.java | storm-core/src/jvm/org/apache/storm/security/auth/IAuthorizer.java | storm-core/src/jvm/org/apache/storm/security/auth/IAutoCredentials.java | storm-core/src/jvm/org/apache/storm/security/auth/ICredentialsRenewer.java | storm-core/src/jvm/org/apache/storm/security/auth/IGroupMappingServiceProvider.java | storm-core/src/jvm/org/apache/storm/security/auth/IHttpCredentialsPlugin.java | storm-core/src/jvm/org/apache/storm/security/auth/IPrincipalToLocal.java | storm-core/src/jvm/org/apache/storm/security/auth/ITransportPlugin.java | storm-core/src/jvm/org/apache/storm/security/auth/KerberosPrincipalToLocal.java | storm-core/src/jvm/org/apache/storm/security/auth/NimbusPrincipal.java | storm-core/src/jvm/org/apache/storm/security/auth/ReqContext.java | storm-core/src/jvm/org/apache/storm/security/auth/SaslTransportPlugin.java | storm-core/src/jvm/org/apache/storm/security/auth/ShellBasedGroupsMapping.java | storm-core/src/jvm/org/apache/storm/security/auth/SimpleTransportPlugin.java | storm-core/src/jvm/org/apache/storm/security/auth/SingleUserPrincipal.java | storm-core/src/jvm/org/apache/storm/security/auth/TBackoffConnect.java | storm-core/src/jvm/org/apache/storm/security/auth/ThriftClient.java | storm-core/src/jvm/org/apache/storm/security/auth/ThriftConnectionType.java | storm-core/src/jvm/org/apache/storm/security/auth/ThriftServer.java | storm-core/src/jvm/org/apache/storm/security/auth/authorizer/DRPCAuthorizerBase.java | storm-core/src/jvm/org/apache/storm/security/auth/authorizer/DRPCSimpleACLAuthorizer.java | storm-core/src/jvm/org/apache/storm/security/auth/authorizer/DenyAuthorizer.java | storm-core/src/jvm/org/apache/storm/security/auth/authorizer/ImpersonationAuthorizer.java | storm-core/src/jvm/org/apache/storm/security/auth/authorizer/NoopAuthorizer.java | storm-core/src/jvm/org/apache/storm/security/auth/authorizer/SimpleACLAuthorizer.java | storm-core/src/jvm/org/apache/storm/security/auth/authorizer/SimpleWhitelistAuthorizer.java | storm-core/src/jvm/org/apache/storm/security/auth/digest/ClientCallbackHandler.java | storm-core/src/jvm/org/apache/storm/security/auth/digest/DigestSaslTransportPlugin.java | storm-core/src/jvm/org/apache/storm/security/auth/digest/ServerCallbackHandler.java | storm-core/src/jvm/org/apache/storm/security/auth/kerberos/AutoTGT.java | storm-core/src/jvm/org/apache/storm/security/auth/kerberos/AutoTGTKrb5LoginModule.java | storm-core/src/jvm/org/apache/storm/security/auth/kerberos/AutoTGTKrb5LoginModuleTest.java | storm-core/src/jvm/org/apache/storm/security/auth/kerberos/ClientCallbackHandler.java | storm-core/src/jvm/org/apache/storm/security/auth/kerberos/KerberosSaslTransportPlugin.java | storm-core/src/jvm/org/apache/storm/security/auth/kerberos/NoOpTTrasport.java | storm-core/src/jvm/org/apache/storm/security/auth/kerberos/ServerCallbackHandler.java | storm-core/src/jvm/org/apache/storm/security/auth/kerberos/jaas_kerberos_cluster.conf | storm-core/src/jvm/org/apache/storm/security/auth/kerberos/jaas_kerberos_launcher.conf | storm-core/src/jvm/org/apache/storm/security/serialization/BlowfishTupleSerializer.java | storm-core/src/jvm/org/apache/storm/serialization/DefaultKryoFactory.java | storm-core/src/jvm/org/apache/storm/serialization/DefaultSerializationDelegate.java | storm-core/src/jvm/org/apache/storm/serialization/GzipBridgeSerializationDelegate.java | storm-core/src/jvm/org/apache/storm/serialization/GzipBridgeThriftSerializationDelegate.java | storm-core/src/jvm/org/apache/storm/serialization/GzipSerializationDelegate.java | storm-core/src/jvm/org/apache/storm/serialization/GzipThriftSerializationDelegate.java | storm-core/src/jvm/org/apache/storm/serialization/IKryoDecorator.java | storm-core/src/jvm/org/apache/storm/serialization/IKryoFactory.java | storm-core/src/jvm/org/apache/storm/serialization/ITupleDeserializer.java | storm-core/src/jvm/org/apache/storm/serialization/ITupleSerializer.java | storm-core/src/jvm/org/apache/storm/serialization/KryoTupleDeserializer.java | storm-core/src/jvm/org/apache/storm/serialization/KryoTupleSerializer.java | storm-core/src/jvm/org/apache/storm/serialization/KryoValuesDeserializer.java | storm-core/src/jvm/org/apache/storm/serialization/KryoValuesSerializer.java | storm-core/src/jvm/org/apache/storm/serialization/SerializableSerializer.java | storm-core/src/jvm/org/apache/storm/serialization/SerializationDelegate.java | storm-core/src/jvm/org/apache/storm/serialization/SerializationFactory.java | storm-core/src/jvm/org/apache/storm/serialization/ThriftSerializationDelegate.java | storm-core/src/jvm/org/apache/storm/serialization/types/ArrayListSerializer.java | storm-core/src/jvm/org/apache/storm/serialization/types/HashMapSerializer.java | storm-core/src/jvm/org/apache/storm/serialization/types/HashSetSerializer.java | storm-core/src/jvm/org/apache/storm/serialization/types/ListDelegateSerializer.java | storm-core/src/jvm/org/apache/storm/spout/CheckPointState.java | storm-core/src/jvm/org/apache/storm/spout/CheckpointSpout.java | storm-core/src/jvm/org/apache/storm/spout/IMultiSchemableSpout.java | storm-core/src/jvm/org/apache/storm/spout/ISchemableSpout.java | storm-core/src/jvm/org/apache/storm/spout/ISpout.java | storm-core/src/jvm/org/apache/storm/spout/ISpoutOutputCollector.java | storm-core/src/jvm/org/apache/storm/spout/ISpoutWaitStrategy.java | storm-core/src/jvm/org/apache/storm/spout/MultiScheme.java | storm-core/src/jvm/org/apache/storm/spout/NothingEmptyEmitStrategy.java | storm-core/src/jvm/org/apache/storm/spout/RawMultiScheme.java | storm-core/src/jvm/org/apache/storm/spout/RawScheme.java | storm-core/src/jvm/org/apache/storm/spout/Scheme.java | storm-core/src/jvm/org/apache/storm/spout/SchemeAsMultiScheme.java | storm-core/src/jvm/org/apache/storm/spout/ShellSpout.java | storm-core/src/jvm/org/apache/storm/spout/SleepSpoutWaitStrategy.java | storm-core/src/jvm/org/apache/storm/spout/SpoutOutputCollector.java | storm-core/src/jvm/org/apache/storm/state/DefaultStateSerializer.java | storm-core/src/jvm/org/apache/storm/state/IStateSpout.java | storm-core/src/jvm/org/apache/storm/state/IStateSpoutOutputCollector.java | storm-core/src/jvm/org/apache/storm/state/ISubscribedState.java | storm-core/src/jvm/org/apache/storm/state/ISynchronizeOutputCollector.java | storm-core/src/jvm/org/apache/storm/state/InMemoryKeyValueState.java | storm-core/src/jvm/org/apache/storm/state/InMemoryKeyValueStateProvider.java | storm-core/src/jvm/org/apache/storm/state/KeyValueState.java | storm-core/src/jvm/org/apache/storm/state/Serializer.java | storm-core/src/jvm/org/apache/storm/state/State.java | storm-core/src/jvm/org/apache/storm/state/StateFactory.java | storm-core/src/jvm/org/apache/storm/state/StateProvider.java | storm-core/src/jvm/org/apache/storm/state/StateSpoutOutputCollector.java | storm-core/src/jvm/org/apache/storm/state/SynchronizeOutputCollector.java | storm-core/src/jvm/org/apache/storm/task/GeneralTopologyContext.java | storm-core/src/jvm/org/apache/storm/task/IBolt.java | storm-core/src/jvm/org/apache/storm/task/IErrorReporter.java | storm-core/src/jvm/org/apache/storm/task/IMetricsContext.java | storm-core/src/jvm/org/apache/storm/task/IOutputCollector.java | storm-core/src/jvm/org/apache/storm/task/OutputCollector.java | storm-core/src/jvm/org/apache/storm/task/ShellBolt.java | storm-core/src/jvm/org/apache/storm/task/TopologyContext.java | storm-core/src/jvm/org/apache/storm/task/WorkerTopologyContext.java | storm-core/src/jvm/org/apache/storm/testing/AckFailDelegate.java | storm-core/src/jvm/org/apache/storm/testing/AckFailMapTracker.java | storm-core/src/jvm/org/apache/storm/testing/AckTracker.java | storm-core/src/jvm/org/apache/storm/testing/AlternateRackDNSToSwitchMapping.java | storm-core/src/jvm/org/apache/storm/testing/BatchNumberList.java | storm-core/src/jvm/org/apache/storm/testing/BatchProcessWord.java | storm-core/src/jvm/org/apache/storm/testing/BatchRepeatA.java | storm-core/src/jvm/org/apache/storm/testing/BoltTracker.java | storm-core/src/jvm/org/apache/storm/testing/CompleteTopologyParam.java | storm-core/src/jvm/org/apache/storm/testing/CountingBatchBolt.java | storm-core/src/jvm/org/apache/storm/testing/CountingCommitBolt.java | storm-core/src/jvm/org/apache/storm/testing/FeederSpout.java | storm-core/src/jvm/org/apache/storm/testing/FixedTuple.java | storm-core/src/jvm/org/apache/storm/testing/FixedTupleSpout.java | storm-core/src/jvm/org/apache/storm/testing/ForwardingMetricsConsumer.java | storm-core/src/jvm/org/apache/storm/testing/IdentityBolt.java | storm-core/src/jvm/org/apache/storm/testing/IntegrationTest.java | storm-core/src/jvm/org/apache/storm/testing/KeyedCountingBatchBolt.java | storm-core/src/jvm/org/apache/storm/testing/KeyedCountingCommitterBolt.java | storm-core/src/jvm/org/apache/storm/testing/KeyedSummingBatchBolt.java | storm-core/src/jvm/org/apache/storm/testing/MemoryTransactionalSpout.java | storm-core/src/jvm/org/apache/storm/testing/MemoryTransactionalSpoutMeta.java | storm-core/src/jvm/org/apache/storm/testing/MkClusterParam.java | storm-core/src/jvm/org/apache/storm/testing/MkTupleParam.java | storm-core/src/jvm/org/apache/storm/testing/MockedSources.java | storm-core/src/jvm/org/apache/storm/testing/NGrouping.java | storm-core/src/jvm/org/apache/storm/testing/NonRichBoltTracker.java | storm-core/src/jvm/org/apache/storm/testing/OpaqueMemoryTransactionalSpout.java | storm-core/src/jvm/org/apache/storm/testing/PrepareBatchBolt.java | storm-core/src/jvm/org/apache/storm/testing/PythonShellMetricsBolt.java | storm-core/src/jvm/org/apache/storm/testing/PythonShellMetricsSpout.java | storm-core/src/jvm/org/apache/storm/testing/SingleUserSimpleTransport.java | storm-core/src/jvm/org/apache/storm/testing/SpoutTracker.java | storm-core/src/jvm/org/apache/storm/testing/TestAggregatesCounter.java | storm-core/src/jvm/org/apache/storm/testing/TestConfBolt.java | storm-core/src/jvm/org/apache/storm/testing/TestEventLogSpout.java | storm-core/src/jvm/org/apache/storm/testing/TestEventOrderCheckBolt.java | storm-core/src/jvm/org/apache/storm/testing/TestGlobalCount.java | storm-core/src/jvm/org/apache/storm/testing/TestJob.java | storm-core/src/jvm/org/apache/storm/testing/TestKryoDecorator.java | storm-core/src/jvm/org/apache/storm/testing/TestPlannerBolt.java | storm-core/src/jvm/org/apache/storm/testing/TestPlannerSpout.java | storm-core/src/jvm/org/apache/storm/testing/TestSerObject.java | storm-core/src/jvm/org/apache/storm/testing/TestWordBytesCounter.java | storm-core/src/jvm/org/apache/storm/testing/TestWordCounter.java | storm-core/src/jvm/org/apache/storm/testing/TestWordSpout.java | storm-core/src/jvm/org/apache/storm/testing/TrackedTopology.java | storm-core/src/jvm/org/apache/storm/testing/TupleCaptureBolt.java | storm-core/src/jvm/org/apache/storm/topology/BaseConfigurationDeclarer.java | storm-core/src/jvm/org/apache/storm/topology/BasicBoltExecutor.java | storm-core/src/jvm/org/apache/storm/topology/BasicOutputCollector.java | storm-core/src/jvm/org/apache/storm/topology/BoltDeclarer.java | storm-core/src/jvm/org/apache/storm/topology/CheckpointTupleForwarder.java | storm-core/src/jvm/org/apache/storm/topology/ComponentConfigurationDeclarer.java | storm-core/src/jvm/org/apache/storm/topology/FailedException.java | storm-core/src/jvm/org/apache/storm/topology/IBasicBolt.java | storm-core/src/jvm/org/apache/storm/topology/IBasicOutputCollector.java | storm-core/src/jvm/org/apache/storm/topology/IComponent.java | storm-core/src/jvm/org/apache/storm/topology/IRichBolt.java | storm-core/src/jvm/org/apache/storm/topology/IRichSpout.java | storm-core/src/jvm/org/apache/storm/topology/IRichStateSpout.java | storm-core/src/jvm/org/apache/storm/topology/IStatefulBolt.java | storm-core/src/jvm/org/apache/storm/topology/IStatefulComponent.java | storm-core/src/jvm/org/apache/storm/topology/IWindowedBolt.java | storm-core/src/jvm/org/apache/storm/topology/InputDeclarer.java | storm-core/src/jvm/org/apache/storm/topology/OutputFieldsDeclarer.java | storm-core/src/jvm/org/apache/storm/topology/OutputFieldsGetter.java | storm-core/src/jvm/org/apache/storm/topology/ReportedFailedException.java | storm-core/src/jvm/org/apache/storm/topology/SpoutDeclarer.java | storm-core/src/jvm/org/apache/storm/topology/StatefulBoltExecutor.java | storm-core/src/jvm/org/apache/storm/topology/TopologyBuilder.java | storm-core/src/jvm/org/apache/storm/topology/WindowedBoltExecutor.java | storm-core/src/jvm/org/apache/storm/topology/base/BaseBasicBolt.java | storm-core/src/jvm/org/apache/storm/topology/base/BaseBatchBolt.java | storm-core/src/jvm/org/apache/storm/topology/base/BaseComponent.java | storm-core/src/jvm/org/apache/storm/topology/base/BaseOpaquePartitionedTransactionalSpout.java | storm-core/src/jvm/org/apache/storm/topology/base/BasePartitionedTransactionalSpout.java | storm-core/src/jvm/org/apache/storm/topology/base/BaseRichBolt.java | storm-core/src/jvm/org/apache/storm/topology/base/BaseRichSpout.java | storm-core/src/jvm/org/apache/storm/topology/base/BaseStatefulBolt.java | storm-core/src/jvm/org/apache/storm/topology/base/BaseTransactionalBolt.java | storm-core/src/jvm/org/apache/storm/topology/base/BaseTransactionalSpout.java | storm-core/src/jvm/org/apache/storm/topology/base/BaseWindowedBolt.java | storm-core/src/jvm/org/apache/storm/transactional/ICommitter.java | storm-core/src/jvm/org/apache/storm/transactional/ICommitterTransactionalSpout.java | storm-core/src/jvm/org/apache/storm/transactional/ITransactionalSpout.java | storm-core/src/jvm/org/apache/storm/transactional/TransactionAttempt.java | storm-core/src/jvm/org/apache/storm/transactional/TransactionalSpoutBatchExecutor.java | storm-core/src/jvm/org/apache/storm/transactional/TransactionalSpoutCoordinator.java | storm-core/src/jvm/org/apache/storm/transactional/TransactionalTopologyBuilder.java | storm-core/src/jvm/org/apache/storm/transactional/partitioned/IOpaquePartitionedTransactionalSpout.java | storm-core/src/jvm/org/apache/storm/transactional/partitioned/IPartitionedTransactionalSpout.java | storm-core/src/jvm/org/apache/storm/transactional/partitioned/OpaquePartitionedTransactionalSpoutExecutor.java | storm-core/src/jvm/org/apache/storm/transactional/partitioned/PartitionedTransactionalSpoutExecutor.java | storm-core/src/jvm/org/apache/storm/transactional/state/RotatingTransactionalState.java | storm-core/src/jvm/org/apache/storm/transactional/state/TestTransactionalState.java | storm-core/src/jvm/org/apache/storm/transactional/state/TransactionalState.java | storm-core/src/jvm/org/apache/storm/trident/JoinType.java | storm-core/src/jvm/org/apache/storm/trident/Stream.java | storm-core/src/jvm/org/apache/storm/trident/TridentState.java | storm-core/src/jvm/org/apache/storm/trident/TridentTopology.java | storm-core/src/jvm/org/apache/storm/trident/drpc/ReturnResultsReducer.java | storm-core/src/jvm/org/apache/storm/trident/fluent/ChainedAggregatorDeclarer.java | storm-core/src/jvm/org/apache/storm/trident/fluent/ChainedFullAggregatorDeclarer.java | storm-core/src/jvm/org/apache/storm/trident/fluent/ChainedPartitionAggregatorDeclarer.java | storm-core/src/jvm/org/apache/storm/trident/fluent/GlobalAggregationScheme.java | storm-core/src/jvm/org/apache/storm/trident/fluent/GroupedStream.java | storm-core/src/jvm/org/apache/storm/trident/fluent/IAggregatableStream.java | storm-core/src/jvm/org/apache/storm/trident/fluent/IChainedAggregatorDeclarer.java | storm-core/src/jvm/org/apache/storm/trident/fluent/UniqueIdGen.java | storm-core/src/jvm/org/apache/storm/trident/graph/GraphGrouper.java | storm-core/src/jvm/org/apache/storm/trident/graph/Group.java | storm-core/src/jvm/org/apache/storm/trident/operation/Aggregator.java | storm-core/src/jvm/org/apache/storm/trident/operation/Assembly.java | storm-core/src/jvm/org/apache/storm/trident/operation/BaseAggregator.java | storm-core/src/jvm/org/apache/storm/trident/operation/BaseFilter.java | storm-core/src/jvm/org/apache/storm/trident/operation/BaseFunction.java | storm-core/src/jvm/org/apache/storm/trident/operation/BaseMultiReducer.java | storm-core/src/jvm/org/apache/storm/trident/operation/BaseOperation.java | storm-core/src/jvm/org/apache/storm/trident/operation/CombinerAggregator.java | storm-core/src/jvm/org/apache/storm/trident/operation/EachOperation.java | storm-core/src/jvm/org/apache/storm/trident/operation/Filter.java | storm-core/src/jvm/org/apache/storm/trident/operation/Function.java | storm-core/src/jvm/org/apache/storm/trident/operation/GroupedMultiReducer.java | storm-core/src/jvm/org/apache/storm/trident/operation/MultiReducer.java | storm-core/src/jvm/org/apache/storm/trident/operation/Operation.java | storm-core/src/jvm/org/apache/storm/trident/operation/ReducerAggregator.java | storm-core/src/jvm/org/apache/storm/trident/operation/TridentCollector.java | storm-core/src/jvm/org/apache/storm/trident/operation/TridentMultiReducerContext.java | storm-core/src/jvm/org/apache/storm/trident/operation/TridentOperationContext.java | storm-core/src/jvm/org/apache/storm/trident/operation/builtin/Count.java | storm-core/src/jvm/org/apache/storm/trident/operation/builtin/Debug.java | storm-core/src/jvm/org/apache/storm/trident/operation/builtin/Equals.java | storm-core/src/jvm/org/apache/storm/trident/operation/builtin/FilterNull.java | storm-core/src/jvm/org/apache/storm/trident/operation/builtin/FirstN.java | storm-core/src/jvm/org/apache/storm/trident/operation/builtin/MapGet.java | storm-core/src/jvm/org/apache/storm/trident/operation/builtin/Negate.java | storm-core/src/jvm/org/apache/storm/trident/operation/builtin/SnapshotGet.java | storm-core/src/jvm/org/apache/storm/trident/operation/builtin/Sum.java | storm-core/src/jvm/org/apache/storm/trident/operation/builtin/TupleCollectionGet.java | storm-core/src/jvm/org/apache/storm/trident/operation/impl/CaptureCollector.java | storm-core/src/jvm/org/apache/storm/trident/operation/impl/ChainedAggregatorImpl.java | storm-core/src/jvm/org/apache/storm/trident/operation/impl/ChainedResult.java | storm-core/src/jvm/org/apache/storm/trident/operation/impl/CombinerAggStateUpdater.java | storm-core/src/jvm/org/apache/storm/trident/operation/impl/CombinerAggregatorCombineImpl.java | storm-core/src/jvm/org/apache/storm/trident/operation/impl/CombinerAggregatorInitImpl.java | storm-core/src/jvm/org/apache/storm/trident/operation/impl/FilterExecutor.java | storm-core/src/jvm/org/apache/storm/trident/operation/impl/GlobalBatchToPartition.java | storm-core/src/jvm/org/apache/storm/trident/operation/impl/GroupCollector.java | storm-core/src/jvm/org/apache/storm/trident/operation/impl/GroupedAggregator.java | storm-core/src/jvm/org/apache/storm/trident/operation/impl/GroupedMultiReducerExecutor.java | storm-core/src/jvm/org/apache/storm/trident/operation/impl/IdentityMultiReducer.java | storm-core/src/jvm/org/apache/storm/trident/operation/impl/IndexHashBatchToPartition.java | storm-core/src/jvm/org/apache/storm/trident/operation/impl/JoinerMultiReducer.java | storm-core/src/jvm/org/apache/storm/trident/operation/impl/ReducerAggStateUpdater.java | storm-core/src/jvm/org/apache/storm/trident/operation/impl/ReducerAggregatorImpl.java | storm-core/src/jvm/org/apache/storm/trident/operation/impl/Result.java | storm-core/src/jvm/org/apache/storm/trident/operation/impl/SingleEmitAggregator.java | storm-core/src/jvm/org/apache/storm/trident/operation/impl/TrueFilter.java | storm-core/src/jvm/org/apache/storm/trident/partition/GlobalGrouping.java | storm-core/src/jvm/org/apache/storm/trident/partition/IdentityGrouping.java | storm-core/src/jvm/org/apache/storm/trident/partition/IndexHashGrouping.java | storm-core/src/jvm/org/apache/storm/trident/planner/BridgeReceiver.java | storm-core/src/jvm/org/apache/storm/trident/planner/Node.java | storm-core/src/jvm/org/apache/storm/trident/planner/NodeStateInfo.java | storm-core/src/jvm/org/apache/storm/trident/planner/PartitionNode.java | storm-core/src/jvm/org/apache/storm/trident/planner/ProcessorContext.java | storm-core/src/jvm/org/apache/storm/trident/planner/ProcessorNode.java | storm-core/src/jvm/org/apache/storm/trident/planner/SpoutNode.java | storm-core/src/jvm/org/apache/storm/trident/planner/SubtopologyBolt.java | storm-core/src/jvm/org/apache/storm/trident/planner/TridentProcessor.java | storm-core/src/jvm/org/apache/storm/trident/planner/TupleReceiver.java | storm-core/src/jvm/org/apache/storm/trident/planner/processor/AggregateProcessor.java | storm-core/src/jvm/org/apache/storm/trident/planner/processor/AppendCollector.java | storm-core/src/jvm/org/apache/storm/trident/planner/processor/EachProcessor.java | storm-core/src/jvm/org/apache/storm/trident/planner/processor/FreshCollector.java | storm-core/src/jvm/org/apache/storm/trident/planner/processor/MultiReducerProcessor.java | storm-core/src/jvm/org/apache/storm/trident/planner/processor/PartitionPersistProcessor.java | storm-core/src/jvm/org/apache/storm/trident/planner/processor/ProjectedProcessor.java | storm-core/src/jvm/org/apache/storm/trident/planner/processor/StateQueryProcessor.java | storm-core/src/jvm/org/apache/storm/trident/planner/processor/TridentContext.java | storm-core/src/jvm/org/apache/storm/trident/spout/BatchSpoutExecutor.java | storm-core/src/jvm/org/apache/storm/trident/spout/IBatchID.java | storm-core/src/jvm/org/apache/storm/trident/spout/IBatchSpout.java | storm-core/src/jvm/org/apache/storm/trident/spout/ICommitterTridentSpout.java | storm-core/src/jvm/org/apache/storm/trident/spout/IOpaquePartitionedTridentSpout.java | storm-core/src/jvm/org/apache/storm/trident/spout/IPartitionedTridentSpout.java | storm-core/src/jvm/org/apache/storm/trident/spout/ISpoutPartition.java | storm-core/src/jvm/org/apache/storm/trident/spout/ITridentDataSource.java | storm-core/src/jvm/org/apache/storm/trident/spout/ITridentSpout.java | storm-core/src/jvm/org/apache/storm/trident/spout/OpaquePartitionedTridentSpoutExecutor.java | storm-core/src/jvm/org/apache/storm/trident/spout/PartitionedTridentSpoutExecutor.java | storm-core/src/jvm/org/apache/storm/trident/spout/RichSpoutBatchExecutor.java | storm-core/src/jvm/org/apache/storm/trident/spout/RichSpoutBatchId.java | storm-core/src/jvm/org/apache/storm/trident/spout/RichSpoutBatchIdSerializer.java | storm-core/src/jvm/org/apache/storm/trident/spout/RichSpoutBatchTriggerer.java | storm-core/src/jvm/org/apache/storm/trident/spout/TridentSpoutCoordinator.java | storm-core/src/jvm/org/apache/storm/trident/spout/TridentSpoutExecutor.java | storm-core/src/jvm/org/apache/storm/trident/state/BaseQueryFunction.java | storm-core/src/jvm/org/apache/storm/trident/state/BaseStateUpdater.java | storm-core/src/jvm/org/apache/storm/trident/state/CombinerValueUpdater.java | storm-core/src/jvm/org/apache/storm/trident/state/ITupleCollection.java | storm-core/src/jvm/org/apache/storm/trident/state/JSONNonTransactionalSerializer.java | storm-core/src/jvm/org/apache/storm/trident/state/JSONOpaqueSerializer.java | storm-core/src/jvm/org/apache/storm/trident/state/JSONTransactionalSerializer.java | storm-core/src/jvm/org/apache/storm/trident/state/OpaqueValue.java | storm-core/src/jvm/org/apache/storm/trident/state/QueryFunction.java | storm-core/src/jvm/org/apache/storm/trident/state/ReadOnlyState.java | storm-core/src/jvm/org/apache/storm/trident/state/ReducerValueUpdater.java | storm-core/src/jvm/org/apache/storm/trident/state/Serializer.java | storm-core/src/jvm/org/apache/storm/trident/state/State.java | storm-core/src/jvm/org/apache/storm/trident/state/StateFactory.java | storm-core/src/jvm/org/apache/storm/trident/state/StateSpec.java | storm-core/src/jvm/org/apache/storm/trident/state/StateType.java | storm-core/src/jvm/org/apache/storm/trident/state/StateUpdater.java | storm-core/src/jvm/org/apache/storm/trident/state/TransactionalValue.java | storm-core/src/jvm/org/apache/storm/trident/state/ValueUpdater.java | storm-core/src/jvm/org/apache/storm/trident/state/map/CachedBatchReadsMap.java | storm-core/src/jvm/org/apache/storm/trident/state/map/CachedMap.java | storm-core/src/jvm/org/apache/storm/trident/state/map/IBackingMap.java | storm-core/src/jvm/org/apache/storm/trident/state/map/MapCombinerAggStateUpdater.java | storm-core/src/jvm/org/apache/storm/trident/state/map/MapReducerAggStateUpdater.java | storm-core/src/jvm/org/apache/storm/trident/state/map/MapState.java | storm-core/src/jvm/org/apache/storm/trident/state/map/MicroBatchIBackingMap.java | storm-core/src/jvm/org/apache/storm/trident/state/map/NonTransactionalMap.java | storm-core/src/jvm/org/apache/storm/trident/state/map/OpaqueMap.java | storm-core/src/jvm/org/apache/storm/trident/state/map/ReadOnlyMapState.java | storm-core/src/jvm/org/apache/storm/trident/state/map/RemovableMapState.java | storm-core/src/jvm/org/apache/storm/trident/state/map/SnapshottableMap.java | storm-core/src/jvm/org/apache/storm/trident/state/map/TransactionalMap.java | storm-core/src/jvm/org/apache/storm/trident/state/snapshot/ReadOnlySnapshottable.java | storm-core/src/jvm/org/apache/storm/trident/state/snapshot/Snapshottable.java | storm-core/src/jvm/org/apache/storm/trident/testing/CountAsAggregator.java | storm-core/src/jvm/org/apache/storm/trident/testing/FeederBatchSpout.java | storm-core/src/jvm/org/apache/storm/trident/testing/FeederCommitterBatchSpout.java | storm-core/src/jvm/org/apache/storm/trident/testing/FixedBatchSpout.java | storm-core/src/jvm/org/apache/storm/trident/testing/IFeeder.java | storm-core/src/jvm/org/apache/storm/trident/testing/LRUMemoryMapState.java | storm-core/src/jvm/org/apache/storm/trident/testing/MemoryBackingMap.java | storm-core/src/jvm/org/apache/storm/trident/testing/MemoryMapState.java | storm-core/src/jvm/org/apache/storm/trident/testing/Split.java | storm-core/src/jvm/org/apache/storm/trident/testing/StringLength.java | storm-core/src/jvm/org/apache/storm/trident/testing/TrueFilter.java | storm-core/src/jvm/org/apache/storm/trident/testing/TuplifyArgs.java | storm-core/src/jvm/org/apache/storm/trident/topology/BatchInfo.java | storm-core/src/jvm/org/apache/storm/trident/topology/ITridentBatchBolt.java | storm-core/src/jvm/org/apache/storm/trident/topology/MasterBatchCoordinator.java | storm-core/src/jvm/org/apache/storm/trident/topology/TransactionAttempt.java | storm-core/src/jvm/org/apache/storm/trident/topology/TridentBoltExecutor.java | storm-core/src/jvm/org/apache/storm/trident/topology/TridentTopologyBuilder.java | storm-core/src/jvm/org/apache/storm/trident/topology/state/RotatingTransactionalState.java | storm-core/src/jvm/org/apache/storm/trident/topology/state/TestTransactionalState.java | storm-core/src/jvm/org/apache/storm/trident/topology/state/TransactionalState.java | storm-core/src/jvm/org/apache/storm/trident/tuple/ComboList.java | storm-core/src/jvm/org/apache/storm/trident/tuple/ConsList.java | storm-core/src/jvm/org/apache/storm/trident/tuple/TridentTuple.java | storm-core/src/jvm/org/apache/storm/trident/tuple/TridentTupleView.java | storm-core/src/jvm/org/apache/storm/trident/tuple/ValuePointer.java | storm-core/src/jvm/org/apache/storm/trident/util/ErrorEdgeFactory.java | storm-core/src/jvm/org/apache/storm/trident/util/IndexedEdge.java | storm-core/src/jvm/org/apache/storm/trident/util/LRUMap.java | storm-core/src/jvm/org/apache/storm/trident/util/TridentUtils.java | storm-core/src/jvm/org/apache/storm/tuple/AddressedTuple.java | storm-core/src/jvm/org/apache/storm/tuple/Fields.java | storm-core/src/jvm/org/apache/storm/tuple/ITuple.java | storm-core/src/jvm/org/apache/storm/tuple/MessageId.java | storm-core/src/jvm/org/apache/storm/tuple/Tuple.java | storm-core/src/jvm/org/apache/storm/tuple/TupleImpl.java | storm-core/src/jvm/org/apache/storm/tuple/Values.java | storm-core/src/jvm/org/apache/storm/ui/InvalidRequestException.java | storm-core/src/jvm/org/apache/storm/utils/BufferFileInputStream.java | storm-core/src/jvm/org/apache/storm/utils/BufferInputStream.java | storm-core/src/jvm/org/apache/storm/utils/CRC32OutputStream.java | storm-core/src/jvm/org/apache/storm/utils/ClojureTimerTask.java | storm-core/src/jvm/org/apache/storm/utils/Container.java | storm-core/src/jvm/org/apache/storm/utils/DRPCClient.java | storm-core/src/jvm/org/apache/storm/utils/DisruptorBackpressureCallback.java | storm-core/src/jvm/org/apache/storm/utils/DisruptorQueue.java | storm-core/src/jvm/org/apache/storm/utils/ExtendedThreadPoolExecutor.java | storm-core/src/jvm/org/apache/storm/utils/IndifferentAccessMap.java | storm-core/src/jvm/org/apache/storm/utils/InprocMessaging.java | storm-core/src/jvm/org/apache/storm/utils/KeyedRoundRobinQueue.java | storm-core/src/jvm/org/apache/storm/utils/ListDelegate.java | storm-core/src/jvm/org/apache/storm/utils/LocalState.java | storm-core/src/jvm/org/apache/storm/utils/Monitor.java | storm-core/src/jvm/org/apache/storm/utils/MutableInt.java | storm-core/src/jvm/org/apache/storm/utils/MutableLong.java | storm-core/src/jvm/org/apache/storm/utils/MutableObject.java | storm-core/src/jvm/org/apache/storm/utils/NimbusClient.java | storm-core/src/jvm/org/apache/storm/utils/NimbusLeaderNotFoundException.java | storm-core/src/jvm/org/apache/storm/utils/RegisteredGlobalState.java | storm-core/src/jvm/org/apache/storm/utils/RotatingMap.java | storm-core/src/jvm/org/apache/storm/utils/ServiceRegistry.java | storm-core/src/jvm/org/apache/storm/utils/ShellBoltMessageQueue.java | storm-core/src/jvm/org/apache/storm/utils/ShellProcess.java | storm-core/src/jvm/org/apache/storm/utils/ShellUtils.java | storm-core/src/jvm/org/apache/storm/utils/StormBoundedExponentialBackoffRetry.java | storm-core/src/jvm/org/apache/storm/utils/TestUtils.java | storm-core/src/jvm/org/apache/storm/utils/ThriftTopologyUtils.java | storm-core/src/jvm/org/apache/storm/utils/Time.java | storm-core/src/jvm/org/apache/storm/utils/TimeCacheMap.java | storm-core/src/jvm/org/apache/storm/utils/TransferDrainer.java | storm-core/src/jvm/org/apache/storm/utils/TupleUtils.java | storm-core/src/jvm/org/apache/storm/utils/Utils.java | storm-core/src/jvm/org/apache/storm/utils/VersionInfo.java | storm-core/src/jvm/org/apache/storm/utils/VersionedStore.java | storm-core/src/jvm/org/apache/storm/utils/WindowedTimeThrottler.java | storm-core/src/jvm/org/apache/storm/utils/WorkerBackpressureCallback.java | storm-core/src/jvm/org/apache/storm/utils/WorkerBackpressureThread.java | storm-core/src/jvm/org/apache/storm/utils/WritableUtils.java | storm-core/src/jvm/org/apache/storm/utils/ZookeeperAuthInfo.java | storm-core/src/jvm/org/apache/storm/utils/ZookeeperServerCnxnFactory.java | storm-core/src/jvm/org/apache/storm/validation/ConfigValidation.java | storm-core/src/jvm/org/apache/storm/validation/ConfigValidationAnnotations.java | storm-core/src/jvm/org/apache/storm/validation/ConfigValidationUtils.java | storm-core/src/jvm/org/apache/storm/windowing/CountEvictionPolicy.java | storm-core/src/jvm/org/apache/storm/windowing/CountTriggerPolicy.java | storm-core/src/jvm/org/apache/storm/windowing/Event.java | storm-core/src/jvm/org/apache/storm/windowing/EventImpl.java | storm-core/src/jvm/org/apache/storm/windowing/EvictionPolicy.java | storm-core/src/jvm/org/apache/storm/windowing/TimeEvictionPolicy.java | storm-core/src/jvm/org/apache/storm/windowing/TimeTriggerPolicy.java | storm-core/src/jvm/org/apache/storm/windowing/TriggerHandler.java | storm-core/src/jvm/org/apache/storm/windowing/TriggerPolicy.java | storm-core/src/jvm/org/apache/storm/windowing/TupleWindow.java | storm-core/src/jvm/org/apache/storm/windowing/TupleWindowImpl.java | storm-core/src/jvm/org/apache/storm/windowing/WaterMarkEvent.java | storm-core/src/jvm/org/apache/storm/windowing/WaterMarkEventGenerator.java | storm-core/src/jvm/org/apache/storm/windowing/WatermarkCountEvictionPolicy.java | storm-core/src/jvm/org/apache/storm/windowing/WatermarkCountTriggerPolicy.java | storm-core/src/jvm/org/apache/storm/windowing/WatermarkTimeEvictionPolicy.java | storm-core/src/jvm/org/apache/storm/windowing/WatermarkTimeTriggerPolicy.java | storm-core/src/jvm/org/apache/storm/windowing/Window.java | storm-core/src/jvm/org/apache/storm/windowing/WindowLifecycleListener.java | storm-core/src/jvm/org/apache/storm/windowing/WindowManager.java | storm-rename-hack/src/main/java/org/apache/storm/hack/DefaultShader.java | storm-rename-hack/src/main/java/org/apache/storm/hack/IOUtil.java | storm-rename-hack/src/main/java/org/apache/storm/hack/ShadeRequest.java | storm-rename-hack/src/main/java/org/apache/storm/hack/StormShadeRequest.java | storm-rename-hack/src/main/java/org/apache/storm/hack/StormShadeTransformer.java | storm-rename-hack/src/main/java/org/apache/storm/hack/relocation/Relocator.java | storm-rename-hack/src/main/java/org/apache/storm/hack/relocation/SimpleRelocator.java | storm-rename-hack/src/main/java/org/apache/storm/hack/resource/ClojureTransformer.java | storm-rename-hack/src/main/java/org/apache/storm/hack/resource/ResourceTransformer.java,Merge remote-tracking branch 'apache/master' into STORM-1419
STORM-1419,b9bf574a11ecdf9957c8c5d526e0528c4e13ea97,2016-01-13T12:21:20-05:00,FIRST_PARENT_MERGE,2,true,true,3,external/storm-solr/src/main/java/org/apache/storm/solr/bolt/SolrUpdateBolt.java | external/storm-solr/src/main/java/org/apache/storm/solr/config/SolrConfig.java | storm-core/src/jvm/org/apache/storm/utils/TupleUtils.java,Merge branch 'STORM-1419' of github.com:vesense/storm into 1.x-branch
STORM-1423,2199ee89de21899ef7db31d2f4e88aad60a53843,2015-12-15T16:05:04-08:00,NON_MERGE,1,false,true,4,storm-core/src/jvm/backtype/storm/security/auth/DefaultHttpCredentialsPlugin.java | storm-core/src/jvm/backtype/storm/security/auth/ReqContext.java | storm-core/src/jvm/backtype/storm/security/auth/digest/ServerCallbackHandler.java | storm-core/src/jvm/backtype/storm/utils/NimbusClient.java,STORM-1423: storm UI in a secure env shows error even when credentials are present.
STORM-1425,ec8739edbccecf125b012f35dbdd90c3e5439103,2016-01-11T11:03:43-06:00,FIRST_PARENT_MERGE,2,true,true,4,external/storm-hbase/src/main/java/org/apache/storm/hbase/bolt/HBaseBolt.java | external/storm-hbase/src/main/java/org/apache/storm/hbase/bolt/HBaseLookupBolt.java | external/storm-hdfs/src/main/java/org/apache/storm/hdfs/bolt/AbstractHdfsBolt.java | external/storm-hive/src/main/java/org/apache/storm/hive/bolt/HiveBolt.java,Merge branch 'ack-tick-tuples' of https://github.com/vesense/storm into STORM-1425
STORM-1426,5978612d2d5f9bd0fb44714d7056dfcc70d57596,2015-12-29T15:08:54+08:00,NON_MERGE,1,false,true,1,storm-core/src/jvm/backtype/storm/messaging/AddressedTuple.java,[STORM-1426] keep backtype.storm.tuple.AddressedTuple and delete duplicated backtype.storm.messaging.AddressedTuple
STORM-1427,759e34c675950f813476686e25b29c4ad6dcd5ef,2015-12-30T17:27:09+08:00,NON_MERGE,1,false,true,1,storm-core/src/jvm/backtype/storm/utils/TupleUtils.java,[STORM-1427] add TupleUtils/listHashCode method and delete tuple.clj
STORM-1449,17732a36f68ccd0db5df5cd18194c4201abd563c,2016-01-11T10:49:12-06:00,FIRST_PARENT_MERGE,2,true,true,1,storm-core/src/jvm/backtype/storm/spout/RawMultiScheme.java,Merge branch 'STORM-1499' of https://github.com/arunmahadevan/storm into STORM-1449
STORM-1452,93a66b8f456d64074d46d014b6e65d42dcb6d311,2016-01-20T17:13:42-05:00,FIRST_PARENT_MERGE,2,true,true,1,storm-core/src/jvm/org/apache/storm/Config.java,Merge branch 'storm-1452-profiler-broken-by-default' of github.com:d2r/storm
STORM-1452,76462f2ae39c7701b3dc5d8508f3ab40a6dec8fd,2016-01-20T17:15:26-05:00,FIRST_PARENT_MERGE,2,true,true,1,storm-core/src/jvm/org/apache/storm/Config.java,Merge branch 'storm-1452-profiler-broken-by-default' of github.com:d2r/storm into 1.x-branch
STORM-1455,0f5abf43dfd02eb878b5ec09b098c224ba8c5bc0,2016-01-19T21:43:22+05:30,NON_MERGE,1,false,true,2,external/storm-kafka/src/jvm/org/apache/storm/kafka/KafkaUtils.java | external/storm-kafka/src/jvm/org/apache/storm/kafka/PartitionManager.java,STORM-1455: Do not reset the emittedOffset for offsetOutOfRangeExceptions
STORM-1455,c1e8ec576a391c9431ec50eb8eb60c083417b4c7,2016-01-19T21:43:22+05:30,NON_MERGE,1,false,true,2,external/storm-kafka/src/jvm/org/apache/storm/kafka/KafkaUtils.java | external/storm-kafka/src/jvm/org/apache/storm/kafka/PartitionManager.java,STORM-1455: Do not reset the emittedOffset for offsetOutOfRangeExceptions
STORM-1455,0bd831687764d1cc818cd97c5d65ef9bdac98101,2016-01-26T23:29:50+05:30,NON_MERGE,1,false,true,3,external/storm-kafka/src/jvm/org/apache/storm/kafka/KafkaSpout.java | external/storm-kafka/src/jvm/org/apache/storm/kafka/PartitionManager.java | external/storm-kafka/src/jvm/org/apache/storm/kafka/trident/TridentKafkaEmitter.java,STORM-1455: Fix build failure
STORM-1455,5eac6855642df52823af9ba13ad12ab5505f9753,2016-01-26T23:29:50+05:30,NON_MERGE,1,false,true,3,external/storm-kafka/src/jvm/org/apache/storm/kafka/KafkaSpout.java | external/storm-kafka/src/jvm/org/apache/storm/kafka/PartitionManager.java | external/storm-kafka/src/jvm/org/apache/storm/kafka/trident/TridentKafkaEmitter.java,STORM-1455: Fix build failure
STORM-1466,1c45fdf482d4a8eeb1e11502a7641f19f246e2e3,2016-01-15T12:07:02-05:00,FIRST_PARENT_MERGE,2,true,true,1,storm-rename-hack/src/main/java/org/apache/storm/hack/StormShadeRequest.java,Merge branch 'STORM-1466' of github.com:knusbaum/incubator-storm
STORM-1466,f3ca588e0b76c0006b0d14fffd2d55a48b3ccf24,2016-01-15T12:08:33-05:00,FIRST_PARENT_MERGE,2,true,true,1,storm-rename-hack/src/main/java/org/apache/storm/hack/StormShadeRequest.java,Merge branch 'STORM-1466' of github.com:knusbaum/incubator-storm into 1.x-branch
STORM-1472,b48f02e39dcbec62a29da6989c98e004b6b1c940,2016-01-13T20:52:59-06:00,NON_MERGE,1,false,true,1,storm-core/src/jvm/org/apache/storm/scheduler/Cluster.java,[STORM-1472] Fix the errorTime bug and show the time to be readable
STORM-1478,a263787d08056afafa0ae777cdab9644bb1e29a4,2016-01-19T16:26:14+05:30,FIRST_PARENT_MERGE,2,true,true,4,external/storm-hdfs/src/main/java/org/apache/storm/hdfs/bolt/AbstractHdfsBolt.java | external/storm-hive/src/main/java/org/apache/storm/hive/bolt/HiveBolt.java | external/storm-solr/src/main/java/org/apache/storm/solr/bolt/SolrUpdateBolt.java | storm-core/src/jvm/org/apache/storm/utils/TupleUtils.java,Merge branch 'STORM-1478' of https://github.com/vesense/storm into STORM-1478
STORM-1478,b720e2390dc64e304c853be22db62cad70c6bf65,2016-01-25T08:15:21+09:00,FIRST_PARENT_MERGE,2,true,true,4,external/storm-hdfs/src/main/java/org/apache/storm/hdfs/bolt/AbstractHdfsBolt.java | external/storm-hive/src/main/java/org/apache/storm/hive/bolt/HiveBolt.java | external/storm-solr/src/main/java/org/apache/storm/solr/bolt/SolrUpdateBolt.java | storm-core/src/jvm/org/apache/storm/utils/TupleUtils.java,Merge branch 'STORM-1478' of https://github.com/vesense/storm into STORM-1478-1.x
STORM-1481,4fb83d926c9cfcdf0abad667cfd7390b1f56f654,2016-01-20T13:57:55-06:00,NON_MERGE,1,false,true,2,storm-core/src/jvm/org/apache/storm/trident/partition/IndexHashGrouping.java | storm-core/src/jvm/org/apache/storm/utils/Utils.java,Merge branch 'STORM-1481' of https://github.com/vesense/storm into STORM-1481
STORM-1481,8b7b2792eecc847cdb5eca940ff6bc2e38b8ba20,2016-01-20T15:44:21-05:00,NON_MERGE,1,false,true,2,storm-core/src/jvm/backtype/storm/utils/Utils.java | storm-core/src/jvm/storm/trident/partition/IndexHashGrouping.java,merge fix for STORM-1481: avoid Math.abs(Integer) get a negative value
STORM-1482,8c591727d3c8eb4384da8c2ea7f26bc7b0c5a02d,2016-01-18T09:54:05+09:00,FIRST_PARENT_MERGE,2,true,true,1,external/storm-redis/src/main/java/org/apache/storm/redis/bolt/RedisStoreBolt.java,Merge branch 'STORM-1482' of https://github.com/vesense/storm into STORM-1482
STORM-1485,ae106d54ae05df334d0b76606fe39a1e3a028db8,2016-01-22T16:13:13-06:00,NON_MERGE,1,false,true,8,storm-core/src/jvm/org/apache/storm/drpc/ReturnResults.java | storm-core/src/jvm/org/apache/storm/messaging/netty/KerberosSaslNettyClient.java | storm-core/src/jvm/org/apache/storm/messaging/netty/KerberosSaslNettyServer.java | storm-core/src/jvm/org/apache/storm/messaging/netty/Login.java | storm-core/src/jvm/org/apache/storm/security/auth/TBackoffConnect.java | storm-core/src/jvm/org/apache/storm/security/auth/ThriftClient.java | storm-core/src/jvm/org/apache/storm/security/auth/kerberos/KerberosSaslTransportPlugin.java | storm-core/src/jvm/org/apache/storm/utils/DRPCClient.java,Merge branch 'STORM-1485' of https://github.com/kishorvpatil/incubator-storm into STORM-1485
STORM-1492,6fbd3d4e8df0c68472308d81c4c824635355dfcd,2016-02-05T15:40:16+09:00,NON_MERGE,1,false,true,1,storm-client/src/jvm/org/apache/storm/utils/Utils.java,"STORM-1492 With nimbus.seeds set to default, a nimbus for localhost may appear ""Offline"""
STORM-1499,1eca8a3398679dce7675e72d91527ac05335bd54,2016-01-07T15:26+05:30,NON_MERGE,1,false,true,1,storm-core/src/jvm/backtype/storm/spout/RawMultiScheme.java,[STORM-1499] Fix Kafka spout to maintain backward compatibility
STORM-1504,e5ca89b292aa8f7a983b29d610f71313594e32e3,2016-02-02T10:27:52-06:00,NON_MERGE,1,false,true,7,external/storm-hdfs/src/main/java/org/apache/storm/hdfs/avro/AbstractAvroSerializer.java | external/storm-hdfs/src/main/java/org/apache/storm/hdfs/avro/AvroSchemaRegistry.java | external/storm-hdfs/src/main/java/org/apache/storm/hdfs/avro/AvroUtils.java | external/storm-hdfs/src/main/java/org/apache/storm/hdfs/avro/ConfluentAvroSerializer.java | external/storm-hdfs/src/main/java/org/apache/storm/hdfs/avro/FixedAvroSerializer.java | external/storm-hdfs/src/main/java/org/apache/storm/hdfs/avro/GenericAvroSerializer.java | external/storm-hdfs/src/main/java/org/apache/storm/hdfs/bolt/AvroGenericRecordBolt.java,STORM-1504: Add Serializer and instruction for AvroGenericRecordBolt
STORM-1504,ea9abeb2d67402cf82e80adf6498a30a38b3a0a4,2016-02-02T15:35:39-06:00,NON_MERGE,1,false,true,7,external/storm-hdfs/src/main/java/org/apache/storm/hdfs/avro/AbstractAvroSerializer.java | external/storm-hdfs/src/main/java/org/apache/storm/hdfs/avro/AvroSchemaRegistry.java | external/storm-hdfs/src/main/java/org/apache/storm/hdfs/avro/AvroUtils.java | external/storm-hdfs/src/main/java/org/apache/storm/hdfs/avro/ConfluentAvroSerializer.java | external/storm-hdfs/src/main/java/org/apache/storm/hdfs/avro/FixedAvroSerializer.java | external/storm-hdfs/src/main/java/org/apache/storm/hdfs/avro/GenericAvroSerializer.java | external/storm-hdfs/src/main/java/org/apache/storm/hdfs/bolt/AvroGenericRecordBolt.java,STORM-1518: Backport of STORM-1504
STORM-1515,0e5a68e9d2e8d5e79a1af36203f52801ba6d4864,2019-08-13T11:28:31-06:00,NON_MERGE,1,false,true,1,storm-client/src/jvm/org/apache/storm/utils/LocalState.java,STORM-1515: Fix LocalState Corruption
STORM-1515,d212b59cd05d2c67a9b09d0c6a98d241f77824fb,2019-08-13T11:28:31-06:00,NON_MERGE,1,false,true,1,storm-client/src/jvm/org/apache/storm/utils/LocalState.java,STORM-1515: Fix LocalState Corruption
STORM-1517,96bde69a0e0790546427fd1c4a29ae5e4e4af7ae,2016-02-02T16:42:11+05:30,NON_MERGE,1,false,true,3,storm-core/src/jvm/org/apache/storm/trident/Stream.java | storm-core/src/jvm/org/apache/storm/trident/operation/Consumer.java | storm-core/src/jvm/org/apache/storm/trident/operation/impl/ConsumerExecutor.java,[STORM-1517] add peek api in trident stream
STORM-1517,f3f62ea6ff36ea38b9d82ab2cf4940f6bc13ae90,2016-02-02T16:42:11+05:30,NON_MERGE,1,false,true,3,storm-core/src/jvm/org/apache/storm/trident/Stream.java | storm-core/src/jvm/org/apache/storm/trident/operation/Consumer.java | storm-core/src/jvm/org/apache/storm/trident/operation/impl/ConsumerExecutor.java,[STORM-1517] add peek api in trident stream
STORM-1518,ea9abeb2d67402cf82e80adf6498a30a38b3a0a4,2016-02-02T15:35:39-06:00,NON_MERGE,1,false,true,7,external/storm-hdfs/src/main/java/org/apache/storm/hdfs/avro/AbstractAvroSerializer.java | external/storm-hdfs/src/main/java/org/apache/storm/hdfs/avro/AvroSchemaRegistry.java | external/storm-hdfs/src/main/java/org/apache/storm/hdfs/avro/AvroUtils.java | external/storm-hdfs/src/main/java/org/apache/storm/hdfs/avro/ConfluentAvroSerializer.java | external/storm-hdfs/src/main/java/org/apache/storm/hdfs/avro/FixedAvroSerializer.java | external/storm-hdfs/src/main/java/org/apache/storm/hdfs/avro/GenericAvroSerializer.java | external/storm-hdfs/src/main/java/org/apache/storm/hdfs/bolt/AvroGenericRecordBolt.java,STORM-1518: Backport of STORM-1504
STORM-1520,25f8b2af7ac007ca4da304e3e25813a4f0079af4,2016-02-04T18:17:15+09:00,NON_MERGE,1,false,true,1,storm-core/src/jvm/org/apache/storm/utils/StormConnectionStateConverter.java,"STORM-1520 Nimbus Clojure/Zookeeper issue (""stateChanged"" method not found)"
STORM-1520,002564739dde8fec43e799e0f81e2b951a2a5a19,2016-02-04T18:49:03+09:00,NON_MERGE,1,false,true,1,storm-core/src/jvm/org/apache/storm/utils/StormConnectionStateConverter.java,"STORM-1520 Nimbus Clojure/Zookeeper issue (""stateChanged"" method not found)"
STORM-1520,ed4a55f50f5e73589e2a59c99236651edf0f18b1,2016-02-09T11:26:06+09:00,NON_MERGE,1,false,true,1,storm-core/src/jvm/org/apache/storm/utils/StormConnectionStateConverter.java,"STORM-1520 Nimbus Clojure/Zookeeper issue (""stateChanged"" method not found)"
STORM-1521,17da503f49e09fbe309416a434cd7f394a7b5470,2016-02-10T11:55:53-08:00,NON_MERGE,1,false,true,1,external/storm-hbase/src/main/java/org/apache/storm/hbase/security/HBaseSecurityUtil.java,Merge branch 'master' of https://github.com/dbahir/storm into STORM-1521
STORM-1532,0e62a2dcd3d7358712cfab8ae18b2251066d0812,2016-02-10T11:23:34+05:30,NON_MERGE,1,false,true,1,storm-core/src/jvm/org/apache/storm/utils/Utils.java,[STORM-1532]: Fix readCommandLineOpts to parse JSON correctly
STORM-1532,b2f8c1b71cd24854c8be064fbd8c0ff8cc18dfaa,2016-02-10T11:23:34+05:30,NON_MERGE,1,false,true,1,storm-core/src/jvm/org/apache/storm/utils/Utils.java,[STORM-1532]: Fix readCommandLineOpts to parse JSON correctly
STORM-1533,8fe6cf7dfbdaaae84e1272af0d4cf9292138da9e,2016-02-09T21:23:51+05:30,NON_MERGE,1,false,true,1,storm-core/src/jvm/org/apache/storm/validation/ConfigValidation.java,STORM-1533: IntegerValidator for metric consumer parallelism hint
STORM-1533,6a1e54f62bb82971dacb6097ceec686dfaca3e3c,2016-02-11T08:44:22-06:00,NON_MERGE,1,false,true,1,storm-core/src/jvm/org/apache/storm/validation/ConfigValidation.java,Merge branch 'release1' of https://github.com/abhishekagarwal87/storm into STORM-1533
STORM-1534,6a1e54f62bb82971dacb6097ceec686dfaca3e3c,2016-02-11T08:44:22-06:00,NON_MERGE,1,false,false,1,storm-core/src/jvm/org/apache/storm/validation/ConfigValidation.java,Merge branch 'release1' of https://github.com/abhishekagarwal87/storm into STORM-1533
STORM-1535,603a077aec3d8b6495f0f84694c2d21577ae4520,2016-03-31T12:46:25-07:00,NON_MERGE,1,false,true,1,external/storm-hdfs/src/main/java/org/apache/storm/hdfs/common/security/HdfsSecurityUtil.java,STORM-1535: Make sure hdfs key tab login happens only once for multiple bolts/executors.
STORM-1535,6ce8fa812301ddb727c9a6e7f40473e37b74f1a2,2016-03-31T12:46:25-07:00,NON_MERGE,1,false,true,1,external/storm-hdfs/src/main/java/org/apache/storm/hdfs/common/security/HdfsSecurityUtil.java,STORM-1535: Make sure hdfs key tab login happens only once for multiple bolts/executors.
STORM-1535,bc488c23420215db847fd8dde5a1006e319521de,2016-03-31T12:46:25-07:00,NON_MERGE,1,false,true,1,external/storm-hdfs/src/main/java/org/apache/storm/hdfs/common/security/HdfsSecurityUtil.java,STORM-1535: Make sure hdfs key tab login happens only once for multiple bolts/executors.
STORM-1535,534b388a179896c0876400107030350621f085a9,2016-04-21T10:10:26-07:00,NON_MERGE,1,false,true,1,external/storm-hdfs/src/main/java/org/apache/storm/hdfs/common/security/HdfsSecurityUtil.java,STORM-1535: Removing the unnecessary comment.
STORM-1535,87b0f3c895f54b87e0265f7f28984e0e3f310b58,2016-04-21T10:10:26-07:00,NON_MERGE,1,false,true,1,external/storm-hdfs/src/main/java/org/apache/storm/hdfs/common/security/HdfsSecurityUtil.java,STORM-1535: Removing the unnecessary comment.
STORM-1535,9ac4c3f3c06a0d3f3e0bbbfe8b9eb6a44a32557a,2016-04-21T10:10:26-07:00,NON_MERGE,1,false,true,1,external/storm-hdfs/src/main/java/org/apache/storm/hdfs/common/security/HdfsSecurityUtil.java,STORM-1535: Removing the unnecessary comment.
STORM-1540,0f0dea0b4d2b17d6e8dc32e82341b8aec70ef6e9,2016-02-16T15:55:25+05:30,NON_MERGE,1,false,true,2,storm-core/src/jvm/org/apache/storm/serialization/SerializationFactory.java | storm-core/src/jvm/org/apache/storm/trident/tuple/ConsList.java,[STORM-1540] Fix Debug/Sampling for Trident
STORM-1540,d56a22567e9905b88a4af79050658d7cb389674b,2016-02-16T15:55:25+05:30,NON_MERGE,1,false,true,2,storm-core/src/jvm/org/apache/storm/serialization/SerializationFactory.java | storm-core/src/jvm/org/apache/storm/trident/tuple/ConsList.java,[STORM-1540] Fix Debug/Sampling for Trident
STORM-1545,dca0e8476f5e55e5b8f8f064e9e47cfd8c3e27c5,2016-02-18T19:16:12+01:00,NON_MERGE,1,false,true,1,storm-core/src/jvm/org/apache/storm/metric/FileBasedEventLogger.java,STORM-1545
STORM-1545,02ae42ebe8e42da7a567c2a49309dd6ca4aa5155,2016-02-18T19:32:18+01:00,NON_MERGE,1,false,true,1,storm-core/src/jvm/org/apache/storm/metric/FileBasedEventLogger.java,STORM-1545 - more common code
STORM-1552,8d6096154ac30bbd3bc390604b6b9376a740c83e,2016-02-15T20:41:03+05:30,NON_MERGE,1,false,true,1,storm-core/src/jvm/org/apache/storm/metric/FileBasedEventLogger.java,[STORM-1552] Fix topology event sampling log dir
STORM-1572,9e65c1141fcd4141da5e46e36acffea0fc29ace4,2016-02-24T10:41:40-06:00,NON_MERGE,1,false,true,1,storm-core/src/jvm/org/apache/storm/command/CLI.java,STORM-1572: Minor rework
STORM-1576,59d6bd832f21e5479cd056565d8203da5089b863,2016-02-26T00:56:11+05:30,NON_MERGE,1,false,true,1,storm-core/src/jvm/org/apache/storm/topology/TopologyBuilder.java,[STORM-1576] fix ConcurrentModificationException in addCheckpointInputs
STORM-1576,98bc3ae9b6ba1c03d33d7bb1ec61af920ca4659c,2016-02-26T00:56:11+05:30,NON_MERGE,1,false,true,1,storm-core/src/jvm/org/apache/storm/topology/TopologyBuilder.java,[STORM-1576] fix ConcurrentModificationException in addCheckpointInputs
STORM-1579,034f0cf107403100650d6eb65e7168f62133864a,2016-02-28T22:33:21+08:00,NON_MERGE,1,false,true,1,storm-core/src/jvm/org/apache/storm/utils/ConfigUtils.java,"fix STORM-1579, checks storm.local.dir property/conf when getting storm log dir"
STORM-1592,a6bcfbc45752fde31b27377893e630509b1b193f,2016-03-01T10:58:45-06:00,NON_MERGE,1,false,true,1,storm-core/src/jvm/org/apache/storm/utils/Utils.java,STORM-1592: clojure code calling into Utils.exitProcess throws ClassCastException
STORM-1594,08938c222e0f81f40c3d9bd3e5231bb86ae6e815,2016-06-27T10:33:28+08:00,NON_MERGE,1,false,true,1,storm-core/src/jvm/org/apache/storm/tuple/Fields.java,STORM-1594 org.apache.storm.tuple.Fields can throw NPE if given invalid field in selector
STORM-1594,de9b0f7a7869b21db251d44a404644a89e3c9137,2016-06-27T10:33:28+08:00,NON_MERGE,1,false,true,1,storm-core/src/jvm/org/apache/storm/tuple/Fields.java,STORM-1594 org.apache.storm.tuple.Fields can throw NPE if given invalid field in selector
STORM-1594,fe5157bf35ed21e4ecf2edb7c5bc9d1402713384,2016-06-27T10:33:28+08:00,NON_MERGE,1,false,true,1,storm-core/src/jvm/org/apache/storm/tuple/Fields.java,STORM-1594 org.apache.storm.tuple.Fields can throw NPE if given invalid field in selector
STORM-1596,51889ae618bef14b77e6e9f621f4941b0095e9cd,2016-03-03T13:41:32-06:00,NON_MERGE,1,false,true,3,storm-core/src/jvm/org/apache/storm/security/auth/AuthUtils.java | storm-core/src/jvm/org/apache/storm/security/auth/kerberos/AutoTGT.java | storm-core/src/jvm/org/apache/storm/security/auth/kerberos/AutoTGTKrb5LoginModule.java,Merge branch 'storm1596' of https://github.com/kishorvpatil/incubator-storm into STORM-1596
STORM-1601,e4eae5f1936a6f61e091653cd14a5a01506290c2,2016-03-04T09:20:21-06:00,FIRST_PARENT_MERGE,2,true,true,1,storm-core/src/jvm/org/apache/storm/cluster/StormClusterStateImpl.java,Merge branch 'storm1601' of https://github.com/kishorvpatil/incubator-storm into STORM-1601
STORM-1602,8965a6c2459841c607fb9587897502581f1e3cdf,2016-03-17T15:53:15+09:00,NON_MERGE,1,false,true,1,storm-core/src/jvm/org/apache/storm/blobstore/BlobStore.java,STORM-1602 Blobstore UTs are failed on Windows
STORM-1602,8dd66bfb378b7b103694b7d968ad21483f3a3b80,2016-03-17T15:53:15+09:00,NON_MERGE,1,false,true,1,storm-core/src/jvm/org/apache/storm/blobstore/BlobStore.java,STORM-1602 Blobstore UTs are failed on Windows
STORM-1608,c0bce3e470ca4d502ee4d2ee953e06e0c0fa96c5,2016-03-07T11:30:35+05:30,NON_MERGE,1,false,true,1,storm-core/src/jvm/org/apache/storm/topology/CheckpointTupleForwarder.java,[STORM-1608] Fix stateful topology acking behavior
STORM-1609,2cfa136a4ac1dca7d3ef4169ebdb9b315bcf2cae,2016-03-12T17:47:10-08:00,NON_MERGE,1,false,true,1,storm-core/src/jvm/org/apache/storm/messaging/netty/Client.java,Merge branch 'netty-best-effort' of https://github.com/redsanket/storm into STORM-1609
STORM-1609,392a49d145a4864731ec1491c269f00de8b2abf7,2016-08-17T13:42:22-04:00,NON_MERGE,1,false,true,1,storm-core/src/jvm/backtype/storm/messaging/netty/Client.java,STORM-1609: Netty Client is not best effort delivery on failed Connection
STORM-1614,5bc15988434bfe4bfb5d4ba317c8fff0283b4ddb,2016-03-09T16:15:46-06:00,NON_MERGE,1,false,true,2,storm-core/src/jvm/org/apache/storm/cluster/IStormClusterState.java | storm-core/src/jvm/org/apache/storm/cluster/StormClusterStateImpl.java,STORM-1614: backpressure changes and initial test
STORM-1614,44050a72bd9708ef2c7fbe9059fe6b0964aaa742,2016-03-11T09:19:11-06:00,NON_MERGE,1,false,true,1,storm-core/src/jvm/org/apache/storm/cluster/StormClusterStateImpl.java,STORM-1614: make removeWorkerBackpressure consistent with how the node gets created in the first place
STORM-1622,7ad1bfff49f969caade3029982227795ed5a5280,2016-03-20T18:04:02+05:30,NON_MERGE,1,false,true,4,storm-rename-hack/src/main/java/org/apache/storm/hack/DefaultShader.java | storm-rename-hack/src/main/java/org/apache/storm/hack/StormShadeRequest.java | storm-rename-hack/src/main/java/org/apache/storm/hack/relocation/Relocator.java | storm-rename-hack/src/main/java/org/apache/storm/hack/relocation/SimpleRelocator.java,STORM-1622: Rename classes with older third party shaded packages
STORM-1631,f679dac1733e5c20fabfda34634d0470466eb539,2016-03-15T16:43:58-05:00,NON_MERGE,1,false,true,2,storm-core/src/jvm/org/apache/storm/container/ResourceIsolationInterface.java | storm-core/src/jvm/org/apache/storm/container/cgroup/CgroupManager.java,[STORM-1631] - Storm CGroup bug when launching workers as the user that submitted the topology
STORM-1642,4f9d5c013da12284353a2411ef386c07ef210214,2017-04-28T16:11:19-05:00,NON_MERGE,1,false,true,3,storm-client/src/jvm/org/apache/storm/messaging/netty/NettyUncaughtExceptionHandler.java | storm-client/src/jvm/org/apache/storm/messaging/netty/StormServerHandler.java | storm-client/src/jvm/org/apache/storm/utils/Utils.java,STORM-1642: Rethrow exception on serialization error and kill worker
STORM-1646,69a85ec27e081ef61ea65bda0b54804a1cb1504c,2016-09-01T07:33:46+09:00,FIRST_PARENT_MERGE,2,true,true,1,external/storm-kafka/src/jvm/org/apache/storm/kafka/ExponentialBackoffMsgRetryManager.java,Merge branch 'STORM-1646-Kafka-Unit-Tests' of https://github.com/ppoulosk/storm into STORM-1646
STORM-1646,a161cf85ad861ec13c090f9f33eb6e119e0c8c67,2016-09-01T07:40:08+09:00,FIRST_PARENT_MERGE,2,true,true,1,external/storm-kafka/src/jvm/org/apache/storm/kafka/ExponentialBackoffMsgRetryManager.java,Merge branch 'STORM-1646-1.x' into 1.x-branch
STORM-1646,b3dccac90764a96fbc9e2afe043e2599b90e5491,2016-09-01T07:41:11+09:00,FIRST_PARENT_MERGE,2,true,true,1,external/storm-kafka/src/jvm/org/apache/storm/kafka/ExponentialBackoffMsgRetryManager.java,Merge branch 'STORM-1646-1.0.x' into 1.0.x-branch
STORM-1654,c6ed8d0c419dba8bdb479a432d5e7855f78b012b,2016-03-24T11:57:28+09:00,NON_MERGE,1,false,true,2,external/storm-hbase/src/main/java/org/apache/storm/hbase/bolt/AbstractHBaseBolt.java | external/storm-hbase/src/main/java/org/apache/storm/hbase/bolt/HBaseBolt.java,STORM-1654 HBaseBolt creates tick tuples with no interval when we don't set flushIntervalSecs
STORM-1654,be96b250802de1f3b96da4ce382996c7dd055af5,2016-03-24T21:52:54-07:00,NON_MERGE,1,false,true,2,external/storm-hbase/src/main/java/org/apache/storm/hbase/bolt/AbstractHBaseBolt.java | external/storm-hbase/src/main/java/org/apache/storm/hbase/bolt/HBaseBolt.java,Merge branch 'STORM-1654' of http://github.com/HeartSavioR/storm into STORM-1654
STORM-1655,723b08735192895b4a8972c0a8b1a49bb7aae33f,2016-03-24T16:45:24+09:00,NON_MERGE,1,false,true,1,external/flux/flux-core/src/main/java/org/apache/storm/flux/Flux.java,STORM-1655 Flux doesn't set return code to non-zero when there's any exception while deploying topology to remote cluster
STORM-1655,ba2385882e705ebf5c33f5a03b67dc3b14781460,2016-03-24T16:45:24+09:00,NON_MERGE,1,false,true,1,external/flux/flux-core/src/main/java/org/apache/storm/flux/Flux.java,STORM-1655 Flux doesn't set return code to non-zero when there's any exception while deploying topology to remote cluster
STORM-1663,ecf4586bc8f32b2c253c134ed0e7380b0a3f917a,2016-03-30T14:01:08-05:00,NON_MERGE,1,false,true,1,storm-core/src/jvm/org/apache/storm/stats/StatsUtil.java,STORM-1663: Stats couldn't handle null worker HB.
STORM-1665,3ef91b0c2d9bba94e4bce8da9d55b4357f7697eb,2016-03-31T12:55:25-05:00,FIRST_PARENT_MERGE,2,true,false,1,storm-core/src/jvm/org/apache/storm/stats/StatsUtil.java,Merge branch 'STORM-1663' of https://github.com/revans2/incubator-storm into STORM-1663
STORM-1666,3ef91b0c2d9bba94e4bce8da9d55b4357f7697eb,2016-03-31T12:55:25-05:00,FIRST_PARENT_MERGE,2,true,false,1,storm-core/src/jvm/org/apache/storm/stats/StatsUtil.java,Merge branch 'STORM-1663' of https://github.com/revans2/incubator-storm into STORM-1663
STORM-1668,436d7752d9e8deca5b4d83f502eb98491548896f,2016-03-30T16:23:05-07:00,NON_MERGE,1,false,true,1,external/flux/flux-core/src/main/java/org/apache/storm/flux/FluxBuilder.java,STORM-1668: Fix silent failing of flux for setting a non-existent property.
STORM-1668,be09c3c1fd05ec1ed8f8d7768c4023691946d0e2,2016-03-30T16:23:05-07:00,NON_MERGE,1,false,true,1,external/flux/flux-core/src/main/java/org/apache/storm/flux/FluxBuilder.java,STORM-1668: Fix silent failing of flux for setting a non-existent property.
STORM-1669,01062f109e9f05e93eed3c15a52a623f270cfef1,2016-03-31T12:30:35+08:00,NON_MERGE,1,false,true,1,external/storm-solr/src/main/java/org/apache/storm/solr/bolt/SolrUpdateBolt.java,STORM-1669: Fix SolrUpdateBolt flush bug
STORM-1669,81997ece6422d2b80ef02b86521772276debc03f,2016-03-31T12:30:35+08:00,NON_MERGE,1,false,true,1,external/storm-solr/src/main/java/org/apache/storm/solr/bolt/SolrUpdateBolt.java,STORM-1669: Fix SolrUpdateBolt flush bug
STORM-1670,0bf05592f4dd8834b99994c0f4c5147925de462f,2016-04-01T16:29:53+05:30,NON_MERGE,1,false,true,1,storm-core/src/jvm/org/apache/storm/utils/VersionedStore.java,STORM-1670 version store should consider ony active/finished version files
STORM-1670,4c0500206509b205769b8a1a17a17f77d7772fa7,2016-04-01T16:29:53+05:30,NON_MERGE,1,false,true,1,storm-core/src/jvm/org/apache/storm/utils/VersionedStore.java,STORM-1670 version store should consider ony active/finished version files
STORM-1670,f6616ccd3de64c55460492f5968ad64a21adcf86,2016-04-02T00:30:08+05:30,NON_MERGE,1,false,true,1,storm-core/src/jvm/org/apache/storm/utils/VersionedStore.java,STORM-1670 Removed DirectoryStream changes
STORM-1670,ff33253f1e1ab720b9e8dbd11ce7406ab2e61c2a,2016-04-02T00:30:08+05:30,NON_MERGE,1,false,true,1,storm-core/src/jvm/org/apache/storm/utils/VersionedStore.java,STORM-1670 Removed DirectoryStream changes
STORM-1672,6763f71b3e4f1d8e5b8f1f05b61f622db0969642,2016-03-31T15:45:06-05:00,NON_MERGE,1,false,true,1,storm-core/src/jvm/org/apache/storm/stats/StatsUtil.java,STORM-1672: Stats getting class cast exception
STORM-1674,03385598e73e6e0f61c5f893635110f4bc5cdb6c,2016-05-20T15:14:48-04:00,NON_MERGE,1,false,true,1,external/storm-kafka/src/jvm/org/apache/storm/kafka/KafkaConfig.java,STORM-1674: resolve merge conflicts
STORM-1674,f069cfb08099a54448bba3f96f20c5b929ea6af3,2016-05-20T15:24-04:00,NON_MERGE,1,false,true,2,external/storm-kafka/src/jvm/org/apache/storm/kafka/KafkaConfig.java | external/storm-kafka/src/jvm/org/apache/storm/kafka/KafkaUtils.java,STORM-1674: rename KafkaConfig.fetchMinBytes to KafkaConfig.minFetchByte to retain backward compatibility with 1.0.x versions
STORM-1674,6d1cb548f419df966056d0c407572f47d6bdf495,2016-05-20T15:33:02-04:00,NON_MERGE,1,false,true,1,external/storm-kafka/src/jvm/org/apache/storm/kafka/KafkaConfig.java,STORM-1674: remove unused KakfaConfig.fetchMinBytes variable.
STORM-1676,0f5d6fd12deb1a11a4654057a296f88f904e874f,2016-05-16T15:36:12+09:00,FIRST_PARENT_MERGE,2,true,true,1,storm-core/src/jvm/org/apache/storm/stats/StatsUtil.java,Merge branch 'stat-util' of https://github.com/abhishekagarwal87/storm into STORM-1676
STORM-1681,d16ee25c7b1db4547e39a4af4d89a3c1b42d9c73,2016-04-04T11:03:05-05:00,NON_MERGE,1,false,true,1,storm-core/src/jvm/org/apache/storm/scheduler/resource/strategies/scheduling/DefaultResourceAwareStrategy.java,[STORM-1681] - Bug in scheduling cyclic topologies when scheduling with RAS
STORM-1681,b67f42a088e87e70d764247fcb0ed46c222d98b8,2016-04-14T10:08:28-05:00,NON_MERGE,1,false,true,1,storm-core/src/jvm/org/apache/storm/scheduler/resource/strategies/scheduling/DefaultResourceAwareStrategy.java,Merge branch 'STORM-1681' of https://github.com/jerrypeng/storm
STORM-1687,44343318a116b8d546df3dedadc2bbea427ae3eb,2016-04-05T20:03:02-05:00,NON_MERGE,1,false,true,1,storm-core/src/jvm/org/apache/storm/stats/StatsUtil.java,[STORM-1687] divide by zero in StatsUtil
STORM-1693,3923e17ec55ce2954ca8c1966dbd017ed6a67fef,2016-04-12T15:14:42+05:30,NON_MERGE,1,false,true,2,storm-core/src/jvm/org/apache/storm/metric/internal/RateTracker.java | storm-core/src/jvm/org/apache/storm/utils/DisruptorQueue.java,STORM-1693: Move stats cleanup to executor shutdown
STORM-1693,983c420bfb170fba0b6ae0fd1b1fb3b99d3a1079,2016-04-12T21:12:09+05:30,NON_MERGE,1,false,true,4,storm-core/src/jvm/org/apache/storm/metric/internal/RateTracker.java | storm-core/src/jvm/org/apache/storm/stats/BoltExecutorStats.java | storm-core/src/jvm/org/apache/storm/stats/SpoutExecutorStats.java | storm-core/src/jvm/org/apache/storm/utils/DisruptorQueue.java,STORM-1693: Move stats cleanup to executor shutdown
STORM-1694,27970e79556e7ffd861e968c08293e63383609d1,2016-06-21T09:35:16-07:00,NON_MERGE,1,false,true,12,external/storm-kafka-client/src/main/java/org/apache/storm/kafka/spout/KafkaSpoutStream.java | external/storm-kafka-client/src/main/java/org/apache/storm/kafka/spout/KafkaSpoutStreams.java | external/storm-kafka-client/src/main/java/org/apache/storm/kafka/spout/KafkaSpoutStreamsNamedTopics.java | external/storm-kafka-client/src/main/java/org/apache/storm/kafka/spout/KafkaSpoutStreamsWildcardTopics.java | external/storm-kafka-client/src/main/java/org/apache/storm/kafka/spout/trident/KafkaTridentSpoutBatchMetadata.java | external/storm-kafka-client/src/main/java/org/apache/storm/kafka/spout/trident/KafkaTridentSpoutEmitter.java | external/storm-kafka-client/src/main/java/org/apache/storm/kafka/spout/trident/KafkaTridentSpoutManager.java | external/storm-kafka-client/src/main/java/org/apache/storm/kafka/spout/trident/KafkaTridentSpoutOpaque.java | external/storm-kafka-client/src/main/java/org/apache/storm/kafka/spout/trident/KafkaTridentSpoutOpaqueCoordinator.java | external/storm-kafka-client/src/main/java/org/apache/storm/kafka/spout/trident/KafkaTridentSpoutTopicPartition.java | external/storm-kafka-client/src/main/java/org/apache/storm/kafka/spout/trident/KafkaTridentSpoutTopicPartitionRegistry.java | external/storm-kafka-client/src/main/java/org/apache/storm/kafka/spout/trident/KafkaTridentSpoutTransactional.java,STORM-1694: Kafka Spout Trident Implementation Using New Kafka Consumer API  - Kafka New Client - Opaque Transactional Trident Spout Implementation  - Implementation supporting multiple named topics and wildcard topics
STORM-1694,76d6e7e5249fe564dee1a3b92b9d9799cb50ef4c,2016-06-21T09:35:16-07:00,NON_MERGE,1,false,true,12,external/storm-kafka-client/src/main/java/org/apache/storm/kafka/spout/KafkaSpoutStream.java | external/storm-kafka-client/src/main/java/org/apache/storm/kafka/spout/KafkaSpoutStreams.java | external/storm-kafka-client/src/main/java/org/apache/storm/kafka/spout/KafkaSpoutStreamsNamedTopics.java | external/storm-kafka-client/src/main/java/org/apache/storm/kafka/spout/KafkaSpoutStreamsWildcardTopics.java | external/storm-kafka-client/src/main/java/org/apache/storm/kafka/spout/trident/KafkaTridentSpoutBatchMetadata.java | external/storm-kafka-client/src/main/java/org/apache/storm/kafka/spout/trident/KafkaTridentSpoutEmitter.java | external/storm-kafka-client/src/main/java/org/apache/storm/kafka/spout/trident/KafkaTridentSpoutManager.java | external/storm-kafka-client/src/main/java/org/apache/storm/kafka/spout/trident/KafkaTridentSpoutOpaque.java | external/storm-kafka-client/src/main/java/org/apache/storm/kafka/spout/trident/KafkaTridentSpoutOpaqueCoordinator.java | external/storm-kafka-client/src/main/java/org/apache/storm/kafka/spout/trident/KafkaTridentSpoutTopicPartition.java | external/storm-kafka-client/src/main/java/org/apache/storm/kafka/spout/trident/KafkaTridentSpoutTopicPartitionRegistry.java | external/storm-kafka-client/src/main/java/org/apache/storm/kafka/spout/trident/KafkaTridentSpoutTransactional.java,STORM-1694: Kafka Spout Trident Implementation Using New Kafka Consumer API  - Kafka New Client - Opaque Transactional Trident Spout Implementation  - Implementation supporting multiple named topics and wildcard topics
STORM-1696,9271056b22ab5c734157a9ca1f3f4ab9a28d4b4b,2016-04-07T18:12:33-05:00,NON_MERGE,1,false,true,1,storm-core/src/jvm/org/apache/storm/utils/DisruptorQueue.java,[STORM-1696]-1.x-branch status not sync if zk fails in backpressure
STORM-1696,a70195d717e1ed179425a0305b2e4279afeb6118,2016-04-13T13:04:57-05:00,NON_MERGE,1,false,true,1,storm-core/src/jvm/org/apache/storm/utils/DisruptorQueue.java,[STORM-1696] status not sync if zk fails in backpressure
STORM-1713,5ddec1eddd46568d9917b33681c459fa04fc31f4,2016-04-15T11:26:19+02:00,NON_MERGE,1,false,true,1,external/storm-kafka/src/jvm/org/apache/storm/kafka/StringMultiSchemeWithTopic.java,STORM-1713: Replace NotImplementedException with UnsupportedOperationException
STORM-1713,c7ee99a9e747ad539676cdda0c7ab435f7fb4eaa,2016-04-15T11:26:19+02:00,NON_MERGE,1,false,true,1,external/storm-kafka/src/jvm/org/apache/storm/kafka/StringMultiSchemeWithTopic.java,STORM-1713: Replace NotImplementedException with UnsupportedOperationException
STORM-1713,fe33b779271a67032fa45a790ecfd54680b60cd4,2016-04-15T11:26:19+02:00,NON_MERGE,1,false,true,1,external/storm-kafka/src/jvm/org/apache/storm/kafka/StringMultiSchemeWithTopic.java,STORM-1713: Replace NotImplementedException with UnsupportedOperationException
STORM-1714,3b879d62d68ac75310d12784d8d1ad4213fdd38e,2016-04-15T17:36:07+05:30,NON_MERGE,1,false,true,4,storm-core/src/jvm/org/apache/storm/topology/CheckpointTupleForwarder.java | storm-core/src/jvm/org/apache/storm/topology/IStatefulBolt.java | storm-core/src/jvm/org/apache/storm/topology/StatefulBoltExecutor.java | storm-core/src/jvm/org/apache/storm/topology/TopologyBuilder.java,[STORM-1714] StatefulBolts ends up as normal bolts while using TopologyBuilder.setBolt without parallelism
STORM-1714,8868a58c27b6baee3d8fa1487434fc58509e514d,2016-04-15T17:36:07+05:30,NON_MERGE,1,false,true,4,storm-core/src/jvm/org/apache/storm/topology/CheckpointTupleForwarder.java | storm-core/src/jvm/org/apache/storm/topology/IStatefulBolt.java | storm-core/src/jvm/org/apache/storm/topology/StatefulBoltExecutor.java | storm-core/src/jvm/org/apache/storm/topology/TopologyBuilder.java,[STORM-1714] StatefulBolts ends up as normal bolts while using TopologyBuilder.setBolt without parallelism
STORM-1714,95e7afc29cde1b7f16c1b0ab8ad65bbd9ed9a2af,2016-04-18T23:17:10+05:30,NON_MERGE,1,false,true,3,storm-core/src/jvm/org/apache/storm/topology/BaseStatefulBoltExecutor.java | storm-core/src/jvm/org/apache/storm/topology/CheckpointTupleForwarder.java | storm-core/src/jvm/org/apache/storm/topology/StatefulBoltExecutor.java,[STORM-1714] refactored common logic into BaseStatefulBoltExecutor
STORM-1714,f2a02bff16401fd27d91c6efee951ecb528a1b7b,2016-04-18T23:17:10+05:30,NON_MERGE,1,false,true,3,storm-core/src/jvm/org/apache/storm/topology/BaseStatefulBoltExecutor.java | storm-core/src/jvm/org/apache/storm/topology/CheckpointTupleForwarder.java | storm-core/src/jvm/org/apache/storm/topology/StatefulBoltExecutor.java,[STORM-1714] refactored common logic into BaseStatefulBoltExecutor
STORM-1725,3702df4abfcad3537847f5aa957aaf243c1860a0,2016-04-22T10:16:31-07:00,NON_MERGE,1,false,true,1,external/storm-kafka-client/src/main/java/org/apache/storm/kafka/spout/KafkaSpoutRetryExponentialBackoff.java,STORM-1725: Kafka Spout New Consumer API - KafkaSpoutRetryExponentialBackoff method should use HashMap instead of TreeMap not to throw Exception  - Replace TreeMap with HashMap
STORM-1725,701a9045f62e3a61f7021f79a765ea89c1afa69d,2016-04-22T10:16:31-07:00,NON_MERGE,1,false,true,1,external/storm-kafka-client/src/main/java/org/apache/storm/kafka/spout/KafkaSpoutRetryExponentialBackoff.java,STORM-1725: Kafka Spout New Consumer API - KafkaSpoutRetryExponentialBackoff method should use HashMap instead of TreeMap not to throw Exception  - Replace TreeMap with HashMap
STORM-1728,9db92f6714842af14a244544b6e34b2814e2565b,2016-05-17T14:12:57-07:00,NON_MERGE,1,false,true,1,storm-core/src/jvm/org/apache/storm/trident/spout/PartitionedTridentSpoutExecutor.java,[Storm-1728] TransactionalTridentKafkaSpout error
STORM-1728,e210932dde69ba6d173364a1d3a8e8e9b6b4dc3c,2016-05-17T14:12:57-07:00,NON_MERGE,1,false,true,1,storm-core/src/jvm/org/apache/storm/trident/spout/PartitionedTridentSpoutExecutor.java,[Storm-1728] TransactionalTridentKafkaSpout error
STORM-1728,eda2d6aef2bbc7f2ad3e67ea956a6d8c1df51d2e,2016-05-17T14:12:57-07:00,NON_MERGE,1,false,true,1,storm-core/src/jvm/org/apache/storm/trident/spout/PartitionedTridentSpoutExecutor.java,[Storm-1728] TransactionalTridentKafkaSpout error
STORM-1730,3c78314e18e21cd188cd7b8e5ae3f2143ed75cbd,2016-05-05T17:32:33+01:00,NON_MERGE,1,false,true,1,storm-core/src/jvm/org/apache/storm/utils/DisruptorQueue.java,STORM-1730 LocalCluster#shutdown() does not terminate all storm threads/thread pools.
STORM-1730,20f28a3a40f650895615cda6d496d05f919a649f,2016-05-18T09:35:14-07:00,NON_MERGE,1,false,true,1,storm-core/src/jvm/org/apache/storm/utils/DisruptorQueue.java,Merge branch 'master' of https://github.com/fbyrne/storm into STORM-1730
STORM-1730,6e46e27a6971fd15fefcc1072edf87cfa2b7dcb9,2016-05-18T09:35:14-07:00,NON_MERGE,1,false,true,1,storm-core/src/jvm/org/apache/storm/utils/DisruptorQueue.java,Merge branch 'master' of https://github.com/fbyrne/storm into STORM-1730
STORM-1737,04f00e56beb9799dc8b8fc732271b786ced5c21e,2016-04-29T09:18:05-07:00,NON_MERGE,1,false,true,2,external/storm-kafka-client/src/main/java/org/apache/storm/kafka/spout/KafkaSpout.java | external/storm-kafka-monitor/src/main/java/org/apache/storm/kafka/monitor/KafkaOffsetLagUtil.java,STORM-1737: storm-kafka-client has compilation errors with Apache Kafka 0.10
STORM-1737,2e62b8bccde5d61622ae98d0e02bd11eae55fe55,2016-04-29T09:18:05-07:00,NON_MERGE,1,false,true,2,external/storm-kafka-client/src/main/java/org/apache/storm/kafka/spout/KafkaSpout.java | external/storm-kafka-monitor/src/main/java/org/apache/storm/kafka/monitor/KafkaOffsetLagUtil.java,STORM-1737: storm-kafka-client has compilation errors with Apache Kafka 0.10
STORM-1750,b267c292faffc28be869dfb0424dc729d45808fe,2016-04-30T22:50:15+02:00,NON_MERGE,1,false,true,1,storm-core/src/jvm/org/apache/storm/cluster/ZKStateStorage.java,STORM-1750: Ensure worker dies when report-error-and-die is called. Make ZkStateStorage set_data try setting data if node creation fails because the node exists
STORM-1750,2bebca52a56f98fa423c518eae6af50c00c9b098,2016-05-05T10:57:47+02:00,NON_MERGE,1,false,true,1,storm-core/src/jvm/org/apache/storm/cluster/ZKStateStorage.java,STORM-1750: Replace manual exception cause check with Utils.exceptionCauseIsInstanceOf
STORM-1764,354fcaf64567f3332b3311681308a841ee83cf34,2016-05-16T18:16:25+09:00,FIRST_PARENT_MERGE,2,true,true,2,storm-core/src/jvm/org/apache/storm/pacemaker/PacemakerServer.java | storm-core/src/jvm/org/apache/storm/pacemaker/codec/ThriftDecoder.java,Merge branch 'master' of https://github.com/knusbaum/incubator-storm into STORM-1764
STORM-1764,b7b7e5fae6a50849a42ce835cbebddc6285033e2,2016-05-16T18:22:04+09:00,FIRST_PARENT_MERGE,2,true,true,2,storm-core/src/jvm/org/apache/storm/pacemaker/PacemakerServer.java | storm-core/src/jvm/org/apache/storm/pacemaker/codec/ThriftDecoder.java,Merge branch 'STORM-1764-1.x' into 1.x-branch
STORM-1764,1418e41eed9dc899928beaf103e5ecb38dcdc027,2016-05-16T18:24:03+09:00,FIRST_PARENT_MERGE,2,true,true,2,storm-core/src/jvm/org/apache/storm/pacemaker/PacemakerServer.java | storm-core/src/jvm/org/apache/storm/pacemaker/codec/ThriftDecoder.java,Merge branch 'STORM-1764-1.0.x' into 1.0.x-branch
STORM-1771,a8ea1419319040196f18363497583c25ab496c3a,2016-06-06T10:39:45-07:00,NON_MERGE,1,false,true,1,external/storm-hive/src/main/java/org/apache/storm/hive/trident/HiveState.java,STORM-1771. HiveState should flushAndClose before closing old or idle Hive connections.
STORM-1771,ca186cd1a62c90022a6b8cd4616efd5b32505a5a,2016-06-06T10:39:45-07:00,NON_MERGE,1,false,true,1,external/storm-hive/src/main/java/org/apache/storm/hive/trident/HiveState.java,STORM-1771. HiveState should flushAndClose before closing old or idle Hive connections.
STORM-1771,f5eb4790e77ec1cda9706c68a9a728808034ffec,2016-06-06T10:39:45-07:00,NON_MERGE,1,false,true,1,external/storm-hive/src/main/java/org/apache/storm/hive/trident/HiveState.java,STORM-1771. HiveState should flushAndClose before closing old or idle Hive connections.
STORM-1772,08dd24b2d4d7dda0d59012f602405c0ad9a1cafd,2017-02-22T22:42:22-08:00,NON_MERGE,1,false,true,19,storm-perf/src/main/java/org/apache/storm/perf/ConstSpoutIdBoltNullBoltTopo.java | storm-perf/src/main/java/org/apache/storm/perf/ConstSpoutNullBoltTopo.java | storm-perf/src/main/java/org/apache/storm/perf/ConstSpoutOnlyTopo.java | storm-perf/src/main/java/org/apache/storm/perf/FileReadWordCountTopo.java | storm-perf/src/main/java/org/apache/storm/perf/HdfsSpoutNullBoltTopo.java | storm-perf/src/main/java/org/apache/storm/perf/KafkaHdfsTopo.java | storm-perf/src/main/java/org/apache/storm/perf/KafkaSpoutNullBoltTopo.java | storm-perf/src/main/java/org/apache/storm/perf/StrGenSpoutHdfsBoltTopo.java | storm-perf/src/main/java/org/apache/storm/perf/bolt/CountBolt.java | storm-perf/src/main/java/org/apache/storm/perf/bolt/DevNullBolt.java | storm-perf/src/main/java/org/apache/storm/perf/bolt/IdBolt.java | storm-perf/src/main/java/org/apache/storm/perf/bolt/SplitSentenceBolt.java | storm-perf/src/main/java/org/apache/storm/perf/spout/ConstSpout.java | storm-perf/src/main/java/org/apache/storm/perf/spout/FileReadSpout.java | storm-perf/src/main/java/org/apache/storm/perf/spout/StringGenSpout.java | storm-perf/src/main/java/org/apache/storm/perf/utils/BasicMetricsCollector.java | storm-perf/src/main/java/org/apache/storm/perf/utils/Helper.java | storm-perf/src/main/java/org/apache/storm/perf/utils/IdentityBolt.java | storm-perf/src/main/java/org/apache/storm/perf/utils/MetricsSample.java,STORM-1772 Adding top level storm-perf module with perf topos
STORM-1772,5c59e0632108847a0ba7dacf43eff9ac477b00d7,2017-03-07T13:03-08:00,NON_MERGE,1,false,true,19,storm-perf/src/main/java/org/apache/storm/perf/ConstSpoutIdBoltNullBoltTopo.java | storm-perf/src/main/java/org/apache/storm/perf/ConstSpoutNullBoltTopo.java | storm-perf/src/main/java/org/apache/storm/perf/ConstSpoutOnlyTopo.java | storm-perf/src/main/java/org/apache/storm/perf/FileReadWordCountTopo.java | storm-perf/src/main/java/org/apache/storm/perf/HdfsSpoutNullBoltTopo.java | storm-perf/src/main/java/org/apache/storm/perf/KafkaHdfsTopo.java | storm-perf/src/main/java/org/apache/storm/perf/KafkaSpoutNullBoltTopo.java | storm-perf/src/main/java/org/apache/storm/perf/StrGenSpoutHdfsBoltTopo.java | storm-perf/src/main/java/org/apache/storm/perf/bolt/CountBolt.java | storm-perf/src/main/java/org/apache/storm/perf/bolt/DevNullBolt.java | storm-perf/src/main/java/org/apache/storm/perf/bolt/IdBolt.java | storm-perf/src/main/java/org/apache/storm/perf/bolt/SplitSentenceBolt.java | storm-perf/src/main/java/org/apache/storm/perf/spout/ConstSpout.java | storm-perf/src/main/java/org/apache/storm/perf/spout/FileReadSpout.java | storm-perf/src/main/java/org/apache/storm/perf/spout/StringGenSpout.java | storm-perf/src/main/java/org/apache/storm/perf/utils/BasicMetricsCollector.java | storm-perf/src/main/java/org/apache/storm/perf/utils/Helper.java | storm-perf/src/main/java/org/apache/storm/perf/utils/IdentityBolt.java | storm-perf/src/main/java/org/apache/storm/perf/utils/MetricsSample.java,Merge branch 'STORM-1772' of https://github.com/roshannaik/storm into STORM-1772
STORM-1837,e7b128461366ba2597bb083529cb3e0c36ac3bd3,2016-05-13T18:22:37+02:00,NON_MERGE,1,false,true,1,storm-core/src/jvm/org/apache/storm/messaging/local/Context.java,STORM-1837: Fix complete-topology and prevent message loss when running local clusters with no time simulation
STORM-1837,e740c32a0e19b71fda5e0a72ef6c55d1685a213b,2016-08-26T16:09:39+02:00,NON_MERGE,1,false,true,1,storm-core/src/jvm/org/apache/storm/messaging/local/Context.java,"STORM-1837: Check for null callback before flushing messages, ensure flusher thread doesn't swallow exceptions"
STORM-1837,0264698419b7da82eb494c4c23a6f8b185583229,2016-08-29T09:49:42+02:00,NON_MERGE,1,false,true,1,storm-core/src/jvm/org/apache/storm/messaging/local/Context.java,STORM-1837: Minor style cleanup
STORM-1837,70ecffc8b83ccdf8f99bd35dfb53e14ef3578fa6,2016-09-19T18:28:55+02:00,NON_MERGE,1,false,true,1,storm-core/src/jvm/org/apache/storm/messaging/local/Context.java,STORM-1837: Wrap throwable in RuntimeException before throwing from Runnable
STORM-1837,ee37e57a4bcdf93d85019314909c04143ef0a96a,2016-09-19T19:44:57+02:00,NON_MERGE,1,false,true,1,storm-core/src/jvm/org/apache/storm/messaging/local/Context.java,STORM-1837: Guard against calls to registerRecv with null parameter by caching serverCb before using it
STORM-1837,b9899ac3050651d8c6ac6f64c31cdcdc369b22db,2016-09-19T15:12:25-05:00,NON_MERGE,1,false,true,1,storm-core/src/jvm/org/apache/storm/messaging/local/Context.java,Merge branch 'STORM-1837-2' of https://github.com/srdo/storm into STORM-1837
STORM-1841,9f453ad50e2b88af0a1646c788a68074d708811d,2016-05-16T01:44:41+05:30,NON_MERGE,1,false,true,1,storm-core/src/jvm/org/apache/storm/topology/base/BaseWindowedBolt.java,STORM-1841: Address a few minor issues in windowing and doc
STORM-1841,cd67d9fe8f35a0c816ba995871aaaf622069188a,2016-05-16T01:44:41+05:30,NON_MERGE,1,false,true,1,storm-core/src/jvm/org/apache/storm/topology/base/BaseWindowedBolt.java,STORM-1841: Address a few minor issues in windowing and doc
STORM-1841,be90d7831345f00aac71a860ad5110b31b0a4848,2016-05-18T08:56:08-07:00,NON_MERGE,1,false,true,1,storm-core/src/jvm/org/apache/storm/topology/base/BaseWindowedBolt.java,Merge branch 'STORM-1841' of https://github.com/arunmahadevan/storm into STORM-1841
STORM-1848,2795b97fd6113b705232a3cc0bd22632e4857432,2016-05-18T13:13:15+02:00,NON_MERGE,1,false,true,2,external/storm-kafka/src/jvm/org/apache/storm/kafka/Partition.java | external/storm-kafka/src/jvm/org/apache/storm/kafka/PartitionManager.java,STORM-1848: Make KafkaMessageId and Partition serializable to support eventlogging
STORM-1848,3265fba60c009bdc341abae9b8cbdbd02eaad9a8,2016-05-18T13:13:15+02:00,NON_MERGE,1,false,true,2,external/storm-kafka/src/jvm/org/apache/storm/kafka/Partition.java | external/storm-kafka/src/jvm/org/apache/storm/kafka/PartitionManager.java,STORM-1848: Make KafkaMessageId and Partition serializable to support eventlogging
STORM-1848,b70f36db9051196c84737200a6f4148038413ebf,2016-05-18T13:13:15+02:00,NON_MERGE,1,false,true,2,external/storm-kafka/src/jvm/org/apache/storm/kafka/Partition.java | external/storm-kafka/src/jvm/org/apache/storm/kafka/PartitionManager.java,STORM-1848: Make KafkaMessageId and Partition serializable to support eventlogging
STORM-1848,35afb0f298e366ea5c5000c7f4003194b787ef32,2016-05-18T21:13:06+02:00,NON_MERGE,1,false,true,1,storm-core/src/jvm/org/apache/storm/spout/SpoutOutputCollector.java,STORM-1848: Add comment to SpoutOutputCollector javadoc mentioning that message ids should be serializable to work with event logging
STORM-1848,b73c7fcd87fae3a64091bfbcdc2ebf9abfce1f8d,2016-05-18T21:13:06+02:00,NON_MERGE,1,false,true,1,storm-core/src/jvm/org/apache/storm/spout/SpoutOutputCollector.java,STORM-1848: Add comment to SpoutOutputCollector javadoc mentioning that message ids should be serializable to work with event logging
STORM-1848,bce3036d475b835fec9eb37988c77ba1c6b532a7,2016-05-18T21:13:06+02:00,NON_MERGE,1,false,true,1,storm-core/src/jvm/org/apache/storm/spout/SpoutOutputCollector.java,STORM-1848: Add comment to SpoutOutputCollector javadoc mentioning that message ids should be serializable to work with event logging
STORM-1853,17ecac101c575724394dbd701ca82e5a64d3376d,2016-05-21T00:44:14+05:30,NON_MERGE,1,false,true,1,storm-core/src/jvm/org/apache/storm/utils/Utils.java,STORM-1853: Replace ClassLoaderObjectInputStream with ObjectInputStream
STORM-1853,d8611d28d1ce1cb6a8d4ac31c41dd0f3eec6fedf,2016-05-21T00:44:14+05:30,NON_MERGE,1,false,true,1,storm-core/src/jvm/org/apache/storm/utils/Utils.java,STORM-1853: Replace ClassLoaderObjectInputStream with ObjectInputStream
STORM-1853,fafbaeb93aaa3c2e290efdcc3bb2953283e151d5,2016-05-21T00:44:14+05:30,NON_MERGE,1,false,true,1,storm-core/src/jvm/org/apache/storm/utils/Utils.java,STORM-1853: Replace ClassLoaderObjectInputStream with ObjectInputStream
STORM-1859,f1f44c21c596edc1e4ef597deb898042c205a19c,2016-05-25T20:54:53+05:30,FIRST_PARENT_MERGE,2,true,true,1,storm-core/src/jvm/org/apache/storm/topology/WindowedBoltExecutor.java,Merge branch 'master' of https://github.com/kosii/storm into STORM-1859
STORM-1864,6d51bb831af4c57deed901cf7dd59ee99d1a740f,2016-05-25T11:51:12+05:30,NON_MERGE,1,false,true,2,storm-core/src/jvm/org/apache/storm/StormSubmitter.java | storm-core/src/jvm/org/apache/storm/hooks/SubmitterHookException.java,STORM-1864 StormSubmitter should throw respective exceptions and log respective errors forregistered submitter hook invocation.
STORM-1864,8c3e21e5ea0687ee0c398203a640b084fcc6b38e,2016-05-25T11:51:12+05:30,NON_MERGE,1,false,true,2,storm-core/src/jvm/org/apache/storm/StormSubmitter.java | storm-core/src/jvm/org/apache/storm/hooks/SubmitterHookException.java,STORM-1864 StormSubmitter should throw respective exceptions and log respective errors forregistered submitter hook invocation.
STORM-1864,b5fe05a3115b8077e0105f70eee89edc3635eb2a,2016-05-25T11:51:12+05:30,NON_MERGE,1,false,true,2,storm-core/src/jvm/org/apache/storm/StormSubmitter.java | storm-core/src/jvm/org/apache/storm/hooks/SubmitterHookException.java,STORM-1864 StormSubmitter should throw respective exceptions and log respective errors forregistered submitter hook invocation.
STORM-1864,051b9086ca9ce16f57fb20a6f3e9e102c740bbb2,2016-05-25T12:35:26+05:30,NON_MERGE,1,false,true,1,storm-core/src/jvm/org/apache/storm/StormSubmitter.java,STORM-1864 log messages with format
STORM-1864,a5620b6ac0f78c8c82d231bb82bf38b51e7a3abc,2016-05-25T12:35:26+05:30,NON_MERGE,1,false,true,1,storm-core/src/jvm/org/apache/storm/StormSubmitter.java,STORM-1864 log messages with format
STORM-1864,fbcd0ab780b9c3047de2f522e4286ec5321cba09,2016-05-25T12:35:26+05:30,NON_MERGE,1,false,true,1,storm-core/src/jvm/org/apache/storm/StormSubmitter.java,STORM-1864 log messages with format
STORM-1864,e522615df1db589f05e5171f77c26869207576c5,2016-06-07T10:12:10+05:30,NON_MERGE,1,false,true,1,storm-core/src/jvm/org/apache/storm/StormSubmitter.java,STORM-1864 Removed NimbusClient in try-resource-as clause as it is not autocloseable
STORM-1864,fc404b595da2bf7199d29b9d06b9452ff17ad0be,2016-06-07T10:12:10+05:30,NON_MERGE,1,false,true,1,storm-core/src/jvm/org/apache/storm/StormSubmitter.java,STORM-1864 Removed NimbusClient in try-resource-as clause as it is not autocloseable
STORM-1872,31c6e07a664037e2eb9e1f5d820761199ec437c8,2016-06-01T00:06:04+08:00,NON_MERGE,1,false,true,4,external/storm-redis/src/main/java/org/apache/storm/redis/bolt/AbstractRedisBolt.java | external/storm-redis/src/main/java/org/apache/storm/redis/common/container/JedisClusterContainer.java | external/storm-redis/src/main/java/org/apache/storm/redis/common/container/JedisCommandsInstanceContainer.java | external/storm-redis/src/main/java/org/apache/storm/redis/common/container/JedisContainer.java,STORM-1872 : Release Jedis connection when topology shutdown
STORM-1872,7a33dbe9c646853d61cbeb829e9cf3aa3bb78b43,2016-06-01T00:06:04+08:00,NON_MERGE,1,false,true,4,external/storm-redis/src/main/java/org/apache/storm/redis/bolt/AbstractRedisBolt.java | external/storm-redis/src/main/java/org/apache/storm/redis/common/container/JedisClusterContainer.java | external/storm-redis/src/main/java/org/apache/storm/redis/common/container/JedisCommandsInstanceContainer.java | external/storm-redis/src/main/java/org/apache/storm/redis/common/container/JedisContainer.java,STORM-1872 : Release Jedis connection when topology shutdown
STORM-1878,3722b934449459925a317eee1fae14f9508573b9,2016-06-02T13:19:11+02:00,NON_MERGE,1,false,true,1,external/flux/flux-core/src/main/java/org/apache/storm/flux/FluxBuilder.java,STORM-1878: Flux can now handle IStatefulBolts
STORM-1878,66a0e705e230a0e72a9365c5f7fcdc97cbb0f197,2016-06-02T13:19:11+02:00,NON_MERGE,1,false,true,1,external/flux/flux-core/src/main/java/org/apache/storm/flux/FluxBuilder.java,STORM-1878: Flux can now handle IStatefulBolts
STORM-1878,7713a5525e7b66a53ed4996653c7f1a54f71d85e,2016-06-02T13:19:11+02:00,NON_MERGE,1,false,true,1,external/flux/flux-core/src/main/java/org/apache/storm/flux/FluxBuilder.java,STORM-1878: Flux can now handle IStatefulBolts
STORM-1882,3d789fc5c922b4ae6e81a12670211b28690651e4,2016-06-09T15:27:49-04:00,FIRST_PARENT_MERGE,2,true,true,1,external/storm-hdfs/src/main/java/org/apache/storm/hdfs/spout/TextFileReader.java,Merge branch 'STORM-1882' of github.com:darionyaphet/storm
STORM-1884,5cccb9102a2000cacd1ff790ce9dc775acd78540,2016-06-06T17:04:27+02:00,NON_MERGE,1,false,true,1,external/storm-redis/src/main/java/org/apache/storm/redis/state/RedisKeyValueState.java,Fix STORM-1884
STORM-1884,70bd5359d5fead47613d1008f1baa9232aa567c0,2016-06-06T17:04:27+02:00,NON_MERGE,1,false,true,1,external/storm-redis/src/main/java/org/apache/storm/redis/state/RedisKeyValueState.java,Fix STORM-1884
STORM-1884,d5dbbe0e3207508f28d4dfae263ce930743a049d,2016-06-06T17:04:27+02:00,NON_MERGE,1,false,true,1,external/storm-redis/src/main/java/org/apache/storm/redis/state/RedisKeyValueState.java,Fix STORM-1884
STORM-1906,11fd47a298aebbfb6972abdafcddc23ea536c254,2016-06-15T12:35:37-07:00,NON_MERGE,1,false,true,1,storm-core/src/jvm/org/apache/storm/topology/base/BaseWindowedBolt.java,STORM-1906: Window count/length of zero should be disallowed
STORM-1906,42b675d3f5491d6b12f709a3c84421f7f6d5f1c2,2016-06-15T12:35:37-07:00,NON_MERGE,1,false,true,1,storm-core/src/jvm/org/apache/storm/topology/base/BaseWindowedBolt.java,STORM-1906: Window count/length of zero should be disallowed
STORM-1906,dd84c8b4bfa07e7237b7858343a77e44151730fe,2016-06-16T10:49:02-07:00,NON_MERGE,1,false,true,1,storm-core/src/jvm/org/apache/storm/topology/base/BaseWindowedBolt.java,Merge branch 'master' of https://github.com/raghavgautam/storm into STORM-1906
STORM-1907,8117f482ca14d6197f6f2b25dcd5c93a44c1c582,2016-06-15T17:49:30-07:00,NON_MERGE,1,false,true,1,storm-core/src/jvm/org/apache/storm/trident/spout/PartitionedTridentSpoutExecutor.java,STORM-1907: PartitionedTridentSpoutExecutor has incompatible types that cause ClassCastException  - Generify on Object rather than Integer because example is broken  - Fix TridentWordCount example to print more meaningful output
STORM-1907,aae0acbe8206f66129443d78831883226f8144c9,2016-06-15T17:49:30-07:00,NON_MERGE,1,false,true,1,storm-core/src/jvm/org/apache/storm/trident/spout/PartitionedTridentSpoutExecutor.java,STORM-1907: PartitionedTridentSpoutExecutor has incompatible types that cause ClassCastException  - Generify on Object rather than Integer because example is broken  - Fix TridentWordCount example to print more meaningful output
STORM-1928,0e77ec4af0ea9e1c057b089b1a6f00addb815862,2016-06-28T00:07:59+09:00,NON_MERGE,1,false,true,1,storm-core/src/jvm/org/apache/storm/spout/ShellSpout.java,STORM-1928 ShellSpout should only check heartbeat while ShellSpout is waiting for subprocess to sync
STORM-1928,25f2db76492b84689c32e90a256bc00bdbe8b07b,2016-06-28T00:07:59+09:00,NON_MERGE,1,false,true,1,storm-core/src/jvm/org/apache/storm/spout/ShellSpout.java,STORM-1928 ShellSpout should only check heartbeat while ShellSpout is waiting for subprocess to sync
STORM-1928,a865c3381f2236d93d9d8bbb0bc1eada2ebce46f,2016-06-28T00:07:59+09:00,NON_MERGE,1,false,true,1,storm-core/src/jvm/org/apache/storm/spout/ShellSpout.java,STORM-1928 ShellSpout should only check heartbeat while ShellSpout is waiting for subprocess to sync
STORM-1928,c1d78c7faa56547a7851aec5f807049907e34d4e,2016-06-28T00:07:59+09:00,NON_MERGE,1,false,true,1,storm-core/src/jvm/backtype/storm/spout/ShellSpout.java,STORM-1928 ShellSpout should only check heartbeat while ShellSpout is waiting for subprocess to sync
STORM-1928,cd070345665979ef52b5310252c555d5f29c0f23,2016-06-28T00:07:59+09:00,NON_MERGE,1,false,true,1,storm-core/src/jvm/backtype/storm/spout/ShellSpout.java,STORM-1928 ShellSpout should only check heartbeat while ShellSpout is waiting for subprocess to sync
STORM-1934,816a6cc47e5be505d4857e25a4aa14d2f09cade0,2016-06-29T19:06:43+09:00,NON_MERGE,1,false,true,3,storm-core/src/jvm/org/apache/storm/daemon/supervisor/SupervisorUtils.java | storm-core/src/jvm/org/apache/storm/daemon/supervisor/SyncProcessEvent.java | storm-core/src/jvm/org/apache/storm/daemon/supervisor/SyncSupervisorEvent.java,STORM-1934 Fix race condition between sync-supervisor and sync-processes
STORM-1937,0139aed1c3964327cc4dbf0ec835d401b7361379,2016-06-30T18:51:08+08:00,NON_MERGE,1,false,true,1,storm-core/src/jvm/org/apache/storm/trident/windowing/WindowTridentProcessor.java,STORM-1937 Fix WindowTridentProcessor cause NullPointerException
STORM-1937,54effe1492d8890832779a0291deb1928c8300e1,2016-06-30T18:51:08+08:00,NON_MERGE,1,false,true,1,storm-core/src/jvm/org/apache/storm/trident/windowing/WindowTridentProcessor.java,STORM-1937 Fix WindowTridentProcessor cause NullPointerException
STORM-1937,93f7a27ca0eca72884d443615c05af3f69a8b643,2016-06-30T18:51:08+08:00,NON_MERGE,1,false,true,1,storm-core/src/jvm/org/apache/storm/trident/windowing/WindowTridentProcessor.java,STORM-1937 Fix WindowTridentProcessor cause NullPointerException
STORM-1939,4682bfb89f437d9468ba351cca02afa4c25b5cf4,2016-07-07T12:58:37+09:00,NON_MERGE,1,false,true,1,storm-core/src/jvm/org/apache/storm/task/ShellBolt.java,STORM-1939 Ignore InterruptedException on ShellBoltMessageQueue
STORM-1939,675e45547c2a27bcab4fcd1ce95ab51bc68cfbbe,2016-07-07T12:58:37+09:00,NON_MERGE,1,false,true,1,storm-core/src/jvm/org/apache/storm/task/ShellBolt.java,STORM-1939 Ignore InterruptedException on ShellBoltMessageQueue
STORM-1939,9531bf5f9a58a8a67f9ca333ba8edb83c7723323,2016-07-07T12:58:37+09:00,NON_MERGE,1,false,true,1,storm-core/src/jvm/org/apache/storm/task/ShellBolt.java,STORM-1939 Ignore InterruptedException on ShellBoltMessageQueue
STORM-1941,5b19cf0ebdd2aef627aae1ee0edfd09574d55ca6,2016-07-01T23:58:05+09:00,NON_MERGE,1,false,true,1,storm-core/src/jvm/org/apache/storm/cluster/StormClusterStateImpl.java,STORM-1941 Nimbus discovery can fail when zookeeper reconnect happens.
STORM-1945,224f542d539406297f84947aed33a404b73798d7,2016-07-06T22:49:46+09:00,NON_MERGE,1,false,true,1,storm-core/src/jvm/org/apache/storm/utils/TopologySpoutLag.java,STORM-1945 Fix NPE bugs on topology spout lag for storm-kafka-monitor
STORM-1945,da387c1e3fb8d7a704c479569d7e84ce52d58e7c,2016-07-06T22:49:46+09:00,NON_MERGE,1,false,true,1,storm-core/src/jvm/org/apache/storm/utils/TopologySpoutLag.java,STORM-1945 Fix NPE bugs on topology spout lag for storm-kafka-monitor
STORM-1946,46c9ce0c5b317ca60bb08e8a10d1c7b63fbd7040,2016-07-08T16:18:20+09:00,FIRST_PARENT_MERGE,2,true,true,1,storm-core/src/jvm/org/apache/storm/task/ShellBolt.java,Merge branch 'master' of https://github.com/slava92/storm into STORM-1946
STORM-1946,9579b3a0d1f35d071e4541089eb18fa494d28945,2016-07-08T16:20:53+09:00,FIRST_PARENT_MERGE,2,true,true,1,storm-core/src/jvm/org/apache/storm/task/ShellBolt.java,Merge branch 'STORM-1946-1.x' into 1.x-branch
STORM-1946,c22fd16d26e7b434a94de9f5ff28881a9dcf85ad,2016-07-08T16:21:50+09:00,FIRST_PARENT_MERGE,2,true,true,1,storm-core/src/jvm/org/apache/storm/task/ShellBolt.java,Merge branch 'STORM-1946-1.0.x' into 1.0.x-branch
STORM-1954,55c9e1fc7d030a0a381af34ba726cf2d4a19e953,2016-07-08T16:22:12-05:00,NON_MERGE,1,false,true,1,storm-core/src/jvm/org/apache/storm/trident/operation/DefaultResourceDeclarer.java,Fix for STORM-1954
STORM-1959,e5224b3bd07226dd68f67cbaa4788cd85df1b06d,2016-07-12T00:21+09:00,NON_MERGE,1,false,true,1,external/storm-kafka-monitor/src/main/java/org/apache/storm/kafka/monitor/KafkaPartitionOffsetLag.java,STORM-1959 Add missing license header to KafkaPartitionOffsetLag
STORM-1959,56fdf60f841974dde2668eb309e9ca5707d7b06a,2016-07-11T10:49:57-05:00,NON_MERGE,1,false,true,1,external/storm-kafka-monitor/src/main/java/org/apache/storm/kafka/monitor/KafkaPartitionOffsetLag.java,Merge branch 'STORM-1959' of https://github.com/HeartSaVioR/storm into STORM-1959
STORM-1964,3cbd26ec275bb052195a038b49853ed1cfc84806,2016-07-14T00:00:57+05:30,NON_MERGE,1,false,true,11,storm-core/src/jvm/org/apache/storm/topology/WindowedBoltExecutor.java | storm-core/src/jvm/org/apache/storm/windowing/CountEvictionPolicy.java | storm-core/src/jvm/org/apache/storm/windowing/CountTriggerPolicy.java | storm-core/src/jvm/org/apache/storm/windowing/DefaultEvictionContext.java | storm-core/src/jvm/org/apache/storm/windowing/EvictionContext.java | storm-core/src/jvm/org/apache/storm/windowing/EvictionPolicy.java | storm-core/src/jvm/org/apache/storm/windowing/TimeEvictionPolicy.java | storm-core/src/jvm/org/apache/storm/windowing/TimeTriggerPolicy.java | storm-core/src/jvm/org/apache/storm/windowing/WatermarkCountEvictionPolicy.java | storm-core/src/jvm/org/apache/storm/windowing/WatermarkCountTriggerPolicy.java | storm-core/src/jvm/org/apache/storm/windowing/WatermarkTimeTriggerPolicy.java,[STORM-1964] Unexpected behavior when using count window together with timestamp extraction
STORM-1977,a61fc0463c4f5cbf694e68f05962144d71f33f60,2016-07-18T13:38:36+09:00,NON_MERGE,1,false,true,2,storm-core/src/jvm/org/apache/storm/zookeeper/LeaderElectorImp.java | storm-core/src/jvm/org/apache/storm/zookeeper/Zookeeper.java,STORM-1977 Restore logic: give up leadership when elected as leader but doesn't have one or more topology codes on local
STORM-1985,c1ed4db92ef3181630ec49197320e5c1300f9281,2016-10-25T13:26:44-05:00,FIRST_PARENT_MERGE,2,true,true,1,storm-core/src/jvm/org/apache/storm/command/AdminCommands.java,Merge branch 'master' of https://github.com/kamleshbhatt/storm into STORM-1985
STORM-1997,a3e6f60f250dd94a18bee91ffa8d1a0c9b591670,2016-11-29T21:39:26-06:00,NON_MERGE,1,false,true,46,external/storm-kafka-client/src/main/java/org/apache/storm/kafka/bolt/KafkaBolt.java | external/storm-kafka-client/src/main/java/org/apache/storm/kafka/bolt/mapper/FieldNameBasedTupleToKafkaMapper.java | external/storm-kafka-client/src/main/java/org/apache/storm/kafka/bolt/mapper/TupleToKafkaMapper.java | external/storm-kafka-client/src/main/java/org/apache/storm/kafka/bolt/selector/DefaultTopicSelector.java | external/storm-kafka-client/src/main/java/org/apache/storm/kafka/bolt/selector/FieldIndexTopicSelector.java | external/storm-kafka-client/src/main/java/org/apache/storm/kafka/bolt/selector/FieldNameTopicSelector.java | external/storm-kafka-client/src/main/java/org/apache/storm/kafka/bolt/selector/KafkaTopicSelector.java | external/storm-kafka-client/src/main/java/org/apache/storm/kafka/spout/ByTopicRecordTranslator.java | external/storm-kafka-client/src/main/java/org/apache/storm/kafka/spout/DefaultRecordTranslator.java | external/storm-kafka-client/src/main/java/org/apache/storm/kafka/spout/Func.java | external/storm-kafka-client/src/main/java/org/apache/storm/kafka/spout/KafkaSpout.java | external/storm-kafka-client/src/main/java/org/apache/storm/kafka/spout/KafkaSpoutConfig.java | external/storm-kafka-client/src/main/java/org/apache/storm/kafka/spout/KafkaSpoutMessageId.java | external/storm-kafka-client/src/main/java/org/apache/storm/kafka/spout/KafkaSpoutStream.java | external/storm-kafka-client/src/main/java/org/apache/storm/kafka/spout/KafkaSpoutStreamsNamedTopics.java | external/storm-kafka-client/src/main/java/org/apache/storm/kafka/spout/KafkaSpoutStreamsWildcardTopics.java | external/storm-kafka-client/src/main/java/org/apache/storm/kafka/spout/KafkaSpoutTupleBuilder.java | external/storm-kafka-client/src/main/java/org/apache/storm/kafka/spout/KafkaSpoutTuplesBuilderNamedTopics.java | external/storm-kafka-client/src/main/java/org/apache/storm/kafka/spout/KafkaTuple.java | external/storm-kafka-client/src/main/java/org/apache/storm/kafka/spout/ManualPartitionNamedSubscription.java | external/storm-kafka-client/src/main/java/org/apache/storm/kafka/spout/ManualPartitionPatternSubscription.java | external/storm-kafka-client/src/main/java/org/apache/storm/kafka/spout/ManualPartitioner.java | external/storm-kafka-client/src/main/java/org/apache/storm/kafka/spout/NamedSubscription.java | external/storm-kafka-client/src/main/java/org/apache/storm/kafka/spout/PatternSubscription.java | external/storm-kafka-client/src/main/java/org/apache/storm/kafka/spout/RecordTranslator.java | external/storm-kafka-client/src/main/java/org/apache/storm/kafka/spout/RoundRobinManualPartitioner.java | external/storm-kafka-client/src/main/java/org/apache/storm/kafka/spout/SimpleRecordTranslator.java | external/storm-kafka-client/src/main/java/org/apache/storm/kafka/spout/Subscription.java | external/storm-kafka-client/src/main/java/org/apache/storm/kafka/spout/TopicPartitionComparator.java | external/storm-kafka-client/src/main/java/org/apache/storm/kafka/spout/internal/Timer.java | external/storm-kafka-client/src/main/java/org/apache/storm/kafka/spout/trident/KafkaTridentSpoutEmitter.java | external/storm-kafka-client/src/main/java/org/apache/storm/kafka/spout/trident/KafkaTridentSpoutManager.java | external/storm-kafka-client/src/main/java/org/apache/storm/kafka/spout/trident/KafkaTridentSpoutOpaque.java | external/storm-kafka-client/src/main/java/org/apache/storm/kafka/trident/TridentKafkaState.java | external/storm-kafka-client/src/main/java/org/apache/storm/kafka/trident/TridentKafkaStateFactory.java | external/storm-kafka-client/src/main/java/org/apache/storm/kafka/trident/mapper/FieldNameBasedTupleToKafkaMapper.java | external/storm-kafka-client/src/main/java/org/apache/storm/kafka/trident/mapper/TridentTupleToKafkaMapper.java | external/storm-kafka-client/src/main/java/org/apache/storm/kafka/trident/selector/DefaultTopicSelector.java | external/storm-kafka-client/src/main/java/org/apache/storm/kafka/trident/selector/KafkaTopicSelector.java | external/storm-kafka/src/jvm/org/apache/storm/kafka/DynamicPartitionConnections.java | external/storm-kafka/src/jvm/org/apache/storm/kafka/KafkaSpout.java | external/storm-kafka/src/jvm/org/apache/storm/kafka/KafkaUtils.java | external/storm-kafka/src/jvm/org/apache/storm/kafka/PartitionManager.java | external/storm-kafka/src/jvm/org/apache/storm/kafka/StaticCoordinator.java | external/storm-kafka/src/jvm/org/apache/storm/kafka/bolt/KafkaBolt.java | storm-core/src/jvm/org/apache/storm/tuple/Fields.java,STORM-1997: copy state/bolt from storm-kafka to storm-kafka-client STORM-2225: change spout config to be simpler. STORM-2228: removed ability to request a single topic go to multiple streams STORM-2236: Reimplemented manual partition management on top of STORM-2225
STORM-1997,c9f9348e3de0917020a8c903f4c9d026b7dc6204,2016-11-29T21:39:26-06:00,NON_MERGE,1,false,true,46,external/storm-kafka-client/src/main/java/org/apache/storm/kafka/bolt/KafkaBolt.java | external/storm-kafka-client/src/main/java/org/apache/storm/kafka/bolt/mapper/FieldNameBasedTupleToKafkaMapper.java | external/storm-kafka-client/src/main/java/org/apache/storm/kafka/bolt/mapper/TupleToKafkaMapper.java | external/storm-kafka-client/src/main/java/org/apache/storm/kafka/bolt/selector/DefaultTopicSelector.java | external/storm-kafka-client/src/main/java/org/apache/storm/kafka/bolt/selector/FieldIndexTopicSelector.java | external/storm-kafka-client/src/main/java/org/apache/storm/kafka/bolt/selector/FieldNameTopicSelector.java | external/storm-kafka-client/src/main/java/org/apache/storm/kafka/bolt/selector/KafkaTopicSelector.java | external/storm-kafka-client/src/main/java/org/apache/storm/kafka/spout/ByTopicRecordTranslator.java | external/storm-kafka-client/src/main/java/org/apache/storm/kafka/spout/DefaultRecordTranslator.java | external/storm-kafka-client/src/main/java/org/apache/storm/kafka/spout/Func.java | external/storm-kafka-client/src/main/java/org/apache/storm/kafka/spout/KafkaSpout.java | external/storm-kafka-client/src/main/java/org/apache/storm/kafka/spout/KafkaSpoutConfig.java | external/storm-kafka-client/src/main/java/org/apache/storm/kafka/spout/KafkaSpoutMessageId.java | external/storm-kafka-client/src/main/java/org/apache/storm/kafka/spout/KafkaSpoutStream.java | external/storm-kafka-client/src/main/java/org/apache/storm/kafka/spout/KafkaSpoutStreamsNamedTopics.java | external/storm-kafka-client/src/main/java/org/apache/storm/kafka/spout/KafkaSpoutStreamsWildcardTopics.java | external/storm-kafka-client/src/main/java/org/apache/storm/kafka/spout/KafkaSpoutTupleBuilder.java | external/storm-kafka-client/src/main/java/org/apache/storm/kafka/spout/KafkaSpoutTuplesBuilderNamedTopics.java | external/storm-kafka-client/src/main/java/org/apache/storm/kafka/spout/KafkaTuple.java | external/storm-kafka-client/src/main/java/org/apache/storm/kafka/spout/ManualPartitionNamedSubscription.java | external/storm-kafka-client/src/main/java/org/apache/storm/kafka/spout/ManualPartitionPatternSubscription.java | external/storm-kafka-client/src/main/java/org/apache/storm/kafka/spout/ManualPartitioner.java | external/storm-kafka-client/src/main/java/org/apache/storm/kafka/spout/NamedSubscription.java | external/storm-kafka-client/src/main/java/org/apache/storm/kafka/spout/PatternSubscription.java | external/storm-kafka-client/src/main/java/org/apache/storm/kafka/spout/RecordTranslator.java | external/storm-kafka-client/src/main/java/org/apache/storm/kafka/spout/RoundRobinManualPartitioner.java | external/storm-kafka-client/src/main/java/org/apache/storm/kafka/spout/SimpleRecordTranslator.java | external/storm-kafka-client/src/main/java/org/apache/storm/kafka/spout/Subscription.java | external/storm-kafka-client/src/main/java/org/apache/storm/kafka/spout/TopicPartitionComparator.java | external/storm-kafka-client/src/main/java/org/apache/storm/kafka/spout/internal/Timer.java | external/storm-kafka-client/src/main/java/org/apache/storm/kafka/spout/trident/KafkaTridentSpoutEmitter.java | external/storm-kafka-client/src/main/java/org/apache/storm/kafka/spout/trident/KafkaTridentSpoutManager.java | external/storm-kafka-client/src/main/java/org/apache/storm/kafka/spout/trident/KafkaTridentSpoutOpaque.java | external/storm-kafka-client/src/main/java/org/apache/storm/kafka/trident/TridentKafkaState.java | external/storm-kafka-client/src/main/java/org/apache/storm/kafka/trident/TridentKafkaStateFactory.java | external/storm-kafka-client/src/main/java/org/apache/storm/kafka/trident/mapper/FieldNameBasedTupleToKafkaMapper.java | external/storm-kafka-client/src/main/java/org/apache/storm/kafka/trident/mapper/TridentTupleToKafkaMapper.java | external/storm-kafka-client/src/main/java/org/apache/storm/kafka/trident/selector/DefaultTopicSelector.java | external/storm-kafka-client/src/main/java/org/apache/storm/kafka/trident/selector/KafkaTopicSelector.java | external/storm-kafka/src/jvm/org/apache/storm/kafka/DynamicPartitionConnections.java | external/storm-kafka/src/jvm/org/apache/storm/kafka/KafkaSpout.java | external/storm-kafka/src/jvm/org/apache/storm/kafka/KafkaUtils.java | external/storm-kafka/src/jvm/org/apache/storm/kafka/PartitionManager.java | external/storm-kafka/src/jvm/org/apache/storm/kafka/StaticCoordinator.java | external/storm-kafka/src/jvm/org/apache/storm/kafka/bolt/KafkaBolt.java | storm-core/src/jvm/org/apache/storm/tuple/Fields.java,STORM-1997: copy state/bolt from storm-kafka to storm-kafka-client STORM-2225: change spout config to be simpler. STORM-2228: removed ability to request a single topic go to multiple streams STORM-2236: Reimplemented manual partition management on top of STORM-2225
STORM-2017,b4aad619ff05c9055fc67dabe4a7db958fa5aec5,2016-09-20T14:47:11+03:00,NON_MERGE,1,false,true,1,storm-core/src/jvm/org/apache/storm/utils/ShellBoltMessageQueue.java,Fix STORM-2017
STORM-2017,3b0c69d9cf619d836d4f4f667a3b373bff354a9a,2016-09-28T08:14:33-05:00,NON_MERGE,1,false,true,1,storm-core/src/jvm/org/apache/storm/utils/ShellBoltMessageQueue.java,Merge branch '1.0.x-branch' of https://github.com/kluoto/storm into STORM-2017-1.0.x
STORM-2017,7e6e50f5c55a4bea037472ccfefee92d05865f70,2016-09-28T08:14:33-05:00,NON_MERGE,1,false,true,1,storm-core/src/jvm/org/apache/storm/utils/ShellBoltMessageQueue.java,Merge branch '1.0.x-branch' of https://github.com/kluoto/storm into STORM-2017-1.0.x
STORM-2020,4263644bbe3155780e68fb5edff5945b2773df32,2016-08-04T10:43:02-05:00,NON_MERGE,1,false,true,1,external/storm-redis/src/main/java/org/apache/storm/redis/state/RedisKeyValueState.java,STORM-2020: Stop using sun internal classes.
STORM-2020,6d3a90d53ea425881b8b3c20a52932c7977bbccc,2016-08-04T10:43:02-05:00,NON_MERGE,1,false,true,1,external/storm-redis/src/main/java/org/apache/storm/redis/state/RedisKeyValueState.java,STORM-2020: Stop using sun internal classes.
STORM-2021,b49c60bfb0723fd08f7defd88ec06b8daba8c827,2016-08-05T13:45:06-05:00,FIRST_PARENT_MERGE,2,true,false,1,external/storm-redis/src/main/java/org/apache/storm/redis/state/RedisKeyValueState.java,Merge branch 'STORM-2020' of https://github.com/revans2/incubator-storm into STORM-2020
STORM-2022,b49c60bfb0723fd08f7defd88ec06b8daba8c827,2016-08-05T13:45:06-05:00,FIRST_PARENT_MERGE,2,true,false,1,external/storm-redis/src/main/java/org/apache/storm/redis/state/RedisKeyValueState.java,Merge branch 'STORM-2020' of https://github.com/revans2/incubator-storm into STORM-2020
STORM-2026,aa8e94c43dab44d1ef8f85adb0f7662894efb2f0,2016-08-08T18:02:07+09:00,NON_MERGE,1,false,true,3,storm-core/src/jvm/org/apache/storm/executor/Executor.java | storm-core/src/jvm/org/apache/storm/executor/bolt/BoltExecutor.java | storm-core/src/jvm/org/apache/storm/executor/spout/SpoutExecutor.java,"STORM-2026 Inconsistency between (SpoutExecutor, BoltExecutor) and (spout-transfer-fn, bolt-transfer-fn)"
STORM-2028,921635ad1e3b04d5ee1555178e064797ade5d3d6,2017-08-03T12:13:34+05:30,NON_MERGE,1,false,true,1,external/storm-jdbc/src/main/java/org/apache/storm/jdbc/common/JdbcClient.java,STORM-2028: Fix for uprooting the JDBC client exceptions in case of subsequent connection closure issues
STORM-2032,af557ffe27777cb5b9ff0a805ded5b9f1e1b738e,2016-08-11T09:24:59-05:00,NON_MERGE,1,false,true,1,storm-core/src/jvm/org/apache/storm/messaging/netty/StormClientHandler.java,STORM-2032 removes warning in case more than one metrics tuple is received
STORM-2032,ba942a48491531a663203272b353d9a9f300fc17,2016-08-11T09:24:59-05:00,NON_MERGE,1,false,true,1,storm-core/src/jvm/org/apache/storm/messaging/netty/StormClientHandler.java,STORM-2032 removes warning in case more than one metrics tuple is received
STORM-2032,d8c6e288529284744fa95321b483c965551039ce,2016-08-11T09:24:59-05:00,NON_MERGE,1,false,true,1,storm-core/src/jvm/org/apache/storm/messaging/netty/StormClientHandler.java,STORM-2032 removes warning in case more than one metrics tuple is received
STORM-2037,89a6985aef30dd3de75f2ca8de3d638ff22a88cc,2016-08-12T09:07:08+05:30,NON_MERGE,1,false,true,1,storm-core/src/jvm/org/apache/storm/security/auth/authorizer/SimpleACLAuthorizer.java,[STORM-2037] debug operation should be whitelisted in SimpleAclAuthorizer
STORM-2037,fa121d20a9b8404f925c0f10ce1d494acad08761,2016-08-13T20:43:41-07:00,NON_MERGE,1,false,true,1,storm-core/src/jvm/org/apache/storm/security/auth/authorizer/SimpleACLAuthorizer.java,Merge branch 'STORM-2037' of https://github.com/arunmahadevan/storm
STORM-2042,495c70563cb72241bdebf7e70429c38e60484443,2016-08-17T14:02:44+05:30,NON_MERGE,1,false,true,5,storm-core/src/jvm/org/apache/storm/StormSubmitter.java | storm-core/src/jvm/org/apache/storm/blobstore/NimbusBlobStore.java | storm-core/src/jvm/org/apache/storm/security/auth/ThriftClient.java | storm-core/src/jvm/org/apache/storm/utils/NimbusClient.java | storm-core/src/jvm/org/apache/storm/utils/Utils.java,[STORM-2042] Nimbus client connections not closed properly causing connection leaks
STORM-2042,6c3cd2a3c3c39dc79e2cae576546876bf2efab0c,2016-08-17T14:02:44+05:30,NON_MERGE,1,false,true,4,storm-core/src/jvm/org/apache/storm/StormSubmitter.java | storm-core/src/jvm/org/apache/storm/blobstore/NimbusBlobStore.java | storm-core/src/jvm/org/apache/storm/security/auth/ThriftClient.java | storm-core/src/jvm/org/apache/storm/utils/NimbusClient.java,[STORM-2042] Nimbus client connections not closed properly causing connection leaks
STORM-2042,983b90bb78f72defeedf13a8b0fa2f31d3570073,2016-08-17T14:02:44+05:30,NON_MERGE,1,false,true,5,storm-core/src/jvm/org/apache/storm/StormSubmitter.java | storm-core/src/jvm/org/apache/storm/blobstore/NimbusBlobStore.java | storm-core/src/jvm/org/apache/storm/security/auth/ThriftClient.java | storm-core/src/jvm/org/apache/storm/utils/NimbusClient.java | storm-core/src/jvm/org/apache/storm/utils/Utils.java,[STORM-2042] Nimbus client connections not closed properly causing connection leaks
STORM-2042,e3fa9bfc219c8af4ddbe58675ee7dbaf25936783,2016-08-23T21:31:24+05:30,NON_MERGE,1,false,true,3,storm-core/src/jvm/backtype/storm/StormSubmitter.java | storm-core/src/jvm/backtype/storm/security/auth/ThriftClient.java | storm-core/src/jvm/backtype/storm/utils/Utils.java,[STORM-2042] Nimbus client connections not closed properly causing connection leaks
STORM-2045,a507899d5b2706ecca16420e082aa351864603ca,2016-08-22T20:16:32+09:00,FIRST_PARENT_MERGE,2,true,true,1,storm-core/src/jvm/org/apache/storm/executor/spout/SpoutExecutor.java,Merge branch 'executor-npe' of https://github.com/unsleepy22/storm into STORM-2045
STORM-2052,7d82471d171d330e548fd55ae182e46c8365be6b,2016-08-02T22:24:52-07:00,NON_MERGE,1,false,true,2,external/storm-kafka-client/src/main/java/org/apache/storm/kafka/spout/KafkaSpout.java | external/storm-kafka-client/src/main/java/org/apache/storm/kafka/spout/KafkaSpoutConfig.java,STORM-2052: Kafka Spout - New Client API - Log Improvements and Parameter Tuning for Better Performance   - Set default config values for good performance   - Improve Logging     - Log heavy objects with TRACE level     - Make log messages more meaningful    - Delete a couple of logs   - Update README
STORM-2052,9dd62dacf9aab8e5db3bb2647007956eb1425b03,2016-08-02T22:24:52-07:00,NON_MERGE,1,false,true,2,external/storm-kafka-client/src/main/java/org/apache/storm/kafka/spout/KafkaSpout.java | external/storm-kafka-client/src/main/java/org/apache/storm/kafka/spout/KafkaSpoutConfig.java,STORM-2052: Kafka Spout - New Client API - Log Improvements and Parameter Tuning for Better Performance   - Set default config values for good performance   - Improve Logging     - Log heavy objects with TRACE level     - Make log messages more meaningful    - Delete a couple of logs   - Update README
STORM-2052,4c231b4c3f0ef46f1fd4fdbd9ae7be80e94a1d77,2016-08-29T11:52:12-07:00,NON_MERGE,1,false,true,2,external/storm-kafka-client/src/main/java/org/apache/storm/kafka/spout/KafkaSpout.java | external/storm-kafka-client/src/main/java/org/apache/storm/kafka/spout/KafkaSpoutConfig.java,Merge branch 'Apache_master_STORM-2052_KSPI' of https://github.com/hmcl/storm-apache into STORM-2052
STORM-2054,5575906031099263050d9d6447de85979e3df0aa,2016-08-24T13:33:39+09:00,NON_MERGE,1,false,true,4,external/storm-submit-tools/src/main/java/org/apache/storm/submit/command/DependencyResolverMain.java | external/storm-submit-tools/src/main/java/org/apache/storm/submit/dependency/Booter.java | external/storm-submit-tools/src/main/java/org/apache/storm/submit/dependency/DependencyResolver.java | external/storm-submit-tools/src/main/java/org/apache/storm/submit/dependency/RepositorySystemFactory.java,STORM-2054 DependencyResolver should be aware of relative path and absolute path
STORM-2054,d409aab3ab48893c6b352abd8f015bab3657ec22,2016-08-24T13:33:39+09:00,NON_MERGE,1,false,true,4,external/storm-submit-tools/src/main/java/org/apache/storm/submit/command/DependencyResolverMain.java | external/storm-submit-tools/src/main/java/org/apache/storm/submit/dependency/Booter.java | external/storm-submit-tools/src/main/java/org/apache/storm/submit/dependency/DependencyResolver.java | external/storm-submit-tools/src/main/java/org/apache/storm/submit/dependency/RepositorySystemFactory.java,STORM-2054 DependencyResolver should be aware of relative path and absolute path
STORM-2064,c400a2e092207c6e08b3f6cd36343202c1314d71,2016-08-29T11:10:48-05:00,NON_MERGE,1,false,true,2,storm-core/src/jvm/org/apache/storm/daemon/DrpcServer.java | storm-core/src/jvm/org/apache/storm/logging/ThriftAccessLogger.java,"STORM-2064: add function, storm name and auth result to thrift access log"
STORM-2066,788d0b6bfb12ed985fe84686ccab039d0a497def,2016-08-29T17:41:30-05:00,NON_MERGE,1,false,true,1,storm-core/src/jvm/org/apache/storm/scheduler/multitenant/IsolatedPool.java,STORM-2066: make error message in IsolatedPool.java more descriptive
STORM-2066,d6305d76c3c16f8c0b2a57615759b367988acb22,2016-08-29T17:41:30-05:00,NON_MERGE,1,false,true,1,storm-core/src/jvm/org/apache/storm/scheduler/multitenant/IsolatedPool.java,STORM-2066: make error message in IsolatedPool.java more descriptive
STORM-2074,bced6f0d107e9c4b106a11c9922d375053bfefaa,2016-08-31T23:11:28+08:00,NON_MERGE,1,false,true,1,external/storm-kafka-monitor/src/main/java/org/apache/storm/kafka/monitor/KafkaOffsetLagUtil.java,STORM-2074: fix storm-kafka-monitor NPE bug
STORM-2074,e61e7738328913ec429742cd2b3cb22a39eb263f,2016-08-31T23:11:28+08:00,NON_MERGE,1,false,true,1,external/storm-kafka-monitor/src/main/java/org/apache/storm/kafka/monitor/KafkaOffsetLagUtil.java,STORM-2074: fix storm-kafka-monitor NPE bug
STORM-2079,0c40113f895e4ade4df77b216bad4bb8c1c32be8,2016-09-01T15:11:35-05:00,NON_MERGE,1,false,true,1,storm-core/src/jvm/org/apache/storm/topology/BaseConfigurationDeclarer.java,[STORM-2079] - Unneccessary readStormConfig operation
STORM-2079,7d706c542b5d5863eea98c1430634a0ac962d792,2016-09-01T15:11:35-05:00,NON_MERGE,1,false,true,1,storm-core/src/jvm/org/apache/storm/topology/BaseConfigurationDeclarer.java,[STORM-2079] - Unneccessary readStormConfig operation
STORM-2079,f70bf1475d8dac5991bc9336ef49020e0c9bd110,2016-09-01T15:11:35-05:00,NON_MERGE,1,false,true,1,storm-core/src/jvm/org/apache/storm/topology/BaseConfigurationDeclarer.java,[STORM-2079] - Unneccessary readStormConfig operation
STORM-2087,5c17a59ebf9f5667ccfb2dc0a127044b94a0de86,2016-09-10T18:32:35-07:00,NON_MERGE,1,false,true,1,external/storm-kafka-client/src/main/java/org/apache/storm/kafka/spout/KafkaSpout.java,STORM-2087: storm-kafka-client improvements for kafka 0.10  - Added unit tests to storm-kafka-client  - Fixed bug in kafka-spout-client that resulted in tuples not being  replayed     when a failure occurred immediately after the last commit  - Modified the kafka spout to continue processing and not halt upon receiving     a double ack
STORM-2087,71f8e864fcbfb5d1073ca42f4d5a6acb94928eed,2016-09-10T18:32:35-07:00,NON_MERGE,1,false,true,1,external/storm-kafka-client/src/main/java/org/apache/storm/kafka/spout/KafkaSpout.java,STORM-2087: storm-kafka-client improvements for kafka 0.10  - Added unit tests to storm-kafka-client  - Fixed bug in kafka-spout-client that resulted in tuples not being  replayed     when a failure occurred immediately after the last commit  - Modified the kafka spout to continue processing and not halt upon receiving     a double ack
STORM-2095,39f9a06aa783d83e2432eef0abaedfb6bcc8b7ee,2016-12-29T09:29:39-06:00,NON_MERGE,1,false,true,1,storm-core/src/jvm/org/apache/storm/blobstore/FileBlobStoreImpl.java,STORM-2095 remove any remaining files when deleting blobstore directory
STORM-2095,6a922002e96eadfcab635cacbeceed8800f53bd3,2016-12-29T09:29:39-06:00,NON_MERGE,1,false,true,1,storm-core/src/jvm/org/apache/storm/blobstore/FileBlobStoreImpl.java,STORM-2095 remove any remaining files when deleting blobstore directory
STORM-2095,b02c6a2edfdbf32766aeeaaef94a95bde64ecfe5,2016-12-29T09:29:39-06:00,NON_MERGE,1,false,true,1,storm-core/src/jvm/org/apache/storm/blobstore/FileBlobStoreImpl.java,STORM-2095 remove any remaining files when deleting blobstore directory
STORM-2098,8d57f611bd66f8fec6b0f864e484e205400d3aaa,2016-09-16T11:54:49+05:30,NON_MERGE,1,false,true,1,external/storm-druid/src/main/java/org/apache/storm/druid/bolt/DruidBeamBolt.java,STORM-2098: DruidBeamBolt: Pass DruidConfig.Builder as constructor argument
STORM-2098,8a0776d4baa0d2e7c3d44647eb909626c04bd60c,2016-09-19T10:52:38+05:30,NON_MERGE,1,false,true,1,external/storm-druid/src/main/java/org/apache/storm/druid/bolt/DruidBeamBolt.java,STORM-2098: DruidBeamBolt: Pass DruidConfig.Builder as constructor argument
STORM-2104,11fcaff0e3f807419db2609bab07e0efb47f8df2,2016-09-20T13:53:55+02:00,NON_MERGE,1,false,true,5,external/storm-kafka-client/src/main/java/org/apache/storm/kafka/spout/KafkaSpout.java | external/storm-kafka-client/src/main/java/org/apache/storm/kafka/spout/KafkaSpoutConfig.java | external/storm-kafka-client/src/main/java/org/apache/storm/kafka/spout/SerializableDeserializer.java | external/storm-kafka-client/src/main/java/org/apache/storm/kafka/spout/internal/KafkaConsumerFactory.java | external/storm-kafka-client/src/main/java/org/apache/storm/kafka/spout/internal/KafkaConsumerFactoryDefault.java,STORM-2104: More graceful handling of acked/failed tuples after partition reassignment in new Kafka spout
STORM-2104,a92b7d0ab2bc7c5bcd0b822785a50f59099ad715,2016-09-20T13:53:55+02:00,NON_MERGE,1,false,true,5,external/storm-kafka-client/src/main/java/org/apache/storm/kafka/spout/KafkaSpout.java | external/storm-kafka-client/src/main/java/org/apache/storm/kafka/spout/KafkaSpoutConfig.java | external/storm-kafka-client/src/main/java/org/apache/storm/kafka/spout/SerializableDeserializer.java | external/storm-kafka-client/src/main/java/org/apache/storm/kafka/spout/internal/KafkaConsumerFactory.java | external/storm-kafka-client/src/main/java/org/apache/storm/kafka/spout/internal/KafkaConsumerFactoryDefault.java,STORM-2104: More graceful handling of acked/failed tuples after partition reassignment in new Kafka spout
STORM-2104,eb6677f55289be5cf5b227aba61c985fdeea450d,2016-09-20T13:53:55+02:00,NON_MERGE,1,false,true,5,external/storm-kafka-client/src/main/java/org/apache/storm/kafka/spout/KafkaSpout.java | external/storm-kafka-client/src/main/java/org/apache/storm/kafka/spout/KafkaSpoutConfig.java | external/storm-kafka-client/src/main/java/org/apache/storm/kafka/spout/SerializableDeserializer.java | external/storm-kafka-client/src/main/java/org/apache/storm/kafka/spout/internal/KafkaConsumerFactory.java | external/storm-kafka-client/src/main/java/org/apache/storm/kafka/spout/internal/KafkaConsumerFactoryDefault.java,STORM-2104: More graceful handling of acked/failed tuples after partition reassignment in new Kafka spout
STORM-2104,3e225b480cb83e60309893a10b52cd0dfaa7f673,2016-12-08T19:34:07+01:00,NON_MERGE,1,false,true,1,external/storm-kafka-client/src/main/java/org/apache/storm/kafka/spout/KafkaSpout.java,STORM-2104: Rewrite a few parts to be compatible with Java 7
STORM-2104,a5f73cddc4e07d042ddb0f97a0c671080779dcda,2016-12-08T19:34:07+01:00,NON_MERGE,1,false,true,1,external/storm-kafka-client/src/main/java/org/apache/storm/kafka/spout/KafkaSpout.java,STORM-2104: Rewrite a few parts to be compatible with Java 7
STORM-2109,e5a8841d3138eb5b7ce7863b0b2a1c8452bb8b5c,2016-09-21T09:41:15-05:00,NON_MERGE,1,false,true,1,storm-core/src/jvm/org/apache/storm/daemon/supervisor/timer/SupervisorHeartbeat.java,STORM-2109: Treat Supervisor CPU/MEMORY Configs as Numbers
STORM-2109,2297757e100e314bcf7834f403e310b8909d65a8,2016-09-25T21:26:18+09:00,NON_MERGE,1,false,true,1,storm-core/src/jvm/org/apache/storm/daemon/supervisor/timer/SupervisorHeartbeat.java,Merge branch 'STORM-2109' of https://github.com/revans2/incubator-storm into STORM-2109
STORM-2110,874e730668c10efde55c907318920a7b095e091f,2016-09-21T11:16:23-05:00,NON_MERGE,1,false,true,1,storm-core/src/jvm/org/apache/storm/daemon/supervisor/BasicContainer.java,STORM-2110: strip out empty String in worker opts
STORM-2110,88619b2126c9877f7d35b47ba5648cb006637721,2016-09-23T10:43:33+09:00,NON_MERGE,1,false,true,1,storm-core/src/jvm/org/apache/storm/daemon/supervisor/BasicContainer.java,Merge branch 'STORM-2110' of https://github.com/revans2/incubator-storm into STORM-2110
STORM-2117,26dc3a6ad333a79224eaac71d5876d0ea1db5853,2016-09-22T20:46:11+09:00,NON_MERGE,1,false,true,1,storm-core/src/jvm/org/apache/storm/localizer/AsyncLocalizer.java,STORM-2117 Supervisor V2 with local mode extracts resources directory to the wrong directory
STORM-2117,fb42b960fae0a06f13f2ee83ddf2344521c1c8e8,2016-09-23T12:28:03-05:00,NON_MERGE,1,false,true,1,storm-core/src/jvm/org/apache/storm/localizer/AsyncLocalizer.java,Merge branch 'STORM-2117' of https://github.com/HeartSaVioR/storm into STORM-2117
STORM-2118,2da36e660dbf3e80db54a209a91d093f520ff7cd,2016-09-15T15:42:25+05:30,NON_MERGE,1,false,true,1,external/sql/storm-sql-core/src/jvm/org/apache/storm/sql/compiler/backends/standalone/RelNodeCompiler.java,[STORM-2118] A few fixes for storm-sql standalone mode
STORM-2118,3001638431f29cd9243e4b9016692b6cec505bca,2016-09-15T15:42:25+05:30,NON_MERGE,1,false,true,1,external/sql/storm-sql-core/src/jvm/org/apache/storm/sql/compiler/backends/standalone/RelNodeCompiler.java,[STORM-2118] A few fixes for storm-sql standalone mode
STORM-2120,bd75c9352c45d7e7c16b46052c0a3c4e9b2513d2,2016-09-23T10:48:23+09:00,FIRST_PARENT_MERGE,2,true,true,1,external/storm-kafka/src/jvm/org/apache/storm/kafka/PartitionManager.java,Merge branch 'master' of https://github.com/aichow/storm into STORM-2120
STORM-2120,7ddd3729da3e03b40752f942934d37df5b795ec8,2016-09-23T10:49:31+09:00,FIRST_PARENT_MERGE,2,true,true,1,external/storm-kafka/src/jvm/org/apache/storm/kafka/PartitionManager.java,Merge branch 'STORM-2120-1.x' into 1.x-branch
STORM-2120,06c8ff6ce7c237525ff122be4bd81af4ade49c33,2016-09-23T10:50:08+09:00,FIRST_PARENT_MERGE,2,true,true,1,external/storm-kafka/src/jvm/org/apache/storm/kafka/PartitionManager.java,Merge branch 'STORM-2120-1.0.x' into 1.0.x-branch
STORM-2126,71acf9b78f766faff251d5586a4aa35bb601e5d2,2016-09-28T09:47:19-05:00,NON_MERGE,1,false,true,11,external/sql/storm-sql-runtime/src/jvm/org/apache/storm/sql/runtime/AbstractChannelHandler.java | external/sql/storm-sql-runtime/src/jvm/org/apache/storm/sql/runtime/AbstractValuesProcessor.java | external/sql/storm-sql-runtime/src/jvm/org/apache/storm/sql/runtime/ChannelContext.java | external/sql/storm-sql-runtime/src/jvm/org/apache/storm/sql/runtime/ChannelHandler.java | external/sql/storm-sql-runtime/src/jvm/org/apache/storm/sql/runtime/Channels.java | external/sql/storm-sql-runtime/src/jvm/org/apache/storm/sql/runtime/DataSource.java | external/sql/storm-sql-runtime/src/jvm/org/apache/storm/sql/runtime/DataSourcesProvider.java | external/sql/storm-sql-runtime/src/jvm/org/apache/storm/sql/runtime/DataSourcesRegistry.java | external/sql/storm-sql-runtime/src/jvm/org/apache/storm/sql/runtime/SimpleSqlTridentConsumer.java | external/sql/storm-sql-runtime/src/jvm/org/apache/storm/sql/runtime/StormSqlFunctions.java | external/sql/storm-sql-runtime/src/jvm/org/apache/storm/sql/runtime/trident/AbstractTridentProcessor.java,"STORM-2126: fix missing license RAT found, and fix other licenses in org.apache.storm.sql.runtime"
STORM-2126,66b109db17a94a7a326c320ec43f79c25473c5d2,2016-09-29T09:25:40-05:00,NON_MERGE,1,false,true,11,external/sql/storm-sql-runtime/src/jvm/org/apache/storm/sql/runtime/AbstractChannelHandler.java | external/sql/storm-sql-runtime/src/jvm/org/apache/storm/sql/runtime/AbstractValuesProcessor.java | external/sql/storm-sql-runtime/src/jvm/org/apache/storm/sql/runtime/ChannelContext.java | external/sql/storm-sql-runtime/src/jvm/org/apache/storm/sql/runtime/ChannelHandler.java | external/sql/storm-sql-runtime/src/jvm/org/apache/storm/sql/runtime/Channels.java | external/sql/storm-sql-runtime/src/jvm/org/apache/storm/sql/runtime/DataSource.java | external/sql/storm-sql-runtime/src/jvm/org/apache/storm/sql/runtime/DataSourcesProvider.java | external/sql/storm-sql-runtime/src/jvm/org/apache/storm/sql/runtime/DataSourcesRegistry.java | external/sql/storm-sql-runtime/src/jvm/org/apache/storm/sql/runtime/SimpleSqlTridentConsumer.java | external/sql/storm-sql-runtime/src/jvm/org/apache/storm/sql/runtime/StormSqlFunctions.java | external/sql/storm-sql-runtime/src/jvm/org/apache/storm/sql/runtime/trident/AbstractTridentProcessor.java,Merge branch 'STORM-2126_fix_npe_due_to_race_in_compute_new_sched_assignments' of https://github.com/abellina/storm into STORM-2126
STORM-2131,81cd0745260ca066d9cf5e73ac4a34fa9ef60d55,2016-10-11T11:01:31-05:00,NON_MERGE,1,false,true,3,storm-core/src/jvm/org/apache/storm/daemon/supervisor/AdvancedFSOps.java | storm-core/src/jvm/org/apache/storm/daemon/supervisor/Container.java | storm-core/src/jvm/org/apache/storm/daemon/supervisor/SupervisorUtils.java,Merge branch 'STORM-2131' of https://github.com/knusbaum/incubator-storm
STORM-2142,df67ade7ef58707c3142853eb1010283e730d78f,2016-10-10T14:18:14+09:00,NON_MERGE,1,false,true,1,storm-core/src/jvm/org/apache/storm/executor/error/ReportErrorAndDie.java,STORM-2142 ReportErrorAndDie runs suicide function only when InterruptedException or InterruptedIOException is thrown
STORM-2144,320ac9d3a138f2dfd227d141fb2e16f355687c09,2016-10-10T14:56:56+05:30,NON_MERGE,1,false,true,2,external/sql/storm-sql-core/src/jvm/org/apache/storm/sql/compiler/backends/standalone/PlanCompiler.java | external/sql/storm-sql-core/src/jvm/org/apache/storm/sql/compiler/backends/standalone/RelNodeCompiler.java,[STORM-2144] Fix Storm-sql group-by behavior in standalone mode
STORM-2144,9bff7607fb2ed271d4326e81ba66782014e1f418,2016-10-10T14:56:56+05:30,NON_MERGE,1,false,true,2,external/sql/storm-sql-core/src/jvm/org/apache/storm/sql/compiler/backends/standalone/PlanCompiler.java | external/sql/storm-sql-core/src/jvm/org/apache/storm/sql/compiler/backends/standalone/RelNodeCompiler.java,[STORM-2144] Fix Storm-sql group-by behavior in standalone mode
STORM-2158,7cd3f22313713abdda09e01618393b7759a05ed0,2016-10-21T07:19:49+02:00,NON_MERGE,1,false,true,1,storm-core/src/jvm/org/apache/storm/security/auth/SimpleTransportPlugin.java,STORM-2158: Fix OutOfMemoryError in Nimbus' SimpleTransportPlugin
STORM-2158,81d3c2fdd2278af687490c1b8855bcd03e04a0b2,2016-10-25T15:52:07-05:00,NON_MERGE,1,false,true,1,storm-core/src/jvm/org/apache/storm/security/auth/SimpleTransportPlugin.java,Merge branch 'STORM-2158-master' of https://github.com/tibkiss/storm into STORM-2158
STORM-2158,db31f302cecbc294942591657d985a67a191e39a,2016-10-25T15:52:07-05:00,NON_MERGE,1,false,true,1,storm-core/src/jvm/org/apache/storm/security/auth/SimpleTransportPlugin.java,Merge branch 'STORM-2158-master' of https://github.com/tibkiss/storm into STORM-2158
STORM-2171,d5865711a7c7ad567295ba53109133702c954033,2018-04-25T23:45:19-05:00,NON_MERGE,1,false,true,7,storm-client/src/jvm/org/apache/storm/blobstore/BlobStore.java | storm-client/src/jvm/org/apache/storm/cluster/IStormClusterState.java | storm-client/src/jvm/org/apache/storm/cluster/StormClusterStateImpl.java | storm-core/src/jvm/org/apache/storm/command/AdminCommands.java | storm-server/src/main/java/org/apache/storm/blobstore/LocalFsBlobStore.java | storm-server/src/main/java/org/apache/storm/blobstore/LocalFsBlobStoreSynchronizer.java | storm-server/src/main/java/org/apache/storm/daemon/nimbus/Nimbus.java,STORM-2171: Making LocalFsBlobStore conform better to Blobstore API
STORM-2171,82e7cf8cc4f5fead22824a0d3d38108bbdcdf87c,2018-05-03T08:28:48-05:00,NON_MERGE,1,false,true,8,external/storm-hdfs-blobstore/src/main/java/org/apache/storm/hdfs/blobstore/HdfsBlobStore.java | external/storm-hdfs-blobstore/src/main/java/org/apache/storm/hdfs/blobstore/HdfsClientBlobStore.java | storm-client/src/jvm/org/apache/storm/blobstore/BlobStore.java | storm-client/src/jvm/org/apache/storm/nimbus/ILeaderElector.java | storm-server/src/main/java/org/apache/storm/blobstore/LocalFsBlobStore.java | storm-server/src/main/java/org/apache/storm/daemon/nimbus/Nimbus.java | storm-server/src/main/java/org/apache/storm/utils/ServerUtils.java | storm-server/src/main/java/org/apache/storm/zookeeper/AclEnforcement.java,STORM-2171: Some refactoring
STORM-2171,692cc4e28ae3e13094e425bdf99d088ee0fa37f2,2018-05-03T09:24:26-05:00,NON_MERGE,1,false,true,4,external/storm-hdfs-blobstore/src/main/java/org/apache/storm/hdfs/blobstore/HdfsBlobStore.java | storm-client/src/jvm/org/apache/storm/blobstore/BlobStore.java | storm-server/src/main/java/org/apache/storm/blobstore/LocalFsBlobStore.java | storm-server/src/main/java/org/apache/storm/daemon/nimbus/Nimbus.java,STORM-2171: Fixing nimbus setup
STORM-2171,de129584f3c34e95b219d2089cec750463e6c761,2018-05-03T09:48:09-05:00,NON_MERGE,1,false,true,8,external/storm-blobstore-migration/src/main/java/org/apache/storm/blobstore/ListHDFS.java | external/storm-blobstore-migration/src/main/java/org/apache/storm/blobstore/ListLocalFs.java | external/storm-blobstore-migration/src/main/java/org/apache/storm/blobstore/MigrateBlobs.java | storm-core/src/jvm/org/apache/storm/command/AdminCommands.java | storm-server/src/main/java/org/apache/storm/blobstore/LocalFsBlobStore.java | storm-server/src/main/java/org/apache/storm/blobstore/LocalFsBlobStoreSynchronizer.java | storm-server/src/main/java/org/apache/storm/daemon/nimbus/Nimbus.java | storm-server/src/main/java/org/apache/storm/utils/ServerUtils.java,STORM-2171: Checkstyle
STORM-2175,94d61c7f3dbc4e1b6dd61cfcbb569027f35bf570,2016-10-28T15:47:38-05:00,NON_MERGE,1,false,true,3,storm-core/src/jvm/org/apache/storm/ProcessSimulator.java | storm-core/src/jvm/org/apache/storm/StormTimer.java | storm-core/src/jvm/org/apache/storm/utils/DisruptorQueue.java,STORM-2175: Support at least once shutdown in workers
STORM-2175,ec871d1b9f6ac9f113edbe06eaa32682bd95d5dd,2016-10-28T15:56:19-05:00,NON_MERGE,1,false,true,2,storm-core/src/jvm/org/apache/storm/ProcessSimulator.java | storm-core/src/jvm/org/apache/storm/utils/DisruptorQueue.java,STORM-2175: support at least once shutdown in worker
STORM-2175,9747e5f2f8072ba82b27c9fb96993270c114e034,2016-10-31T11:13:25-05:00,NON_MERGE,1,false,true,1,storm-core/src/jvm/org/apache/storm/daemon/supervisor/ReadClusterState.java,STORM-2175: Retry shutdown longer and timeout if too long.
STORM-2175,9c5d4e41a9d7ec9a02f115abf424374958e245e2,2016-10-31T11:13:25-05:00,NON_MERGE,1,false,true,1,storm-core/src/jvm/org/apache/storm/daemon/supervisor/ReadClusterState.java,STORM-2175: Retry shutdown longer and timeout if too long.
STORM-2175,3e071954d0b2c129354b1e64efde6bdef2167da9,2016-11-01T09:13:56-05:00,NON_MERGE,1,false,true,4,storm-core/src/jvm/org/apache/storm/command/KillWorkers.java | storm-core/src/jvm/org/apache/storm/daemon/supervisor/ReadClusterState.java | storm-core/src/jvm/org/apache/storm/daemon/supervisor/Supervisor.java | storm-core/src/jvm/org/apache/storm/daemon/supervisor/timer/SupervisorHealthCheck.java,Merge pull request #7 from srdo/STORM-2175-1.x-disable-shutdown-timeout-in-local-mode
STORM-2175,3a389e93aeeadd28e0409584e8a14bd56a7b8f52,2016-11-01T10:26:06-05:00,NON_MERGE,1,false,true,5,storm-core/src/jvm/org/apache/storm/command/KillWorkers.java | storm-core/src/jvm/org/apache/storm/daemon/supervisor/ReadClusterState.java | storm-core/src/jvm/org/apache/storm/daemon/supervisor/Supervisor.java | storm-core/src/jvm/org/apache/storm/daemon/supervisor/UniFunc.java | storm-core/src/jvm/org/apache/storm/daemon/supervisor/timer/SupervisorHealthCheck.java,STORM-2175: Allow for longer timeout and different operations on failures
STORM-2175,9f981e533f2da6cb387658cc0f84b84a1054883e,2016-11-01T10:26:06-05:00,NON_MERGE,1,false,true,5,storm-core/src/jvm/org/apache/storm/command/KillWorkers.java | storm-core/src/jvm/org/apache/storm/daemon/supervisor/ReadClusterState.java | storm-core/src/jvm/org/apache/storm/daemon/supervisor/Supervisor.java | storm-core/src/jvm/org/apache/storm/daemon/supervisor/UniFunc.java | storm-core/src/jvm/org/apache/storm/daemon/supervisor/timer/SupervisorHealthCheck.java,STORM-2175: Allow for longer timeout and different operations on failures
STORM-2175,e44f798739c7e89a9003b77f6b5f9c3e5d3d6369,2016-11-03T09:08:04+09:00,NON_MERGE,1,false,true,7,storm-core/src/jvm/org/apache/storm/ProcessSimulator.java | storm-core/src/jvm/org/apache/storm/command/KillWorkers.java | storm-core/src/jvm/org/apache/storm/daemon/supervisor/ReadClusterState.java | storm-core/src/jvm/org/apache/storm/daemon/supervisor/Supervisor.java | storm-core/src/jvm/org/apache/storm/daemon/supervisor/UniFunc.java | storm-core/src/jvm/org/apache/storm/daemon/supervisor/timer/SupervisorHealthCheck.java | storm-core/src/jvm/org/apache/storm/utils/DisruptorQueue.java,Merge branch 'STORM-2175-1.x' of https://github.com/revans2/incubator-storm into STORM-2175-1.x
STORM-2184,10b165a2d0e9c5253395af7d8c086f4f979e6e1b,2016-11-02T18:36:44+01:00,NON_MERGE,1,false,true,1,external/storm-kafka-client/src/main/java/org/apache/storm/kafka/spout/KafkaSpout.java,"STORM-2184: Don't wakeup KafkaConsumer on shutdown, spout methods are not called by multiple threads at a time"
STORM-2184,10b9df27c51e6c1bef8f519758d7a9f8d69659c5,2016-11-02T18:36:44+01:00,NON_MERGE,1,false,true,1,external/storm-kafka-client/src/main/java/org/apache/storm/kafka/spout/KafkaSpout.java,"STORM-2184: Don't wakeup KafkaConsumer on shutdown, spout methods are not called by multiple threads at a time"
STORM-2184,a7a159e5e002bc3a0b581c221cb0cca38d194f2c,2016-11-02T18:36:44+01:00,NON_MERGE,1,false,true,1,external/storm-kafka-client/src/main/java/org/apache/storm/kafka/spout/KafkaSpout.java,"STORM-2184: Don't wakeup KafkaConsumer on shutdown, spout methods are not called by multiple threads at a time"
STORM-2185,5f5a482b4be316719be2334cf2ca30b2a0fc6049,2016-11-02T15:29:53-05:00,NON_MERGE,1,false,true,1,storm-core/src/jvm/org/apache/storm/daemon/supervisor/AdvancedFSOps.java,STORM-2185: Storm Supervisor doesn't delete directories properly sometimes
STORM-2185,e18f0ae63dad71af31971ab5801495ba9c0ce2e3,2016-11-02T15:29:53-05:00,NON_MERGE,1,false,true,1,storm-core/src/jvm/org/apache/storm/daemon/supervisor/AdvancedFSOps.java,STORM-2185: Storm Supervisor doesn't delete directories properly sometimes
STORM-2185,e21c59256b9dd4fb048d01dbe6b04152eff6dd09,2016-11-02T15:29:53-05:00,NON_MERGE,1,false,true,1,storm-core/src/jvm/org/apache/storm/daemon/supervisor/AdvancedFSOps.java,STORM-2185: Storm Supervisor doesn't delete directories properly sometimes
STORM-2189,14fa0734937e093c1978380c9f772d65b5e016e5,2016-11-07T11:03:05+08:00,NON_MERGE,1,false,true,1,storm-core/src/jvm/org/apache/storm/scheduler/resource/RAS_Node.java,[STORM-2189] RAS_Node::freeCPU outputs incorrect info
STORM-2189,7f0479fba3c7c97288a8cadc856cfd1dfda3ca4a,2016-11-07T11:03:05+08:00,NON_MERGE,1,false,true,1,storm-core/src/jvm/org/apache/storm/scheduler/resource/RAS_Node.java,[STORM-2189] RAS_Node::freeCPU outputs incorrect info
STORM-2189,8d1b61a5f83b9bdf3ece2e94b2aaaf46da040e5a,2016-11-07T11:03:05+08:00,NON_MERGE,1,false,true,1,storm-core/src/jvm/org/apache/storm/scheduler/resource/RAS_Node.java,[STORM-2189] RAS_Node::freeCPU outputs incorrect info
STORM-2190,dafeda587f21d9fa41cf517a4824d98ba8950845,2016-11-07T16:50:27-06:00,NON_MERGE,1,false,true,2,storm-core/src/jvm/org/apache/storm/command/KillTopology.java | storm-core/src/jvm/org/apache/storm/daemon/nimbus/Nimbus.java,STORM-2190: reduce contention between submission and scheduling
STORM-2193,1e30adc5ff63f184226e8dfaf6002cbb87208377,2016-11-22T12:22:56-06:00,NON_MERGE,1,false,true,2,storm-core/src/jvm/org/apache/storm/daemon/DrpcServer.java | storm-core/src/jvm/org/apache/storm/ui/FilterConfiguration.java,STORM-2193: Fix FilterConfiguration parameter order
STORM-2194,bde9ba4584ebc742e51c378deaab296a3c7d5677,2017-03-08T15:53:37-06:00,FIRST_PARENT_MERGE,2,true,true,1,storm-core/src/jvm/org/apache/storm/executor/error/ReportErrorAndDie.java,Merge branch 'STORM-2194' of https://github.com/ppoulosk/storm
STORM-2196,2bae6789a47b2cb848c844a8a3e552df8e65f97d,2016-11-10T12:48:26+08:00,NON_MERGE,1,false,true,1,storm-core/src/jvm/org/apache/storm/scheduler/resource/RAS_Node.java,[STORM-2196] A typo in RAS_Node::consumeCPU
STORM-2196,93b09c2c242e1e2f4638a459cf0670dcfa78c3cc,2016-11-10T12:48:26+08:00,NON_MERGE,1,false,true,1,storm-core/src/jvm/org/apache/storm/scheduler/resource/RAS_Node.java,[STORM-2196] A typo in RAS_Node::consumeCPU
STORM-2196,d363f15434624f016a44c548274f7c17c39c7b6c,2016-11-10T12:48:26+08:00,NON_MERGE,1,false,true,1,storm-core/src/jvm/org/apache/storm/scheduler/resource/RAS_Node.java,[STORM-2196] A typo in RAS_Node::consumeCPU
STORM-2197,6c9d072375496bb2542db9ba664cb19b204dad5a,2016-11-10T09:35:31+05:30,NON_MERGE,1,false,true,1,storm-core/src/jvm/org/apache/storm/security/auth/ThriftClient.java,STORM-2197: Fix for NimbusClient connectins leak due to ThriftClient connection's leakage in case of errors.
STORM-2197,9d7c3cd5fa6815649e7318cc400cc4640441872e,2016-11-10T09:35:31+05:30,NON_MERGE,1,false,true,1,storm-core/src/jvm/org/apache/storm/security/auth/ThriftClient.java,STORM-2197: Fix for NimbusClient connectins leak due to ThriftClient connection's leakage in case of errors.
STORM-2197,eda583a0cf3ddf99a7879a37bc21f866b6d6a323,2016-11-10T09:35:31+05:30,NON_MERGE,1,false,true,1,storm-core/src/jvm/org/apache/storm/security/auth/ThriftClient.java,STORM-2197: Fix for NimbusClient connectins leak due to ThriftClient connection's leakage in case of errors.
STORM-2198,c7129611f8e6504ad3835fa5656d40225c9b4ba5,2016-11-11T14:43:14+08:00,NON_MERGE,1,false,true,1,external/storm-hdfs/src/main/java/org/apache/storm/hdfs/bolt/AbstractHdfsBolt.java,STORM-2198: perform RotationAction when stopping HdfsBolt
STORM-2198,4d21b271439b0a43c28390c6b5db94a6f8ee2a3b,2016-11-16T21:59:06+08:00,NON_MERGE,1,false,true,1,external/storm-hdfs/src/main/java/org/apache/storm/hdfs/bolt/AbstractHdfsBolt.java,STORM-2198: perform RotationAction when stopping HdfsBolt
STORM-2198,6e329719d515c5414096c1556fe6ee5c1ce4b5b0,2016-11-16T21:59:06+08:00,NON_MERGE,1,false,true,1,external/storm-hdfs/src/main/java/org/apache/storm/hdfs/bolt/AbstractHdfsBolt.java,STORM-2198: perform RotationAction when stopping HdfsBolt
STORM-2205,71af6701d933c444d0de9cee1e614b46f4fb5f8d,2016-11-20T09:46:56+05:30,NON_MERGE,1,false,true,1,storm-core/src/jvm/org/apache/storm/cluster/StormClusterStateImpl.java,STORM-2205 Racecondition in getting nimbus summaries while ZK connections are reconnected.
STORM-2208,43b62fe8215b5c882b24a7429b6b6a8d69daf873,2016-11-19T08:58:33-08:00,NON_MERGE,1,false,true,1,external/storm-hdfs/src/main/java/org/apache/storm/hdfs/trident/HdfsState.java,STORM-2208: HDFS State Throws FileNotFoundException in Azure Data Lake Store file system (adl://)   - Close OutputStream before file gets deleted
STORM-2208,9ce1e0286d65cd7d866928bc0cb824f2c505f14e,2016-11-19T08:58:33-08:00,NON_MERGE,1,false,true,1,external/storm-hdfs/src/main/java/org/apache/storm/hdfs/trident/HdfsState.java,STORM-2208: HDFS State Throws FileNotFoundException in Azure Data Lake Store file system (adl://)   - Close OutputStream before file gets deleted
STORM-2208,b7c9d926690486fba2ce1a8ba6248d8d0aa76b1c,2016-11-19T08:58:33-08:00,NON_MERGE,1,false,true,1,external/storm-hdfs/src/main/java/org/apache/storm/hdfs/trident/HdfsState.java,STORM-2208: HDFS State Throws FileNotFoundException in Azure Data Lake Store file system (adl://)   - Close OutputStream before file gets deleted
STORM-2210,69de52aa06ebdcb47a994f945c15f6a8aa429adc,2016-11-23T08:18:26-05:00,NON_MERGE,1,false,true,1,storm-core/src/jvm/org/apache/storm/grouping/ShuffleGrouping.java,STORM-2210 remove array shuffle from ShuffleGrouping when counter resets to zero
STORM-2210,7d2a1ac4fff418171b37f7864bf69f3985539e01,2016-11-23T13:34:16-06:00,NON_MERGE,1,false,true,1,storm-core/src/jvm/org/apache/storm/grouping/ShuffleGrouping.java,Merge branch 'STORM-2210-master' of https://github.com/kevpeek/storm into STORM-2210
STORM-2213,0bfda7f88e2631260a104b9b89f5140dd1e2468b,2016-11-22T18:04:24+09:00,NON_MERGE,1,false,true,1,storm-core/src/jvm/org/apache/storm/spout/ShellSpout.java,STORM-2213 ShellSpout has race condition when ShellSpout is being inactive longer than heartbeat timeout
STORM-2213,22c09de3cd15ccff13e2672026433043029ce5a8,2016-11-22T18:04:24+09:00,NON_MERGE,1,false,true,1,storm-core/src/jvm/org/apache/storm/spout/ShellSpout.java,STORM-2213 ShellSpout has race condition when ShellSpout is being inactive longer than heartbeat timeout
STORM-2213,a23a6ad5dc2b673aceb8344b81ea9d3a0403eb74,2016-11-22T18:04:24+09:00,NON_MERGE,1,false,true,1,storm-core/src/jvm/org/apache/storm/spout/ShellSpout.java,STORM-2213 ShellSpout has race condition when ShellSpout is being inactive longer than heartbeat timeout
STORM-2226,4cec3bdd073572fc41f9724c582baa3f769edddb,2016-11-29T20:56:01-08:00,NON_MERGE,1,false,true,4,external/storm-kafka-client/src/main/java/org/apache/storm/kafka/spout/KafkaSpout.java | external/storm-kafka-monitor/src/main/java/org/apache/storm/kafka/monitor/KafkaOffsetLagUtil.java | external/storm-kafka-monitor/src/main/java/org/apache/storm/kafka/monitor/NewKafkaSpoutOffsetQuery.java | storm-core/src/jvm/org/apache/storm/utils/TopologySpoutLag.java,STORM-2226: Fix kafka spout offset lag ui for kerberized kafka
STORM-2226,ab9823b202443c659e6bf5cdfd113fa4961f9bc8,2016-11-29T20:56:01-08:00,NON_MERGE,1,false,true,4,external/storm-kafka-client/src/main/java/org/apache/storm/kafka/spout/KafkaSpout.java | external/storm-kafka-monitor/src/main/java/org/apache/storm/kafka/monitor/KafkaOffsetLagUtil.java | external/storm-kafka-monitor/src/main/java/org/apache/storm/kafka/monitor/NewKafkaSpoutOffsetQuery.java | storm-core/src/jvm/org/apache/storm/utils/TopologySpoutLag.java,STORM-2226: Fix kafka spout offset lag ui for kerberized kafka
STORM-2228,a3e6f60f250dd94a18bee91ffa8d1a0c9b591670,2016-11-29T21:39:26-06:00,NON_MERGE,1,false,true,46,external/storm-kafka-client/src/main/java/org/apache/storm/kafka/bolt/KafkaBolt.java | external/storm-kafka-client/src/main/java/org/apache/storm/kafka/bolt/mapper/FieldNameBasedTupleToKafkaMapper.java | external/storm-kafka-client/src/main/java/org/apache/storm/kafka/bolt/mapper/TupleToKafkaMapper.java | external/storm-kafka-client/src/main/java/org/apache/storm/kafka/bolt/selector/DefaultTopicSelector.java | external/storm-kafka-client/src/main/java/org/apache/storm/kafka/bolt/selector/FieldIndexTopicSelector.java | external/storm-kafka-client/src/main/java/org/apache/storm/kafka/bolt/selector/FieldNameTopicSelector.java | external/storm-kafka-client/src/main/java/org/apache/storm/kafka/bolt/selector/KafkaTopicSelector.java | external/storm-kafka-client/src/main/java/org/apache/storm/kafka/spout/ByTopicRecordTranslator.java | external/storm-kafka-client/src/main/java/org/apache/storm/kafka/spout/DefaultRecordTranslator.java | external/storm-kafka-client/src/main/java/org/apache/storm/kafka/spout/Func.java | external/storm-kafka-client/src/main/java/org/apache/storm/kafka/spout/KafkaSpout.java | external/storm-kafka-client/src/main/java/org/apache/storm/kafka/spout/KafkaSpoutConfig.java | external/storm-kafka-client/src/main/java/org/apache/storm/kafka/spout/KafkaSpoutMessageId.java | external/storm-kafka-client/src/main/java/org/apache/storm/kafka/spout/KafkaSpoutStream.java | external/storm-kafka-client/src/main/java/org/apache/storm/kafka/spout/KafkaSpoutStreamsNamedTopics.java | external/storm-kafka-client/src/main/java/org/apache/storm/kafka/spout/KafkaSpoutStreamsWildcardTopics.java | external/storm-kafka-client/src/main/java/org/apache/storm/kafka/spout/KafkaSpoutTupleBuilder.java | external/storm-kafka-client/src/main/java/org/apache/storm/kafka/spout/KafkaSpoutTuplesBuilderNamedTopics.java | external/storm-kafka-client/src/main/java/org/apache/storm/kafka/spout/KafkaTuple.java | external/storm-kafka-client/src/main/java/org/apache/storm/kafka/spout/ManualPartitionNamedSubscription.java | external/storm-kafka-client/src/main/java/org/apache/storm/kafka/spout/ManualPartitionPatternSubscription.java | external/storm-kafka-client/src/main/java/org/apache/storm/kafka/spout/ManualPartitioner.java | external/storm-kafka-client/src/main/java/org/apache/storm/kafka/spout/NamedSubscription.java | external/storm-kafka-client/src/main/java/org/apache/storm/kafka/spout/PatternSubscription.java | external/storm-kafka-client/src/main/java/org/apache/storm/kafka/spout/RecordTranslator.java | external/storm-kafka-client/src/main/java/org/apache/storm/kafka/spout/RoundRobinManualPartitioner.java | external/storm-kafka-client/src/main/java/org/apache/storm/kafka/spout/SimpleRecordTranslator.java | external/storm-kafka-client/src/main/java/org/apache/storm/kafka/spout/Subscription.java | external/storm-kafka-client/src/main/java/org/apache/storm/kafka/spout/TopicPartitionComparator.java | external/storm-kafka-client/src/main/java/org/apache/storm/kafka/spout/internal/Timer.java | external/storm-kafka-client/src/main/java/org/apache/storm/kafka/spout/trident/KafkaTridentSpoutEmitter.java | external/storm-kafka-client/src/main/java/org/apache/storm/kafka/spout/trident/KafkaTridentSpoutManager.java | external/storm-kafka-client/src/main/java/org/apache/storm/kafka/spout/trident/KafkaTridentSpoutOpaque.java | external/storm-kafka-client/src/main/java/org/apache/storm/kafka/trident/TridentKafkaState.java | external/storm-kafka-client/src/main/java/org/apache/storm/kafka/trident/TridentKafkaStateFactory.java | external/storm-kafka-client/src/main/java/org/apache/storm/kafka/trident/mapper/FieldNameBasedTupleToKafkaMapper.java | external/storm-kafka-client/src/main/java/org/apache/storm/kafka/trident/mapper/TridentTupleToKafkaMapper.java | external/storm-kafka-client/src/main/java/org/apache/storm/kafka/trident/selector/DefaultTopicSelector.java | external/storm-kafka-client/src/main/java/org/apache/storm/kafka/trident/selector/KafkaTopicSelector.java | external/storm-kafka/src/jvm/org/apache/storm/kafka/DynamicPartitionConnections.java | external/storm-kafka/src/jvm/org/apache/storm/kafka/KafkaSpout.java | external/storm-kafka/src/jvm/org/apache/storm/kafka/KafkaUtils.java | external/storm-kafka/src/jvm/org/apache/storm/kafka/PartitionManager.java | external/storm-kafka/src/jvm/org/apache/storm/kafka/StaticCoordinator.java | external/storm-kafka/src/jvm/org/apache/storm/kafka/bolt/KafkaBolt.java | storm-core/src/jvm/org/apache/storm/tuple/Fields.java,STORM-1997: copy state/bolt from storm-kafka to storm-kafka-client STORM-2225: change spout config to be simpler. STORM-2228: removed ability to request a single topic go to multiple streams STORM-2236: Reimplemented manual partition management on top of STORM-2225
STORM-2228,c9f9348e3de0917020a8c903f4c9d026b7dc6204,2016-11-29T21:39:26-06:00,NON_MERGE,1,false,true,46,external/storm-kafka-client/src/main/java/org/apache/storm/kafka/bolt/KafkaBolt.java | external/storm-kafka-client/src/main/java/org/apache/storm/kafka/bolt/mapper/FieldNameBasedTupleToKafkaMapper.java | external/storm-kafka-client/src/main/java/org/apache/storm/kafka/bolt/mapper/TupleToKafkaMapper.java | external/storm-kafka-client/src/main/java/org/apache/storm/kafka/bolt/selector/DefaultTopicSelector.java | external/storm-kafka-client/src/main/java/org/apache/storm/kafka/bolt/selector/FieldIndexTopicSelector.java | external/storm-kafka-client/src/main/java/org/apache/storm/kafka/bolt/selector/FieldNameTopicSelector.java | external/storm-kafka-client/src/main/java/org/apache/storm/kafka/bolt/selector/KafkaTopicSelector.java | external/storm-kafka-client/src/main/java/org/apache/storm/kafka/spout/ByTopicRecordTranslator.java | external/storm-kafka-client/src/main/java/org/apache/storm/kafka/spout/DefaultRecordTranslator.java | external/storm-kafka-client/src/main/java/org/apache/storm/kafka/spout/Func.java | external/storm-kafka-client/src/main/java/org/apache/storm/kafka/spout/KafkaSpout.java | external/storm-kafka-client/src/main/java/org/apache/storm/kafka/spout/KafkaSpoutConfig.java | external/storm-kafka-client/src/main/java/org/apache/storm/kafka/spout/KafkaSpoutMessageId.java | external/storm-kafka-client/src/main/java/org/apache/storm/kafka/spout/KafkaSpoutStream.java | external/storm-kafka-client/src/main/java/org/apache/storm/kafka/spout/KafkaSpoutStreamsNamedTopics.java | external/storm-kafka-client/src/main/java/org/apache/storm/kafka/spout/KafkaSpoutStreamsWildcardTopics.java | external/storm-kafka-client/src/main/java/org/apache/storm/kafka/spout/KafkaSpoutTupleBuilder.java | external/storm-kafka-client/src/main/java/org/apache/storm/kafka/spout/KafkaSpoutTuplesBuilderNamedTopics.java | external/storm-kafka-client/src/main/java/org/apache/storm/kafka/spout/KafkaTuple.java | external/storm-kafka-client/src/main/java/org/apache/storm/kafka/spout/ManualPartitionNamedSubscription.java | external/storm-kafka-client/src/main/java/org/apache/storm/kafka/spout/ManualPartitionPatternSubscription.java | external/storm-kafka-client/src/main/java/org/apache/storm/kafka/spout/ManualPartitioner.java | external/storm-kafka-client/src/main/java/org/apache/storm/kafka/spout/NamedSubscription.java | external/storm-kafka-client/src/main/java/org/apache/storm/kafka/spout/PatternSubscription.java | external/storm-kafka-client/src/main/java/org/apache/storm/kafka/spout/RecordTranslator.java | external/storm-kafka-client/src/main/java/org/apache/storm/kafka/spout/RoundRobinManualPartitioner.java | external/storm-kafka-client/src/main/java/org/apache/storm/kafka/spout/SimpleRecordTranslator.java | external/storm-kafka-client/src/main/java/org/apache/storm/kafka/spout/Subscription.java | external/storm-kafka-client/src/main/java/org/apache/storm/kafka/spout/TopicPartitionComparator.java | external/storm-kafka-client/src/main/java/org/apache/storm/kafka/spout/internal/Timer.java | external/storm-kafka-client/src/main/java/org/apache/storm/kafka/spout/trident/KafkaTridentSpoutEmitter.java | external/storm-kafka-client/src/main/java/org/apache/storm/kafka/spout/trident/KafkaTridentSpoutManager.java | external/storm-kafka-client/src/main/java/org/apache/storm/kafka/spout/trident/KafkaTridentSpoutOpaque.java | external/storm-kafka-client/src/main/java/org/apache/storm/kafka/trident/TridentKafkaState.java | external/storm-kafka-client/src/main/java/org/apache/storm/kafka/trident/TridentKafkaStateFactory.java | external/storm-kafka-client/src/main/java/org/apache/storm/kafka/trident/mapper/FieldNameBasedTupleToKafkaMapper.java | external/storm-kafka-client/src/main/java/org/apache/storm/kafka/trident/mapper/TridentTupleToKafkaMapper.java | external/storm-kafka-client/src/main/java/org/apache/storm/kafka/trident/selector/DefaultTopicSelector.java | external/storm-kafka-client/src/main/java/org/apache/storm/kafka/trident/selector/KafkaTopicSelector.java | external/storm-kafka/src/jvm/org/apache/storm/kafka/DynamicPartitionConnections.java | external/storm-kafka/src/jvm/org/apache/storm/kafka/KafkaSpout.java | external/storm-kafka/src/jvm/org/apache/storm/kafka/KafkaUtils.java | external/storm-kafka/src/jvm/org/apache/storm/kafka/PartitionManager.java | external/storm-kafka/src/jvm/org/apache/storm/kafka/StaticCoordinator.java | external/storm-kafka/src/jvm/org/apache/storm/kafka/bolt/KafkaBolt.java | storm-core/src/jvm/org/apache/storm/tuple/Fields.java,STORM-1997: copy state/bolt from storm-kafka to storm-kafka-client STORM-2225: change spout config to be simpler. STORM-2228: removed ability to request a single topic go to multiple streams STORM-2236: Reimplemented manual partition management on top of STORM-2225
STORM-2231,2b15fc4fc7189f2f42a0fea13f2ca00a6675d6c7,2017-08-24T20:11:41+09:00,NON_MERGE,1,false,true,1,storm-client/src/jvm/org/apache/storm/executor/Executor.java,STORM-2231 Fix multi-threads issue on executor send queue
STORM-2234,d556552afdefb2b2757304248803086d40269fec,2016-12-07T08:12:14+09:00,FIRST_PARENT_MERGE,2,true,true,1,storm-core/src/jvm/org/apache/storm/spout/ShellSpout.java,Merge branch 'master' of https://github.com/itielshwartz/storm into STORM-2234-merge
STORM-2234,4f2be9d3127643a4a5b1b067171e854ea03e8695,2016-12-07T08:14:08+09:00,FIRST_PARENT_MERGE,2,true,true,1,storm-core/src/jvm/org/apache/storm/spout/ShellSpout.java,Merge branch 'STORM-2234-1.x-merge' into 1.x-branch
STORM-2234,639bfb5a97f78b87f023ffa873d4fdc43a3b67ab,2016-12-07T08:14:33+09:00,FIRST_PARENT_MERGE,2,true,true,1,storm-core/src/jvm/org/apache/storm/spout/ShellSpout.java,Merge branch 'STORM-2234-1.0.x-merge' into 1.0.x-branch
STORM-2239,145af644324b62f2c060c6e795ac6b5474fd17d2,2016-11-29T21:17:36+01:00,NON_MERGE,1,false,true,1,external/storm-kafka-client/src/main/java/org/apache/storm/kafka/spout/KafkaSpout.java,STORM-2239: Handle InterruptException in new Kafka spout
STORM-2239,258b0e199a86215759a2184f47baad5542ab0405,2016-11-29T21:17:36+01:00,NON_MERGE,1,false,true,1,external/storm-kafka-client/src/main/java/org/apache/storm/kafka/spout/KafkaSpout.java,STORM-2239: Handle InterruptException in new Kafka spout
STORM-2240,1fd503daf589a221bb4e66bbf1f2982ed6d312ff,2017-02-08T10:41:25-08:00,NON_MERGE,1,false,true,2,external/storm-pmml/src/main/java/org/apache/storm/pmml/model/jpmml/JpmmlModelOutputs.java | external/storm-pmml/src/main/java/org/apache/storm/pmml/runner/jpmml/JpmmlFactory.java,STORM-2240: STORM PMML Bolt - Add Support to Load Models from Blob Store
STORM-2240,c7bd986ee53ccbe0dc679800cc04b963ebe4faaa,2017-02-08T10:41:25-08:00,NON_MERGE,1,false,true,2,external/storm-pmml/src/main/java/org/apache/storm/pmml/model/jpmml/JpmmlModelOutputs.java | external/storm-pmml/src/main/java/org/apache/storm/pmml/runner/jpmml/JpmmlFactory.java,STORM-2240: STORM PMML Bolt - Add Support to Load Models from Blob Store
STORM-2246,74bf25e2f24b36b9aaaede629b5bfc9ef1402334,2016-12-13T16:23:35+05:30,NON_MERGE,1,false,true,1,storm-core/src/jvm/org/apache/storm/daemon/nimbus/Nimbus.java,STORM-2246: Logviewer download link has urlencoding on part of the URL
STORM-2256,f8b986b5719278084e09f949a9ac77e89077367c,2016-12-25T23:16:29-08:00,NON_MERGE,1,false,true,1,external/storm-pmml/src/main/java/org/apache/storm/pmml/runner/jpmml/JPmmlModelRunner.java,STORM-2256. storm-pmml breaks on java 1.7.
STORM-2257,10e8173e9a027a28312f3cb11417e978a5c4305e,2016-12-26T16:33:42+05:30,NON_MERGE,1,false,true,1,external/sql/storm-sql-core/src/jvm/org/apache/storm/sql/compiler/backends/standalone/BuiltinAggregateFunctions.java,STORM-2257: Add built in support for sum function with different types in storm-sql standalone mode
STORM-2257,62aedd9c41247db356838a0e40a8514ff373204b,2016-12-26T16:33:42+05:30,NON_MERGE,1,false,true,1,external/sql/storm-sql-core/src/jvm/org/apache/storm/sql/compiler/backends/standalone/BuiltinAggregateFunctions.java,STORM-2257: Add built in support for sum function with different types in storm-sql standalone mode
STORM-2264,451ef9358f03d153b142fb2187ed6e9c562c8faf,2017-01-05T01:24:25+09:00,NON_MERGE,1,false,true,1,storm-core/src/jvm/org/apache/storm/trident/topology/state/TransactionalState.java,STORM-2264 OpaqueTridentKafkaSpout failing after STORM-2216
STORM-2264,71269e411bec714f4844790831200dda25d0241b,2017-01-05T01:24:25+09:00,NON_MERGE,1,false,true,1,storm-core/src/jvm/org/apache/storm/trident/topology/state/TransactionalState.java,STORM-2264 OpaqueTridentKafkaSpout failing after STORM-2216
STORM-2264,f01372f23c3a658aee05c5e236313dd59ec4325b,2017-01-05T01:24:25+09:00,NON_MERGE,1,false,true,1,storm-core/src/jvm/org/apache/storm/trident/topology/state/TransactionalState.java,STORM-2264 OpaqueTridentKafkaSpout failing after STORM-2216
STORM-2266,5ab547e82b724550e577f795845d9fa16475ab05,2016-12-29T12:54:43+05:30,NON_MERGE,1,false,true,4,external/storm-hdfs/src/main/java/org/apache/storm/hdfs/blobstore/HdfsClientBlobStore.java | storm-core/src/jvm/org/apache/storm/StormSubmitter.java | storm-core/src/jvm/org/apache/storm/blobstore/BlobStoreUtils.java | storm-core/src/jvm/org/apache/storm/utils/NimbusClient.java,STORM-2266 Close NimbusClient instances appropriately
STORM-2266,f8e8292f8f8ff2275ade4ea08b740853c8aa503e,2016-12-29T12:54:43+05:30,NON_MERGE,1,false,true,4,external/storm-hdfs/src/main/java/org/apache/storm/hdfs/blobstore/HdfsClientBlobStore.java | storm-core/src/jvm/org/apache/storm/StormSubmitter.java | storm-core/src/jvm/org/apache/storm/blobstore/BlobStoreUtils.java | storm-core/src/jvm/org/apache/storm/utils/NimbusClient.java,STORM-2266 Close NimbusClient instances appropriately
STORM-2266,fdb31e2d8116f45e3957ff2c84408eec2a7a80a9,2017-01-03T07:01:51+05:30,NON_MERGE,1,false,true,1,storm-core/src/jvm/org/apache/storm/utils/NimbusClient.java,STORM-2266: Addressed review comments
STORM-2266,fe013c45d869107834b6d0e188e5019fdbc09351,2017-01-03T07:01:51+05:30,NON_MERGE,1,false,true,1,storm-core/src/jvm/org/apache/storm/utils/NimbusClient.java,STORM-2266: Addressed review comments
STORM-2267,1e09c59f823edffaa2aa30514deed9f3e8518772,2017-01-03T13:27:08+09:00,NON_MERGE,1,false,true,3,external/storm-submit-tools/src/main/java/org/apache/storm/submit/command/DependencyResolverMain.java | external/storm-submit-tools/src/main/java/org/apache/storm/submit/dependency/Booter.java | external/storm-submit-tools/src/main/java/org/apache/storm/submit/dependency/DependencyResolver.java,STORM-2267 Use user's local maven repo. directory to local repo.
STORM-2267,bd2f6cdc00c4f3b5d89d484faaa7fd29727c1afc,2017-01-03T13:27:08+09:00,NON_MERGE,1,false,true,2,external/storm-submit-tools/src/main/java/org/apache/storm/submit/command/DependencyResolverMain.java | external/storm-submit-tools/src/main/java/org/apache/storm/submit/dependency/DependencyResolver.java,STORM-2267 Use user's local maven repo. directory to local repo.
STORM-2272,4e0da8f8d4cc0e9b593fdefe6003e24366ac60d0,2017-01-04T14:40:09-06:00,NON_MERGE,1,false,true,2,storm-core/src/jvm/org/apache/storm/LocalCluster.java | storm-core/src/jvm/org/apache/storm/utils/Time.java,STORM-2272: don't leak simulated time
STORM-2274,1fb76eef3e3f4e23acb6cc2236b5871d23742283,2017-01-09T11:48:23+09:00,FIRST_PARENT_MERGE,2,true,true,1,external/storm-hdfs/src/main/java/org/apache/storm/hdfs/spout/HdfsSpout.java,Merge branch 'STORM-2274' of https://github.com/roshannaik/storm into STORM-2274-1.x
STORM-2275,2b82fc8b5328fd4fbd680998c6051d9496c102d7,2017-01-04T16:17:39-08:00,NON_MERGE,1,false,true,1,storm-core/src/jvm/org/apache/storm/daemon/nimbus/Nimbus.java,STORM-2275: Nimbus crashed during state transition of topology
STORM-2279,51c8474143b0081ff0522b0367f3efdba2689089,2017-01-06T22:11:24-08:00,NON_MERGE,1,false,true,1,storm-core/src/jvm/org/apache/storm/daemon/nimbus/Nimbus.java,STORM-2279: Unable to open bolt page of storm ui
STORM-2279,bf5373d879616e44dbde38d2720e80e52c76318a,2017-01-19T16:41-08:00,NON_MERGE,1,false,true,3,storm-core/src/jvm/org/apache/storm/daemon/GrouperFactory.java | storm-core/src/jvm/org/apache/storm/daemon/nimbus/Nimbus.java | storm-core/src/jvm/org/apache/storm/utils/TupleUtils.java,STORM-2305: STORM-2279 calculates task index different from grouper code
STORM-2281,07cf86e95a66e47cac41f67f5b269ab24758d8cb,2017-01-30T00:02:42-08:00,NON_MERGE,1,false,true,7,external/storm-kafka-client/src/main/java/org/apache/storm/kafka/spout/trident/KafkaTridentSpoutBatchMetadata.java | external/storm-kafka-client/src/main/java/org/apache/storm/kafka/spout/trident/KafkaTridentSpoutEmitter.java | external/storm-kafka-client/src/main/java/org/apache/storm/kafka/spout/trident/KafkaTridentSpoutManager.java | external/storm-kafka-client/src/main/java/org/apache/storm/kafka/spout/trident/KafkaTridentSpoutOpaque.java | external/storm-kafka-client/src/main/java/org/apache/storm/kafka/spout/trident/KafkaTridentSpoutOpaqueCoordinator.java | external/storm-kafka-client/src/main/java/org/apache/storm/kafka/spout/trident/KafkaTridentSpoutTopicPartition.java | external/storm-kafka-client/src/main/java/org/apache/storm/kafka/spout/trident/KafkaTridentSpoutTopicPartitionRegistry.java,STORM-2281: Running Multiple Kafka Spouts (Trident) Throws Illegal State Exception
STORM-2281,1c676fe6a6ce110a55939ad4507d29d78f6b7174,2017-01-30T00:02:42-08:00,NON_MERGE,1,false,true,7,external/storm-kafka-client/src/main/java/org/apache/storm/kafka/spout/trident/KafkaTridentSpoutBatchMetadata.java | external/storm-kafka-client/src/main/java/org/apache/storm/kafka/spout/trident/KafkaTridentSpoutEmitter.java | external/storm-kafka-client/src/main/java/org/apache/storm/kafka/spout/trident/KafkaTridentSpoutManager.java | external/storm-kafka-client/src/main/java/org/apache/storm/kafka/spout/trident/KafkaTridentSpoutOpaque.java | external/storm-kafka-client/src/main/java/org/apache/storm/kafka/spout/trident/KafkaTridentSpoutOpaqueCoordinator.java | external/storm-kafka-client/src/main/java/org/apache/storm/kafka/spout/trident/KafkaTridentSpoutTopicPartition.java | external/storm-kafka-client/src/main/java/org/apache/storm/kafka/spout/trident/KafkaTridentSpoutTopicPartitionRegistry.java,STORM-2281: Running Multiple Kafka Spouts (Trident) Throws Illegal State Exception
STORM-2283,5f080f2d785abe331ef0346f4892741f3aaf7da1,2017-01-11T12:18:31+05:30,NON_MERGE,1,false,true,1,storm-core/src/jvm/org/apache/storm/state/DefaultStateSerializer.java,[STORM-2283] Fix multi threading issues in DefaultStateSerializer
STORM-2283,e4a83d8fef6f397e15cee659b2d805b229fcf006,2017-01-11T12:18:31+05:30,NON_MERGE,1,false,true,1,storm-core/src/jvm/org/apache/storm/state/DefaultStateSerializer.java,[STORM-2283] Fix multi threading issues in DefaultStateSerializer
STORM-2283,ec34d2277f236517440eac5e0784a294507d8a55,2017-01-11T12:18:31+05:30,NON_MERGE,1,false,true,1,storm-core/src/jvm/org/apache/storm/state/DefaultStateSerializer.java,[STORM-2283] Fix multi threading issues in DefaultStateSerializer
STORM-2293,c5e266b01b697969fd6514c5bbab9ca5459e90b6,2017-01-13T13:45:11+09:00,NON_MERGE,1,false,true,4,storm-core/src/jvm/org/apache/storm/daemon/supervisor/Supervisor.java | storm-core/src/jvm/org/apache/storm/executor/Executor.java | storm-core/src/jvm/org/apache/storm/executor/error/ReportError.java | storm-core/src/jvm/org/apache/storm/utils/Utils.java,STORM-2293 hostname should only refer node's 'storm.local.hostname'
STORM-2293,91ef18b1b7cddd7153cd69cbff204774581d1758,2017-01-13T15:49:49+09:00,NON_MERGE,1,false,true,2,storm-core/src/jvm/org/apache/storm/daemon/supervisor/Supervisor.java | storm-core/src/jvm/org/apache/storm/utils/Utils.java,STORM-2293 hostname should only refer node's 'storm.local.hostname'
STORM-2293,bda2f147d0bb0f66aa1ebd9b81dcbe87d13b6302,2017-01-13T15:49:49+09:00,NON_MERGE,1,false,true,2,storm-core/src/jvm/org/apache/storm/daemon/supervisor/Supervisor.java | storm-core/src/jvm/org/apache/storm/utils/Utils.java,STORM-2293 hostname should only refer node's 'storm.local.hostname'
STORM-2295,ba406c16a27221dc4c1ca7ac3d3c3164cb669bfd,2017-01-17T00:56:14+05:30,NON_MERGE,1,false,true,1,external/storm-kafka-client/src/main/java/org/apache/storm/kafka/spout/KafkaSpoutStreamsNamedTopics.java,STORM-2295 KafkaSpoutStreamsNamedTopics should return output fields with predictable ordering
STORM-2295,f4fdab3a45017dc042eda0c0c65d06a37f6cf904,2017-01-17T00:56:14+05:30,NON_MERGE,1,false,true,1,external/storm-kafka-client/src/main/java/org/apache/storm/kafka/spout/KafkaSpoutStreamsNamedTopics.java,STORM-2295 KafkaSpoutStreamsNamedTopics should return output fields with predictable ordering
STORM-2303,748f5d961509ae865167eb758a99b1a9d12825d9,2017-01-19T14:06:35+09:00,NON_MERGE,1,false,true,3,external/storm-opentsdb/src/main/java/org/apache/storm/opentsdb/bolt/OpenTsdbBolt.java | external/storm-opentsdb/src/main/java/org/apache/storm/opentsdb/trident/OpenTsdbState.java | external/storm-opentsdb/src/main/java/org/apache/storm/opentsdb/trident/OpenTsdbStateFactory.java,STORM-2303 [storm-opentsdb] Fix list invariant issue for JDK 7
STORM-2303,84975803b59cc9c026a742e4f3d8241fa549d369,2017-01-19T14:06:35+09:00,NON_MERGE,1,false,true,3,external/storm-opentsdb/src/main/java/org/apache/storm/opentsdb/bolt/OpenTsdbBolt.java | external/storm-opentsdb/src/main/java/org/apache/storm/opentsdb/trident/OpenTsdbState.java | external/storm-opentsdb/src/main/java/org/apache/storm/opentsdb/trident/OpenTsdbStateFactory.java,STORM-2303 [storm-opentsdb] Fix list invariant issue for JDK 7
STORM-2305,bf5373d879616e44dbde38d2720e80e52c76318a,2017-01-19T16:41-08:00,NON_MERGE,1,false,true,3,storm-core/src/jvm/org/apache/storm/daemon/GrouperFactory.java | storm-core/src/jvm/org/apache/storm/daemon/nimbus/Nimbus.java | storm-core/src/jvm/org/apache/storm/utils/TupleUtils.java,STORM-2305: STORM-2279 calculates task index different from grouper code
STORM-2315,a22e032bbc030569ce2a22744b06b550173f1e16,2017-04-14T15:37:18+09:00,FIRST_PARENT_MERGE,2,true,true,1,external/storm-kafka-client/src/main/java/org/apache/storm/kafka/spout/KafkaSpout.java,Merge branch 'STORM-2315-1.x' of https://github.com/MediaV/storm into STORM-2315-1.x-merge
STORM-2315,249260ddeb9cde23a154535a8df2ce8f8090a661,2017-04-14T16:08:31+09:00,FIRST_PARENT_MERGE,2,true,true,1,external/storm-kafka-client/src/main/java/org/apache/storm/kafka/spout/KafkaSpout.java,Merge branch 'STORM-2315-merge'
STORM-2321,3b12349c97242bffb00a6e97314c8abb2aed7967,2017-01-31T17:00:31+09:00,NON_MERGE,1,false,true,4,storm-core/src/jvm/org/apache/storm/blobstore/BlobStoreUtils.java | storm-core/src/jvm/org/apache/storm/blobstore/BlobSynchronizer.java | storm-core/src/jvm/org/apache/storm/blobstore/KeySequenceNumber.java | storm-core/src/jvm/org/apache/storm/blobstore/LocalFsBlobStore.java,STORM-2321 Handle blobstore zk key deletion in KeySequenceNumber
STORM-2321,3f1e5cf95c47ae9068d03acb52e2903dac99644c,2017-01-31T17:00:31+09:00,NON_MERGE,1,false,true,4,storm-core/src/jvm/org/apache/storm/blobstore/BlobStoreUtils.java | storm-core/src/jvm/org/apache/storm/blobstore/BlobSynchronizer.java | storm-core/src/jvm/org/apache/storm/blobstore/KeySequenceNumber.java | storm-core/src/jvm/org/apache/storm/blobstore/LocalFsBlobStore.java,STORM-2321 Handle blobstore zk key deletion in KeySequenceNumber
STORM-2321,ff7204385976e2de8099b5fffa858ae29db8c5a8,2017-01-31T17:00:31+09:00,NON_MERGE,1,false,true,5,storm-core/src/jvm/org/apache/storm/blobstore/BlobStoreUtils.java | storm-core/src/jvm/org/apache/storm/blobstore/BlobSynchronizer.java | storm-core/src/jvm/org/apache/storm/blobstore/KeySequenceNumber.java | storm-core/src/jvm/org/apache/storm/blobstore/LocalFsBlobStore.java | storm-core/src/jvm/org/apache/storm/daemon/nimbus/Nimbus.java,STORM-2321 Handle blobstore zk key deletion in KeySequenceNumber
STORM-2323,b19b0a1da4488bf91d60aa1487d6ed6109af4162,2017-01-25T13:16:44+09:00,NON_MERGE,1,false,true,1,storm-core/src/jvm/org/apache/storm/zookeeper/Zookeeper.java,STORM-2323 Precondition for Leader Nimbus should check all topology blobs and also corresponding dependencies
STORM-2323,f7373f43511d1410f0f026034a4c8194e5f1a7f1,2017-01-25T13:16:44+09:00,NON_MERGE,1,false,true,1,storm-core/src/jvm/org/apache/storm/zookeeper/Zookeeper.java,STORM-2323 Precondition for Leader Nimbus should check all topology blobs and also corresponding dependencies
STORM-2324,684d8b531cf1a05e5a3b921c39e24e6e4d6d3bab,2017-02-02T15:47:20-08:00,NON_MERGE,1,false,true,1,storm-core/src/jvm/org/apache/storm/daemon/supervisor/Container.java,STORM-2324 : Making sure toplogy deployment does not break if resources directory is missing in topology jar. UT fixes
STORM-2324,eb459042dc7c62e3b4de5d45a94f460ffd18031f,2017-02-02T15:47:20-08:00,NON_MERGE,1,false,true,1,storm-core/src/jvm/org/apache/storm/daemon/supervisor/Container.java,STORM-2324 : Making sure toplogy deployment does not break if resources directory is missing in topology jar. UT fixes
STORM-2324,ab430f5efa1b3df26319fef6e85b0944106d7823,2017-02-02T16:17:15-08:00,NON_MERGE,1,false,true,1,storm-core/src/jvm/org/apache/storm/daemon/supervisor/Container.java,STORM-2324 : Making sure toplogy deployment does not break if resources directory is missing in topology jar. UT fixes
STORM-2325,919d63f5e225757d3589488d13498ef24daaacc8,2017-01-25T18:20:19+09:00,NON_MERGE,1,false,true,1,storm-core/src/jvm/org/apache/storm/utils/Utils.java,STORM-2325 Logviewer doesn't consider 'storm.local.hostname'
STORM-2325,9e8045f07c58591ffa8ffcfd430f24edd7c259cf,2017-01-25T18:20:19+09:00,NON_MERGE,1,false,true,1,storm-core/src/jvm/org/apache/storm/utils/Utils.java,STORM-2325 Logviewer doesn't consider 'storm.local.hostname'
STORM-2325,ab539770ae4a7ac96335ff90e12a35b735af2cf0,2017-01-25T18:20:19+09:00,NON_MERGE,1,false,true,1,storm-core/src/jvm/org/apache/storm/utils/Utils.java,STORM-2325 Logviewer doesn't consider 'storm.local.hostname'
STORM-2330,1d09d786fdbf61f634441e76e2c2a53c35178540,2017-01-27T12:19:18+05:30,NON_MERGE,1,false,true,3,external/sql/storm-sql-core/src/jvm/org/apache/storm/sql/StormSqlImpl.java | external/sql/storm-sql-core/src/jvm/org/apache/storm/sql/compiler/RexNodeToBlockStatementCompiler.java | external/sql/storm-sql-core/src/jvm/org/apache/storm/sql/compiler/StormSqlTypeFactoryImpl.java,STORM-2330: Fix storm sql code generation for UDAF with non standard sql types
STORM-2330,549a6c5e5919e143f95a90323ae619eceaa16f4e,2017-01-27T12:19:18+05:30,NON_MERGE,1,false,true,3,external/sql/storm-sql-core/src/jvm/org/apache/storm/sql/StormSqlImpl.java | external/sql/storm-sql-core/src/jvm/org/apache/storm/sql/compiler/RexNodeToBlockStatementCompiler.java | external/sql/storm-sql-core/src/jvm/org/apache/storm/sql/compiler/StormSqlTypeFactoryImpl.java,STORM-2330: Fix storm sql code generation for UDAF with non standard sql types
STORM-2334,9e898247845f99392fe0b714a6df39fe2cfc5fe7,2017-01-31T17:21:46-08:00,NON_MERGE,1,false,true,1,storm-core/src/jvm/org/apache/storm/bolt/JoinBolt.java,STORM-2334 Join Bolt implementation with unit tests
STORM-2334,f4ded1622b4ee3e9c9f6960ffa6ffb8305916d06,2017-01-31T17:21:46-08:00,NON_MERGE,1,false,true,1,storm-core/src/jvm/org/apache/storm/bolt/JoinBolt.java,STORM-2334 Join Bolt implementation with unit tests
STORM-2336,1615f27e10bfd3e194d94a6c32594eab0b57de9b,2017-02-03T00:32:56+09:00,FIRST_PARENT_MERGE,2,true,true,1,storm-core/src/jvm/org/apache/storm/daemon/supervisor/Supervisor.java,Merge branch 'STORM-2336-1.x-merge' into 1.x-branch
STORM-2336,a7b82c4b66284ea0797d88827863d61ed50c854f,2017-02-07T10:41:02+09:00,FIRST_PARENT_MERGE,2,true,true,1,storm-core/src/jvm/org/apache/storm/daemon/supervisor/Supervisor.java,Merge branch 'STORM-2336-1.0.x-merge' into 1.0.x-branch
STORM-2343,d98a5b8baaac3595df6d1f43a0f84a33b57de546,2017-04-08T08:23:43+02:00,NON_MERGE,1,false,true,4,external/storm-kafka-client/src/main/java/org/apache/storm/kafka/spout/KafkaSpout.java | external/storm-kafka-client/src/main/java/org/apache/storm/kafka/spout/KafkaSpoutConfig.java | external/storm-kafka-client/src/main/java/org/apache/storm/kafka/spout/KafkaSpoutRetryExponentialBackoff.java | external/storm-kafka-client/src/main/java/org/apache/storm/kafka/spout/KafkaSpoutRetryService.java,STORM-2343: Fix new Kafka spout stopping processing if more than maxUncommittedOffsets tuples fail at once
STORM-2343,fa6a2bd7f3ae273c8f312b60f4a87f357b1d8b6f,2017-04-08T08:26:42+02:00,NON_MERGE,1,false,true,4,external/storm-kafka-client/src/main/java/org/apache/storm/kafka/spout/KafkaSpout.java | external/storm-kafka-client/src/main/java/org/apache/storm/kafka/spout/KafkaSpoutConfig.java | external/storm-kafka-client/src/main/java/org/apache/storm/kafka/spout/KafkaSpoutRetryExponentialBackoff.java | external/storm-kafka-client/src/main/java/org/apache/storm/kafka/spout/KafkaSpoutRetryService.java,STORM-2343: Fix new Kafka spout stopping processing if more than maxUncommittedOffsets tuples fail at once
STORM-2343,fe16fd40c69d872e0a2cd5a5dd0bc39fbf72cd9d,2017-04-08T08:26:42+02:00,NON_MERGE,1,false,true,4,external/storm-kafka-client/src/main/java/org/apache/storm/kafka/spout/KafkaSpout.java | external/storm-kafka-client/src/main/java/org/apache/storm/kafka/spout/KafkaSpoutConfig.java | external/storm-kafka-client/src/main/java/org/apache/storm/kafka/spout/KafkaSpoutRetryExponentialBackoff.java | external/storm-kafka-client/src/main/java/org/apache/storm/kafka/spout/KafkaSpoutRetryService.java,STORM-2343: Fix new Kafka spout stopping processing if more than maxUncommittedOffsets tuples fail at once
STORM-2345,384047f3963b56576a7af56f8e87440be93103ee,2017-02-05T18:00:02+01:00,NON_MERGE,1,false,true,1,storm-core/src/jvm/org/apache/storm/daemon/supervisor/ReadClusterState.java,STORM-2345: Type mismatch in ReadClusterState's ProfileAction processing Map
STORM-2345,d8a0957e7659825d99bdf2254de6fd297c24835e,2017-02-05T18:00:02+01:00,NON_MERGE,1,false,true,1,storm-core/src/jvm/org/apache/storm/daemon/supervisor/ReadClusterState.java,STORM-2345: Type mismatch in ReadClusterState's ProfileAction processing Map
STORM-2345,d90effbb45255ea7e1c161c8ef3f1a2be620ac4d,2017-02-05T18:00:02+01:00,NON_MERGE,1,false,true,1,storm-core/src/jvm/org/apache/storm/daemon/supervisor/ReadClusterState.java,STORM-2345: Type mismatch in ReadClusterState's ProfileAction processing Map
STORM-2350,6c805c6562c3c98deb584cb1c9fb3435abd0692b,2017-02-07T06:11:32+01:00,NON_MERGE,1,false,true,1,external/storm-hdfs/src/main/java/org/apache/storm/hdfs/common/ModifTimeComparator.java,STORM-2350: Storm-HDFS's listFilesByModificationTime is broken
STORM-2350,bb5c6b84876da10d842889bb1729ccfab02af7b5,2017-02-07T06:11:32+01:00,NON_MERGE,1,false,true,1,external/storm-hdfs/src/main/java/org/apache/storm/hdfs/common/ModifTimeComparator.java,STORM-2350: Storm-HDFS's listFilesByModificationTime is broken
STORM-2350,de70903dde47756e81859f6fe0a1b2e5190b9b1b,2017-02-07T06:11:32+01:00,NON_MERGE,1,false,true,1,external/storm-hdfs/src/main/java/org/apache/storm/hdfs/common/ModifTimeComparator.java,STORM-2350: Storm-HDFS's listFilesByModificationTime is broken
STORM-2357,11a7a15746010e0baaa5a4db70374dff1d4ab800,2017-07-31T20:26:55+02:00,NON_MERGE,1,false,true,2,external/storm-kafka-client/src/main/java/org/apache/storm/kafka/spout/KafkaSpout.java | external/storm-kafka-client/src/main/java/org/apache/storm/kafka/spout/KafkaSpoutConfig.java,STORM-2648/STORM-2357: Add storm-kafka-client support for at-most-once processing and a toggle for whether messages should be emitted with a message id when not using at-least-once
STORM-2357,48f6969027e7b02a5b9220577189d3911aa2226d,2017-07-31T20:26:55+02:00,NON_MERGE,1,false,true,2,external/storm-kafka-client/src/main/java/org/apache/storm/kafka/spout/KafkaSpout.java | external/storm-kafka-client/src/main/java/org/apache/storm/kafka/spout/KafkaSpoutConfig.java,STORM-2648/STORM-2357: Add storm-kafka-client support for at-most-once processing and a toggle for whether messages should be emitted with a message id when not using at-least-once
STORM-2361,25fde124d5cac336d116a809632f0b8dc0207229,2017-03-09T16:02:40+02:00,NON_MERGE,1,false,true,1,external/storm-kafka/src/jvm/org/apache/storm/kafka/KafkaSpout.java,"STORM-2361 bugfix for Kafka spout: after leader change, it stops committing offsets to ZK"
STORM-2361,48cda9a98d583cb15658c3a4c39c33ca6380f08f,2017-03-09T16:02:40+02:00,NON_MERGE,1,false,true,1,external/storm-kafka/src/jvm/org/apache/storm/kafka/KafkaSpout.java,"STORM-2361 bugfix for Kafka spout: after leader change, it stops committing offsets to ZK"
STORM-2361,83a342f6f812d41052fa56c82b349a53316792bf,2017-03-09T16:02:40+02:00,NON_MERGE,1,false,true,1,external/storm-kafka/src/jvm/org/apache/storm/kafka/KafkaSpout.java,"STORM-2361 bugfix for Kafka spout: after leader change, it stops committing offsets to ZK"
STORM-2374,a1148955f1b84bbfecb939dfa656ef5e1fc15acd,2017-02-22T15:03:16-08:00,NON_MERGE,1,false,true,1,external/storm-kafka-client/src/main/java/org/apache/storm/kafka/spout/Func.java,STORM-2374: Storm Kafka Client Func Interface Must be Serializable
STORM-2374,d4ff6b51f206e85e65bb5c4d06b4c28c828df174,2017-02-22T15:03:16-08:00,NON_MERGE,1,false,true,1,external/storm-kafka-client/src/main/java/org/apache/storm/kafka/spout/Func.java,STORM-2374: Storm Kafka Client Func Interface Must be Serializable
STORM-2386,92da0c5635c8cee378aac46383847e4530e51bc4,2017-02-28T12:23:54+09:00,NON_MERGE,1,false,true,1,storm-core/src/jvm/org/apache/storm/blobstore/BlobSynchronizer.java,STORM-2386 Fail-back Blob deletion also fails in BlobSynchronizer.syncBlobs
STORM-2386,932bf5456c49117288500e321fb554d3dc961d9c,2017-02-28T12:23:54+09:00,NON_MERGE,1,false,true,1,storm-core/src/jvm/org/apache/storm/blobstore/BlobSynchronizer.java,STORM-2386 Fail-back Blob deletion also fails in BlobSynchronizer.syncBlobs
STORM-2386,9e6d331adcc4781f56bd6a257b37be4822263754,2017-02-28T12:23:54+09:00,NON_MERGE,1,false,true,1,storm-core/src/jvm/org/apache/storm/blobstore/BlobSynchronizer.java,STORM-2386 Fail-back Blob deletion also fails in BlobSynchronizer.syncBlobs
STORM-2387,26cc63813f35f4378934a5e5142f44858228c7fc,2017-02-28T17:19:58+09:00,NON_MERGE,1,false,true,27,external/storm-cassandra/src/main/java/org/apache/storm/cassandra/bolt/BaseCassandraBolt.java | external/storm-cassandra/src/main/java/org/apache/storm/cassandra/bolt/BatchCassandraWriterBolt.java | external/storm-cassandra/src/main/java/org/apache/storm/cassandra/bolt/CassandraWriterBolt.java | external/storm-druid/src/main/java/org/apache/storm/druid/bolt/DruidBeamBolt.java | external/storm-elasticsearch/src/main/java/org/apache/storm/elasticsearch/bolt/AbstractEsBolt.java | external/storm-elasticsearch/src/main/java/org/apache/storm/elasticsearch/bolt/EsIndexBolt.java | external/storm-elasticsearch/src/main/java/org/apache/storm/elasticsearch/bolt/EsLookupBolt.java | external/storm-elasticsearch/src/main/java/org/apache/storm/elasticsearch/bolt/EsPercolateBolt.java | external/storm-eventhubs/src/main/java/org/apache/storm/eventhubs/bolt/EventHubBolt.java | external/storm-eventhubs/src/main/java/org/apache/storm/eventhubs/samples/bolt/GlobalCountBolt.java | external/storm-eventhubs/src/main/java/org/apache/storm/eventhubs/samples/bolt/PartialCountBolt.java | external/storm-jdbc/src/main/java/org/apache/storm/jdbc/bolt/AbstractJdbcBolt.java | external/storm-jdbc/src/main/java/org/apache/storm/jdbc/bolt/JdbcInsertBolt.java | external/storm-jdbc/src/main/java/org/apache/storm/jdbc/bolt/JdbcLookupBolt.java | external/storm-jms/core/src/main/java/org/apache/storm/jms/bolt/JmsBolt.java | external/storm-kafka-client/src/main/java/org/apache/storm/kafka/bolt/KafkaBolt.java | external/storm-kafka/src/jvm/org/apache/storm/kafka/bolt/KafkaBolt.java | external/storm-mongodb/src/main/java/org/apache/storm/mongodb/bolt/MongoLookupBolt.java | external/storm-mongodb/src/main/java/org/apache/storm/mongodb/bolt/MongoUpdateBolt.java | external/storm-mqtt/core/src/main/java/org/apache/storm/mqtt/bolt/MqttBolt.java | external/storm-pmml/src/main/java/org/apache/storm/pmml/PMMLPredictorBolt.java | external/storm-redis/src/main/java/org/apache/storm/redis/bolt/AbstractRedisBolt.java | external/storm-redis/src/main/java/org/apache/storm/redis/bolt/RedisFilterBolt.java | external/storm-redis/src/main/java/org/apache/storm/redis/bolt/RedisLookupBolt.java | external/storm-redis/src/main/java/org/apache/storm/redis/bolt/RedisStoreBolt.java | external/storm-solr/src/main/java/org/apache/storm/solr/bolt/SolrUpdateBolt.java | storm-core/src/jvm/org/apache/storm/topology/base/BaseTickTupleAwareRichBolt.java,STORM-2387 Handle tick tuples properly for Bolts in external modules
STORM-2387,8d418501adf6c74e861b8881420ff9e4673c3310,2017-02-28T17:19:58+09:00,NON_MERGE,1,false,true,22,external/storm-cassandra/src/main/java/org/apache/storm/cassandra/bolt/BaseCassandraBolt.java | external/storm-cassandra/src/main/java/org/apache/storm/cassandra/bolt/BatchCassandraWriterBolt.java | external/storm-cassandra/src/main/java/org/apache/storm/cassandra/bolt/CassandraWriterBolt.java | external/storm-elasticsearch/src/main/java/org/apache/storm/elasticsearch/bolt/AbstractEsBolt.java | external/storm-elasticsearch/src/main/java/org/apache/storm/elasticsearch/bolt/EsIndexBolt.java | external/storm-elasticsearch/src/main/java/org/apache/storm/elasticsearch/bolt/EsLookupBolt.java | external/storm-elasticsearch/src/main/java/org/apache/storm/elasticsearch/bolt/EsPercolateBolt.java | external/storm-eventhubs/src/main/java/org/apache/storm/eventhubs/bolt/EventHubBolt.java | external/storm-eventhubs/src/main/java/org/apache/storm/eventhubs/samples/bolt/GlobalCountBolt.java | external/storm-eventhubs/src/main/java/org/apache/storm/eventhubs/samples/bolt/PartialCountBolt.java | external/storm-jdbc/src/main/java/org/apache/storm/jdbc/bolt/AbstractJdbcBolt.java | external/storm-jdbc/src/main/java/org/apache/storm/jdbc/bolt/JdbcInsertBolt.java | external/storm-jdbc/src/main/java/org/apache/storm/jdbc/bolt/JdbcLookupBolt.java | external/storm-jms/core/src/main/java/org/apache/storm/jms/bolt/JmsBolt.java | external/storm-kafka/src/jvm/org/apache/storm/kafka/bolt/KafkaBolt.java | external/storm-mongodb/src/main/java/org/apache/storm/mongodb/bolt/MongoUpdateBolt.java | external/storm-mqtt/core/src/main/java/org/apache/storm/mqtt/bolt/MqttBolt.java | external/storm-redis/src/main/java/org/apache/storm/redis/bolt/AbstractRedisBolt.java | external/storm-redis/src/main/java/org/apache/storm/redis/bolt/RedisLookupBolt.java | external/storm-redis/src/main/java/org/apache/storm/redis/bolt/RedisStoreBolt.java | external/storm-solr/src/main/java/org/apache/storm/solr/bolt/SolrUpdateBolt.java | storm-core/src/jvm/org/apache/storm/topology/base/BaseTickTupleAwareRichBolt.java,STORM-2387 Handle tick tuples properly for Bolts in external modules
STORM-2387,d33ea90418de20ca7cee622b0135bc57c9d7c1bf,2017-02-28T17:19:58+09:00,NON_MERGE,1,false,true,26,external/storm-cassandra/src/main/java/org/apache/storm/cassandra/bolt/BaseCassandraBolt.java | external/storm-cassandra/src/main/java/org/apache/storm/cassandra/bolt/BatchCassandraWriterBolt.java | external/storm-cassandra/src/main/java/org/apache/storm/cassandra/bolt/CassandraWriterBolt.java | external/storm-druid/src/main/java/org/apache/storm/druid/bolt/DruidBeamBolt.java | external/storm-elasticsearch/src/main/java/org/apache/storm/elasticsearch/bolt/AbstractEsBolt.java | external/storm-elasticsearch/src/main/java/org/apache/storm/elasticsearch/bolt/EsIndexBolt.java | external/storm-elasticsearch/src/main/java/org/apache/storm/elasticsearch/bolt/EsLookupBolt.java | external/storm-elasticsearch/src/main/java/org/apache/storm/elasticsearch/bolt/EsPercolateBolt.java | external/storm-eventhubs/src/main/java/org/apache/storm/eventhubs/bolt/EventHubBolt.java | external/storm-eventhubs/src/main/java/org/apache/storm/eventhubs/samples/bolt/GlobalCountBolt.java | external/storm-eventhubs/src/main/java/org/apache/storm/eventhubs/samples/bolt/PartialCountBolt.java | external/storm-jdbc/src/main/java/org/apache/storm/jdbc/bolt/AbstractJdbcBolt.java | external/storm-jdbc/src/main/java/org/apache/storm/jdbc/bolt/JdbcInsertBolt.java | external/storm-jdbc/src/main/java/org/apache/storm/jdbc/bolt/JdbcLookupBolt.java | external/storm-jms/core/src/main/java/org/apache/storm/jms/bolt/JmsBolt.java | external/storm-kafka-client/src/main/java/org/apache/storm/kafka/bolt/KafkaBolt.java | external/storm-kafka/src/jvm/org/apache/storm/kafka/bolt/KafkaBolt.java | external/storm-mongodb/src/main/java/org/apache/storm/mongodb/bolt/MongoUpdateBolt.java | external/storm-mqtt/core/src/main/java/org/apache/storm/mqtt/bolt/MqttBolt.java | external/storm-pmml/src/main/java/org/apache/storm/pmml/PMMLPredictorBolt.java | external/storm-redis/src/main/java/org/apache/storm/redis/bolt/AbstractRedisBolt.java | external/storm-redis/src/main/java/org/apache/storm/redis/bolt/RedisFilterBolt.java | external/storm-redis/src/main/java/org/apache/storm/redis/bolt/RedisLookupBolt.java | external/storm-redis/src/main/java/org/apache/storm/redis/bolt/RedisStoreBolt.java | external/storm-solr/src/main/java/org/apache/storm/solr/bolt/SolrUpdateBolt.java | storm-core/src/jvm/org/apache/storm/topology/base/BaseTickTupleAwareRichBolt.java,STORM-2387 Handle tick tuples properly for Bolts in external modules
STORM-2388,8b9cdbd522a9e9affcf221022ed1004de991a206,2017-02-28T18:22:10+09:00,NON_MERGE,1,false,true,1,storm-core/src/jvm/org/apache/storm/bolt/JoinBolt.java,STORM-2388 JoinBolt breaks compilation against JDK 7
STORM-2389,1901434e7b79901b747c025654f17f6d322572fd,2017-03-02T19:06:59+09:00,NON_MERGE,1,false,true,1,storm-core/src/jvm/org/apache/storm/daemon/StormCommon.java,STORM-2389 Avoid instantiating Event Logger when topology.eventlogger.executors=0
STORM-2396,035c6d17ecb1f1080e364243a76a87937eeaa9f1,2017-03-04T15:10:27+01:00,NON_MERGE,1,false,true,1,storm-core/src/jvm/org/apache/storm/utils/Utils.java,STORM-2396: setting interrupted status back up before rethrowing a RuntimeException.
STORM-2396,129b2979c0b0cf58ebe538510f6775473a282d15,2017-03-04T15:10:27+01:00,NON_MERGE,1,false,true,1,storm-core/src/jvm/org/apache/storm/utils/Utils.java,STORM-2396: setting interrupted status back up before rethrowing a RuntimeException.
STORM-2396,61f3c88bd5c6a9be9f1df02bb4442c9ec2c5db31,2017-03-04T15:10:27+01:00,NON_MERGE,1,false,true,1,storm-core/src/jvm/org/apache/storm/utils/Utils.java,STORM-2396: setting interrupted status back up before rethrowing a RuntimeException.
STORM-2400,40a2780c58e7e59cacdb04e848342f42bd778226,2017-03-08T10:24:25+05:30,NON_MERGE,1,false,true,2,storm-core/src/jvm/org/apache/storm/security/auth/TBackoffConnect.java | storm-core/src/jvm/org/apache/storm/utils/StormBoundedExponentialBackoffRetry.java,STORM-2400 Upgraded Curator to 2.12.0 and made respective API changes
STORM-2400,cbb66b4929e8ad7edd7e5dfdbed9bab6adf1db6e,2017-03-08T10:24:25+05:30,NON_MERGE,1,false,true,2,storm-core/src/jvm/org/apache/storm/security/auth/TBackoffConnect.java | storm-core/src/jvm/org/apache/storm/utils/StormBoundedExponentialBackoffRetry.java,STORM-2400 Upgraded Curator to 2.12.0 and made respective API changes
STORM-2407,cd3b93093b3a3ef85e9acffc4cd350ec1e3640de,2017-03-10T13:13:31-08:00,NON_MERGE,1,false,true,7,external/storm-eventhubs/src/main/java/org/apache/storm/eventhubs/trident/OpaqueTridentEventHubEmitter.java | external/storm-kafka-client/src/main/java/org/apache/storm/kafka/spout/trident/KafkaTridentSpoutEmitter.java | external/storm-kafka-client/src/main/java/org/apache/storm/kafka/spout/trident/KafkaTridentSpoutOpaque.java | external/storm-kafka/src/jvm/org/apache/storm/kafka/trident/TridentKafkaEmitter.java | storm-core/src/jvm/org/apache/storm/trident/spout/IOpaquePartitionedTridentSpout.java | storm-core/src/jvm/org/apache/storm/trident/spout/OpaquePartitionedTridentSpoutExecutor.java | storm-core/src/jvm/org/apache/storm/trident/topology/state/TransactionalState.java,STORM-2407: KafkaTridentSpoutOpaque Doesn't Poll Data From All Topic-Partitions When Parallelism Hint Not a Multiple Total Topic-Partitions  - Introduce logic to poll data from the topic partitions assigned to each  task
STORM-2407,b88854110099edb778d5a906ff1f838737b673a3,2017-03-10T15:13:31-06:00,NON_MERGE,1,false,true,7,external/storm-eventhubs/src/main/java/org/apache/storm/eventhubs/trident/OpaqueTridentEventHubEmitter.java | external/storm-kafka-client/src/main/java/org/apache/storm/kafka/spout/trident/KafkaTridentSpoutEmitter.java | external/storm-kafka-client/src/main/java/org/apache/storm/kafka/spout/trident/KafkaTridentSpoutOpaque.java | external/storm-kafka/src/jvm/org/apache/storm/kafka/trident/TridentKafkaEmitter.java | storm-core/src/jvm/org/apache/storm/trident/spout/IOpaquePartitionedTridentSpout.java | storm-core/src/jvm/org/apache/storm/trident/spout/OpaquePartitionedTridentSpoutExecutor.java | storm-core/src/jvm/org/apache/storm/trident/topology/state/TransactionalState.java,STORM-2407: KafkaTridentSpoutOpaque Doesn't Poll Data From All Topic-Partitions When Parallelism Hint Not a Multiple Total Topic-Partitions  - Introduce logic to poll data from the topic partitions assigned to each  task
STORM-2409,8670f60d459f4c27ea040bd2f401ecd22c4bf497,2017-03-13T19:29:12-07:00,NON_MERGE,1,false,true,4,external/storm-kafka-client/src/main/java/org/apache/storm/kafka/spout/KafkaSpout.java | external/storm-kafka-client/src/main/java/org/apache/storm/kafka/spout/KafkaSpoutConfig.java | external/storm-kafka-client/src/main/java/org/apache/storm/kafka/spout/KafkaSpoutMessageId.java | external/storm-kafka-client/src/main/java/org/apache/storm/kafka/spout/RecordTranslator.java,STORM-2409: Storm-Kafka-Client KafkaSpout Support for Failed and Null Tuples   - Created config property to make emit null tuples configurable   - Ack directly null tuples that are not emitted   - Added emit field to KafkaSpoutMessageId
STORM-2409,dd6a7d1613d2084b5005fe7009eaa43220dcd468,2017-03-13T19:29:12-07:00,NON_MERGE,1,false,true,4,external/storm-kafka-client/src/main/java/org/apache/storm/kafka/spout/KafkaSpout.java | external/storm-kafka-client/src/main/java/org/apache/storm/kafka/spout/KafkaSpoutConfig.java | external/storm-kafka-client/src/main/java/org/apache/storm/kafka/spout/KafkaSpoutMessageId.java | external/storm-kafka-client/src/main/java/org/apache/storm/kafka/spout/RecordTranslator.java,STORM-2409: Storm-Kafka-Client KafkaSpout Support for Failed and Null Tuples   - Created config property to make emit null tuples configurable   - Ack directly null tuples that are not emitted   - Added emit field to KafkaSpoutMessageId
STORM-2412,12b60c93fab14f2615bba60874d6117cea9978c1,2017-03-13T18:11:13+05:30,NON_MERGE,1,false,true,2,storm-core/src/jvm/org/apache/storm/blobstore/BlobStoreUtils.java | storm-core/src/jvm/org/apache/storm/blobstore/BlobSynchronizer.java,STORM-2412: Nimbus isLeader check while waiting for max replication
STORM-2412,fd7c62ac0b40b4e5be97c76f94e4c1598c55ee53,2017-03-13T18:11:13+05:30,NON_MERGE,1,false,true,3,storm-core/src/jvm/org/apache/storm/blobstore/BlobStoreUtils.java | storm-core/src/jvm/org/apache/storm/blobstore/BlobSynchronizer.java | storm-core/src/jvm/org/apache/storm/daemon/nimbus/Nimbus.java,STORM-2412: Nimbus isLeader check while waiting for max replication
STORM-2413,1b49a126327bca92fc8b7db441598d6b38676137,2017-03-14T22:12:50+01:00,NON_MERGE,1,false,true,4,external/storm-kafka-client/src/main/java/org/apache/storm/kafka/spout/KafkaSpout.java | external/storm-kafka-client/src/main/java/org/apache/storm/kafka/spout/KafkaSpoutMessageId.java | external/storm-kafka-client/src/main/java/org/apache/storm/kafka/spout/KafkaSpoutRetryExponentialBackoff.java | external/storm-kafka-client/src/main/java/org/apache/storm/kafka/spout/KafkaSpoutRetryService.java,STORM-2413: Make new Kafka spout respect tuple retry limit
STORM-2413,20a82602ffda6795ced9d34e413464d7720f660c,2017-03-14T22:12:50+01:00,NON_MERGE,1,false,true,4,external/storm-kafka-client/src/main/java/org/apache/storm/kafka/spout/KafkaSpout.java | external/storm-kafka-client/src/main/java/org/apache/storm/kafka/spout/KafkaSpoutMessageId.java | external/storm-kafka-client/src/main/java/org/apache/storm/kafka/spout/KafkaSpoutRetryExponentialBackoff.java | external/storm-kafka-client/src/main/java/org/apache/storm/kafka/spout/KafkaSpoutRetryService.java,STORM-2413: Make new Kafka spout respect tuple retry limit
STORM-2413,fae07d965753330996b7e7427b1cef32298e2086,2017-03-14T22:12:50+01:00,NON_MERGE,1,false,true,4,external/storm-kafka-client/src/main/java/org/apache/storm/kafka/spout/KafkaSpout.java | external/storm-kafka-client/src/main/java/org/apache/storm/kafka/spout/KafkaSpoutMessageId.java | external/storm-kafka-client/src/main/java/org/apache/storm/kafka/spout/KafkaSpoutRetryExponentialBackoff.java | external/storm-kafka-client/src/main/java/org/apache/storm/kafka/spout/KafkaSpoutRetryService.java,STORM-2413: Make new Kafka spout respect tuple retry limit
STORM-2414,0c689b1c6d0df7ddf1c4cf4bb47fb29b08e0a14f,2017-03-15T12:47:14+09:00,NON_MERGE,1,false,true,1,storm-core/src/jvm/org/apache/storm/blobstore/LocalFsBlobStore.java,STORM-2414 Skip checking meta's ACL when subject has write privileges for any blobs
STORM-2414,6f3f7575045eee41e6d4a3c0fbc88a63b36a7f19,2017-03-15T12:47:14+09:00,NON_MERGE,1,false,true,1,storm-core/src/jvm/org/apache/storm/blobstore/LocalFsBlobStore.java,STORM-2414 Skip checking meta's ACL when subject has write privileges for any blobs
STORM-2414,a3dc4db8b371b0d05b4a01782e10189b56e7eabb,2017-03-15T12:47:14+09:00,NON_MERGE,1,false,true,1,storm-core/src/jvm/org/apache/storm/blobstore/LocalFsBlobStore.java,STORM-2414 Skip checking meta's ACL when subject has write privileges for any blobs
STORM-2422,525f14f64b112cb6e73788a0e97dad56048c876d,2017-03-17T13:25:27-05:00,NON_MERGE,1,false,true,1,storm-core/src/jvm/org/apache/storm/trident/planner/SubtopologyBolt.java,STORM-2422: Reduce the size of a serialized trident topology
STORM-2423,034019e6bcb4fa4f633a00656896bc4b0716684a,2017-03-20T16:46:13-07:00,NON_MERGE,1,false,true,1,storm-core/src/jvm/org/apache/storm/bolt/JoinBolt.java,STORM-2423 - Join Bolt : Use explicit instead of default window anchoring of emitted tuples
STORM-2423,438be3cc3df633ddd2724bdfaa7264eeada703d8,2017-03-20T16:46:13-07:00,NON_MERGE,1,false,true,1,storm-core/src/jvm/org/apache/storm/bolt/JoinBolt.java,STORM-2423 - Join Bolt : Use explicit instead of default window anchoring of emitted tuples
STORM-2425,291c058367675edd06c5c0f098d963103ced9374,2017-03-16T12:16:10+05:30,NON_MERGE,1,false,true,1,external/storm-hive/src/main/java/org/apache/storm/hive/bolt/HiveBolt.java,STORM-2425: Storm Hive Bolt not closing open transactions
STORM-2425,3ce63b8551bd710451308f5d6e140a1a622564e4,2017-03-16T12:16:10+05:30,NON_MERGE,1,false,true,1,external/storm-hive/src/main/java/org/apache/storm/hive/bolt/HiveBolt.java,STORM-2425: Storm Hive Bolt not closing open transactions
STORM-2429,cddb4c1d8f557016d3777baad0ba985fe97cf9ca,2017-04-05T09:16:43+09:00,FIRST_PARENT_MERGE,2,true,true,1,storm-core/src/jvm/org/apache/storm/Config.java,Merge branch 'supervisor-meta-validation' of https://github.com/stripe/storm into STORM-2429-merge
STORM-2429,f7efef551b425221ded44d800c8a12c8091ae361,2017-04-05T09:38:05+09:00,FIRST_PARENT_MERGE,2,true,true,1,storm-core/src/jvm/org/apache/storm/Config.java,Merge branch 'STORM-2429-1.0.x-merge' into 1.0.x-branch
STORM-2432,38f866c64c9bb1c55109a122c8ea3dc1a3b4b09b,2017-03-23T08:16:40-07:00,NON_MERGE,1,false,true,1,external/storm-kafka-client/src/main/java/org/apache/storm/kafka/spout/trident/KafkaTridentSpoutEmitter.java,STORM-2432: Storm-Kafka-Client Trident Spout Seeks Incorrect Offset With UNCOMMITTED_LATEST Strategy
STORM-2432,53a4370ab688a98e4fc6b391b43d23d9f457758c,2017-03-23T08:16:40-07:00,NON_MERGE,1,false,true,1,external/storm-kafka-client/src/main/java/org/apache/storm/kafka/spout/trident/KafkaTridentSpoutEmitter.java,STORM-2432: Storm-Kafka-Client Trident Spout Seeks Incorrect Offset With UNCOMMITTED_LATEST Strategy
STORM-2432,dc2d3219cc855e853723c12488f5a688e6268757,2017-03-23T08:16:40-07:00,NON_MERGE,1,false,true,1,external/storm-kafka-client/src/main/java/org/apache/storm/kafka/spout/trident/KafkaTridentSpoutEmitter.java,STORM-2432: Storm-Kafka-Client Trident Spout Seeks Incorrect Offset With UNCOMMITTED_LATEST Strategy
STORM-2443,9d62c13aad92daffa6af483306af35fc5609d89d,2017-08-30T22:59:13+09:00,NON_MERGE,1,false,true,2,storm-client/src/jvm/org/apache/storm/daemon/worker/LogConfigManager.java | storm-server/src/main/java/org/apache/storm/daemon/nimbus/Nimbus.java,STORM-2443 Fix issues on changing log level
STORM-2445,862b969bf7715609587bfa1745a8a7745049ed64,2017-08-31T20:26:04+09:00,NON_MERGE,1,false,true,1,storm-server/src/main/java/org/apache/storm/daemon/nimbus/Nimbus.java,STORM-2445 Topology log search refers supervisor ID as host of worker which contains UUID
STORM-2449,48ab13b3545273059f4a87d100adddda28d9d8dd,2017-06-16T15:39:45+09:00,NON_MERGE,1,false,true,1,external/storm-redis/src/main/java/org/apache/storm/redis/state/RedisKeyValueStateIterator.java,STORM-2449 Ensure same key appears only once in State iterator
STORM-2449,819f917739d0d15cb69218d2d5a7a333cc684362,2017-06-16T15:39:45+09:00,NON_MERGE,1,false,true,1,external/storm-redis/src/main/java/org/apache/storm/redis/state/RedisKeyValueStateIterator.java,STORM-2449 Ensure same key appears only once in State iterator
STORM-2449,fdf63ce9a619ee24b52435e8f5945304912ad3ea,2017-06-16T15:39:45+09:00,NON_MERGE,1,false,true,1,external/storm-redis/src/main/java/org/apache/storm/redis/state/RedisKeyValueStateIterator.java,STORM-2449 Ensure same key appears only once in State iterator
STORM-2450,547cb108254e144bdf5a7dc0ccad95cbb7f4c4d6,2017-04-01T10:35:39-05:00,NON_MERGE,1,false,true,1,storm-core/src/jvm/org/apache/storm/localizer/AsyncLocalizer.java,STORM-2450:  Write resources into correct local directory
STORM-2450,15e5d846f5598dc2e293b6abc1f7623b98e98286,2017-04-03T10:49:25-05:00,NON_MERGE,1,false,true,1,storm-core/src/jvm/org/apache/storm/localizer/AsyncLocalizer.java,Merge branch 'STORM-2450' of https://github.com/revans2/incubator-storm into STORM-2450
STORM-2450,bb126aeb89459b80e5154bccda543a164a3e4931,2017-04-03T10:49:25-05:00,NON_MERGE,1,false,true,1,storm-core/src/jvm/org/apache/storm/localizer/AsyncLocalizer.java,Merge branch 'STORM-2450' of https://github.com/revans2/incubator-storm into STORM-2450
STORM-2450,e2768bb7e9a9e7d942e240c22c7a0babd2ddf8bf,2017-04-03T10:49:25-05:00,NON_MERGE,1,false,true,1,storm-core/src/jvm/org/apache/storm/localizer/AsyncLocalizer.java,Merge branch 'STORM-2450' of https://github.com/revans2/incubator-storm into STORM-2450
STORM-2454,c2f2c227a34e6ef958875b090a289015652f6ed4,2017-04-05T17:03:28+08:00,NON_MERGE,1,false,true,1,external/storm-kafka-client/src/main/java/org/apache/storm/kafka/spout/KafkaSpoutConfig.java,[STORM-2454] the default returned value of this method which named isConsumerAutoCommitMode in KafkaSpoutConfig.java should be false
STORM-2467,10dc53bf97dceeb9ab10c80273a070eb507a778a,2017-04-11T10:02:38+02:00,NON_MERGE,1,false,true,1,external/storm-kafka/src/jvm/org/apache/storm/kafka/StringScheme.java,[STORM-2467] Use explicit charset when decoding from array backed buffer
STORM-2467,61bb558303dd5ead9e44645ca16c95a574ea1a0e,2017-04-11T10:02:38+02:00,NON_MERGE,1,false,true,1,external/storm-kafka/src/jvm/org/apache/storm/kafka/StringScheme.java,[STORM-2467] Use explicit charset when decoding from array backed buffer
STORM-2467,cf4d9e1eb6f8d75092527255e3ff21c23d354ac1,2017-04-11T10:02:38+02:00,NON_MERGE,1,false,true,1,external/storm-kafka/src/jvm/org/apache/storm/kafka/StringScheme.java,[STORM-2467] Use explicit charset when decoding from array backed buffer
STORM-2475,2823682d1de37676b76011535fdbe3dd311208cd,2017-04-13T19:34:11-05:00,NON_MERGE,1,false,true,1,storm-client/src/jvm/org/apache/storm/nimbus/NimbusInfo.java,STORM-2475:  Fix parsing of host:port to deal with IPv6 addresses
STORM-2478,2e24ab1041959f67fb3415275f09a0502b1d4640,2017-04-16T18:02:07+02:00,NON_MERGE,1,false,true,2,storm-server/src/main/java/org/apache/storm/blobstore/FileBlobStoreImpl.java | storm-server/src/main/java/org/apache/storm/blobstore/LocalFsBlobStore.java,STORM-2478: Fix BlobStoreTest.testDeleteAfterFailedCreate on Windows
STORM-2478,6246926eca4e4c4b3dcf16610f323d0eb9680e27,2017-04-16T18:02:07+02:00,NON_MERGE,1,false,true,2,storm-core/src/jvm/org/apache/storm/blobstore/FileBlobStoreImpl.java | storm-core/src/jvm/org/apache/storm/blobstore/LocalFsBlobStore.java,STORM-2478: Fix BlobStoreTest.testDeleteAfterFailedCreate on Windows
STORM-2478,cdf2b80146ae3028620e99ef70b146b6cfe58267,2017-04-16T18:02:07+02:00,NON_MERGE,1,false,true,2,storm-core/src/jvm/org/apache/storm/blobstore/FileBlobStoreImpl.java | storm-core/src/jvm/org/apache/storm/blobstore/LocalFsBlobStore.java,STORM-2478: Fix BlobStoreTest.testDeleteAfterFailedCreate on Windows
STORM-2479,1044473bb191c15dabfa434b8126f2fa523f59c9,2017-04-16T21:20:15+02:00,NON_MERGE,1,false,true,6,storm-client/src/jvm/org/apache/storm/nimbus/NimbusInfo.java | storm-client/src/jvm/org/apache/storm/security/auth/ITransportPlugin.java | storm-client/src/jvm/org/apache/storm/security/auth/SaslTransportPlugin.java | storm-client/src/jvm/org/apache/storm/security/auth/SimpleTransportPlugin.java | storm-client/src/jvm/org/apache/storm/security/auth/ThriftServer.java | storm-webapp/src/main/java/org/apache/storm/daemon/drpc/DRPCServer.java,STORM-2479: Fix port assignment race condition in storm-webapp tests
STORM-2483,d1e6bbb50ee5dbfb595d27e3630205d29ff975c2,2017-10-09T16:27:36-05:00,NON_MERGE,1,false,true,3,storm-server/src/main/java/org/apache/storm/daemon/supervisor/Slot.java | storm-server/src/main/java/org/apache/storm/localizer/GoodToGo.java | storm-server/src/main/java/org/apache/storm/localizer/LocallyCachedBlob.java,STORM-2483: Addressed review comments
STORM-2483,b37a67ad75f27428e334900c8001169bda70f274,2020-03-16T18:59:05Z,NON_MERGE,1,false,true,1,storm-client/src/jvm/org/apache/storm/utils/Utils.java,[STORM-2483] misnamed parameters
STORM-2483,c4db40f85628fb32afb90e8ca22d38368f9eccc3,2020-03-16T18:59:05Z,NON_MERGE,1,false,true,1,storm-client/src/jvm/org/apache/storm/utils/Utils.java,[STORM-2483] misnamed parameters
STORM-2483,e7b1c09cf317738755c97bd41d820d94176b550d,2020-03-18T10:04:21Z,NON_MERGE,1,false,true,1,storm-core/src/jvm/org/apache/storm/utils/Utils.java,[STORM-2483] misnamed parameters
STORM-2489,918849fb44d9d9133801f561a608ed42f774b421,2017-04-25T12:37:43+05:30,NON_MERGE,1,false,true,5,storm-client/src/jvm/org/apache/storm/topology/WindowedBoltExecutor.java | storm-client/src/jvm/org/apache/storm/windowing/DefaultEvictionContext.java | storm-client/src/jvm/org/apache/storm/windowing/EvictionContext.java | storm-client/src/jvm/org/apache/storm/windowing/TimeEvictionPolicy.java | storm-client/src/jvm/org/apache/storm/windowing/TimeTriggerPolicy.java,STORM-2489: Overlap and data loss on WindowedBolt based on Duration
STORM-2489,c6fb1f1756792360a5c8cacdddf20b8c2b29d502,2017-04-25T12:37:43+05:30,NON_MERGE,1,false,true,5,storm-core/src/jvm/org/apache/storm/topology/WindowedBoltExecutor.java | storm-core/src/jvm/org/apache/storm/windowing/DefaultEvictionContext.java | storm-core/src/jvm/org/apache/storm/windowing/EvictionContext.java | storm-core/src/jvm/org/apache/storm/windowing/TimeEvictionPolicy.java | storm-core/src/jvm/org/apache/storm/windowing/TimeTriggerPolicy.java,STORM-2489: Overlap and data loss on WindowedBolt based on Duration
STORM-2489,ce8081e9d1ebbac18d3de6b3802f21f2b0ea127c,2017-04-25T12:37:43+05:30,NON_MERGE,1,false,true,5,storm-core/src/jvm/org/apache/storm/topology/WindowedBoltExecutor.java | storm-core/src/jvm/org/apache/storm/windowing/DefaultEvictionContext.java | storm-core/src/jvm/org/apache/storm/windowing/EvictionContext.java | storm-core/src/jvm/org/apache/storm/windowing/TimeEvictionPolicy.java | storm-core/src/jvm/org/apache/storm/windowing/TimeTriggerPolicy.java,STORM-2489: Overlap and data loss on WindowedBolt based on Duration
STORM-2496,796e7156480d07b6c1cd52a7f3588239e2bfdc73,2017-05-08T12:14:25+09:00,NON_MERGE,1,false,true,1,storm-core/src/jvm/org/apache/storm/dependency/DependencyUploader.java,STORM-2496 Dependency artifacts should be uploaded to blobstore with READ permission for all
STORM-2496,cca9ba71ea595b79c16842180029e8475bbcd096,2017-05-08T12:14:25+09:00,NON_MERGE,1,false,true,1,storm-core/src/jvm/org/apache/storm/dependency/DependencyUploader.java,STORM-2496 Dependency artifacts should be uploaded to blobstore with READ permission for all
STORM-2496,f56ab4477e28c500575934c987780478bc1319b7,2017-05-08T12:14:25+09:00,NON_MERGE,1,false,true,1,storm-client/src/jvm/org/apache/storm/dependency/DependencyUploader.java,STORM-2496 Dependency artifacts should be uploaded to blobstore with READ permission for all
STORM-2503,9c1ab5b8c97dfacda3daa199d8a2383495b69374,2017-05-02T22:16:58+01:00,NON_MERGE,1,false,true,6,storm-client/src/jvm/org/apache/storm/container/cgroup/SubSystem.java | storm-client/src/jvm/org/apache/storm/scheduler/SchedulerAssignmentImpl.java | storm-client/src/jvm/org/apache/storm/scheduler/resource/strategies/scheduling/DefaultResourceAwareStrategy.java | storm-client/src/jvm/org/apache/storm/trident/windowing/StoreBasedTridentWindowManager.java | storm-server/src/main/java/org/apache/storm/daemon/nimbus/Nimbus.java | storm-server/src/main/java/org/apache/storm/daemon/supervisor/ReadClusterState.java,STORM-2503: Fix lgtm.com alerts on equality and comparison operations.
STORM-2503,3ceaba8873ff172285231f1234713df053d7e96d,2017-05-29T15:04:46+01:00,NON_MERGE,1,false,true,1,storm-client/src/jvm/org/apache/storm/scheduler/resource/strategies/scheduling/DefaultResourceAwareStrategy.java,STORM-2503: Restore comparator logic in `DefaultResourceAwareStrategy`.
STORM-2503,0943bb6482355230b09fd79ff4dc05a449850742,2017-06-05T03:33:16+01:00,NON_MERGE,1,false,true,3,storm-core/src/jvm/org/apache/storm/daemon/supervisor/ReadClusterState.java | storm-core/src/jvm/org/apache/storm/scheduler/resource/strategies/scheduling/DefaultResourceAwareStrategy.java | storm-core/src/jvm/org/apache/storm/trident/windowing/StoreBasedTridentWindowManager.java,STORM-2503: Fix lgtm.com alerts on equality and comparison operations.
STORM-2503,57ad1045c8333c90fd4e1073e3ad2ea22fb97cbc,2017-06-05T03:33:16+01:00,NON_MERGE,1,false,true,3,storm-core/src/jvm/org/apache/storm/daemon/supervisor/ReadClusterState.java | storm-core/src/jvm/org/apache/storm/scheduler/resource/strategies/scheduling/DefaultResourceAwareStrategy.java | storm-core/src/jvm/org/apache/storm/trident/windowing/StoreBasedTridentWindowManager.java,STORM-2503: Fix lgtm.com alerts on equality and comparison operations.
STORM-2503,0a39ad8a5d49fc085ec7f95e49ae218fc8ec5059,2017-06-23T10:34:21-05:00,NON_MERGE,1,false,true,1,storm-core/src/jvm/org/apache/storm/scheduler/resource/strategies/scheduling/DefaultResourceAwareStrategy.java,STORM-2503:  Have a consistent ordering of executors
STORM-2503,121af86087cd13850431b88e89feaa5b61b96ada,2017-06-23T10:34:21-05:00,NON_MERGE,1,false,true,1,storm-core/src/jvm/org/apache/storm/scheduler/resource/strategies/scheduling/DefaultResourceAwareStrategy.java,STORM-2503:  Have a consistent ordering of executors
STORM-2505,440f1b5d3dd6194feed81a7da21b63b51cde6544,2017-05-08T10:43:36+05:30,NON_MERGE,1,false,true,2,external/storm-kafka-client/src/main/java/org/apache/storm/kafka/spout/KafkaSpout.java | external/storm-kafka-client/src/main/java/org/apache/storm/kafka/spout/internal/OffsetManager.java,[STORM-2505] Spout to support topic compaction
STORM-2505,97605c1b1bd1fc286facaf36ceeb85fd31298fdf,2017-05-08T10:43:36+05:30,NON_MERGE,1,false,true,2,external/storm-kafka-client/src/main/java/org/apache/storm/kafka/spout/KafkaSpout.java | external/storm-kafka-client/src/main/java/org/apache/storm/kafka/spout/internal/OffsetManager.java,[STORM-2505] Spout to support topic compaction
STORM-2505,a2dde20cc4313ec373946e0845742eabdce67017,2017-05-08T10:43:36+05:30,NON_MERGE,1,false,true,2,external/storm-kafka-client/src/main/java/org/apache/storm/kafka/spout/KafkaSpout.java | external/storm-kafka-client/src/main/java/org/apache/storm/kafka/spout/internal/OffsetManager.java,[STORM-2505] Spout to support topic compaction
STORM-2505,8a5077a23b821c8601981ae2f7eb73ed54f59f81,2017-06-07T18:03:09+05:30,NON_MERGE,1,false,true,1,external/storm-kafka-client/src/main/java/org/apache/storm/kafka/spout/internal/OffsetManager.java,[STORM-2505] OffsetManager should account for topic voids when returning the count of committed offsets
STORM-2511,2aa415498df01b450562368d7c38643a3456189f,2017-05-13T10:45:12+05:30,NON_MERGE,1,false,true,1,storm-client/src/jvm/org/apache/storm/blobstore/BlobStore.java,STORM-2511: Submitting a topology with name containing unicode getting failed.
STORM-2511,24437acc57235d29ef8e9632f678c9c53f7ff7d4,2017-05-15T12:27:52-05:00,NON_MERGE,1,false,true,1,storm-core/src/jvm/org/apache/storm/blobstore/BlobStore.java,Merge branch 'STORM-2511' of https://github.com/satishd/storm into STORM-2511
STORM-2511,5a721d7f0ea9de4f7047472f0dd96d377150959d,2017-05-15T12:27:52-05:00,NON_MERGE,1,false,true,1,storm-core/src/jvm/org/apache/storm/blobstore/BlobStore.java,Merge branch 'STORM-2511' of https://github.com/satishd/storm into STORM-2511
STORM-2511,d0eceb94e0a3bdaa9a383a6a7f5a366dace954c9,2017-05-15T12:27:52-05:00,NON_MERGE,1,false,true,1,storm-core/src/jvm/org/apache/storm/blobstore/BlobStore.java,Merge branch 'STORM-2511' of https://github.com/satishd/storm into STORM-2511
STORM-2516,7b7a8b31d3eb32d0feae16055590409db37bd9d4,2017-05-16T21:27:41+02:00,NON_MERGE,1,false,true,1,storm-client/src/jvm/org/apache/storm/windowing/WaterMarkEventGenerator.java,STORM-2516: Fix timing issues with testPrepareLateTupleStreamWithoutBuilder
STORM-2516,ae1b38457e2f4a0aaad3b29c4b00acbd26da6afd,2017-05-16T21:27:41+02:00,NON_MERGE,1,false,true,1,storm-core/src/jvm/org/apache/storm/windowing/WaterMarkEventGenerator.java,STORM-2516: Fix timing issues with testPrepareLateTupleStreamWithoutBuilder
STORM-2516,babf3f1d7fe18154b01af05dd70624ff44bface7,2017-05-16T21:27:41+02:00,NON_MERGE,1,false,true,1,storm-core/src/jvm/org/apache/storm/windowing/WaterMarkEventGenerator.java,STORM-2516: Fix timing issues with testPrepareLateTupleStreamWithoutBuilder
STORM-2517,07547cacb4f75af294c701edb9055702cd97090c,2017-05-24T13:27:57-05:00,NON_MERGE,1,false,true,3,external/storm-hdfs/src/main/java/org/apache/storm/hdfs/bolt/AbstractHdfsBolt.java | external/storm-hdfs/src/main/java/org/apache/storm/hdfs/bolt/Writer.java | external/storm-hdfs/src/main/java/org/apache/storm/hdfs/common/AbstractHDFSWriter.java,"STORM-2517 add interface for Writer, make AbstractHDFSWriter properties protected"
STORM-2517,d3ece270fbcace79195a4217731c3f82bcf2b360,2017-08-24T15:34:19-05:00,NON_MERGE,1,false,true,3,external/storm-hdfs/src/main/java/org/apache/storm/hdfs/bolt/AbstractHdfsBolt.java | external/storm-hdfs/src/main/java/org/apache/storm/hdfs/bolt/Writer.java | external/storm-hdfs/src/main/java/org/apache/storm/hdfs/common/AbstractHDFSWriter.java,"STORM-2517 add interface for Writer, make AbstractHDFSWriter properties protected"
STORM-2518,3744b4b6b3370248f770f498263b69f67e382bd9,2017-05-17T17:45:44+09:00,NON_MERGE,1,false,true,1,storm-core/src/jvm/org/apache/storm/blobstore/BlobStoreAclHandler.java,"STORM-2518 Handles empty name for ""USER type"" ACL when normalizing ACLs"
STORM-2518,3a1d2d64aef43b49d5f249785d92567eb712d4e8,2017-05-17T17:45:44+09:00,NON_MERGE,1,false,true,1,storm-client/src/jvm/org/apache/storm/blobstore/BlobStoreAclHandler.java,"STORM-2518 Handles empty name for ""USER type"" ACL when normalizing ACLs"
STORM-2518,bb908f61acd5301ea831158fe1e9b55c34b747ac,2017-05-17T17:45:44+09:00,NON_MERGE,1,false,true,1,storm-core/src/jvm/org/apache/storm/blobstore/BlobStoreAclHandler.java,"STORM-2518 Handles empty name for ""USER type"" ACL when normalizing ACLs"
STORM-2520,7a749a1051d77e5b267c0801e83f169961ee90d1,2017-05-17T23:45:42+09:00,NON_MERGE,1,false,true,1,external/storm-autocreds/src/main/java/org/apache/storm/hdfs/security/AutoHDFS.java,STORM-2520 AutoHDFS should prefer cluster-wise hdfs kerberos principal to global hdfs kerberos principal
STORM-2520,d6b7f32f892d2ecd75fa1c71f40eeb9204c344c9,2017-05-17T23:45:42+09:00,NON_MERGE,1,false,true,1,external/storm-autocreds/src/main/java/org/apache/storm/hdfs/security/AutoHDFS.java,STORM-2520 AutoHDFS should prefer cluster-wise hdfs kerberos principal to global hdfs kerberos principal
STORM-2525,1db867449c2e2dd8b17cbe464f5ac9ac972f8ff7,2017-05-20T19:46:03+02:00,NON_MERGE,1,false,true,9,storm-client/src/jvm/org/apache/storm/topology/WindowedBoltExecutor.java | storm-client/src/jvm/org/apache/storm/windowing/EvictionContext.java | storm-client/src/jvm/org/apache/storm/windowing/EvictionPolicy.java | storm-client/src/jvm/org/apache/storm/windowing/TimeEvictionPolicy.java | storm-client/src/jvm/org/apache/storm/windowing/TimeTriggerPolicy.java | storm-client/src/jvm/org/apache/storm/windowing/WaterMarkEventGenerator.java | storm-client/src/jvm/org/apache/storm/windowing/WatermarkCountEvictionPolicy.java | storm-client/src/jvm/org/apache/storm/windowing/WatermarkTimeEvictionPolicy.java | storm-client/src/jvm/org/apache/storm/windowing/WindowManager.java,STORM-2525: Fix flaky integration tests
STORM-2525,4d492874282b7e9f94c6ce089d5b614d7dc4fba6,2017-05-20T19:46:03+02:00,NON_MERGE,1,false,true,7,storm-core/src/jvm/org/apache/storm/topology/WindowedBoltExecutor.java | storm-core/src/jvm/org/apache/storm/windowing/EvictionContext.java | storm-core/src/jvm/org/apache/storm/windowing/EvictionPolicy.java | storm-core/src/jvm/org/apache/storm/windowing/TimeEvictionPolicy.java | storm-core/src/jvm/org/apache/storm/windowing/WatermarkCountEvictionPolicy.java | storm-core/src/jvm/org/apache/storm/windowing/WatermarkTimeEvictionPolicy.java | storm-core/src/jvm/org/apache/storm/windowing/WindowManager.java,STORM-2525: Fix flaky integration tests
STORM-2525,d7b7096a53edff7bedda56c85f6ece9c9d994591,2017-05-20T19:46:03+02:00,NON_MERGE,1,false,true,7,storm-core/src/jvm/org/apache/storm/topology/WindowedBoltExecutor.java | storm-core/src/jvm/org/apache/storm/windowing/EvictionContext.java | storm-core/src/jvm/org/apache/storm/windowing/EvictionPolicy.java | storm-core/src/jvm/org/apache/storm/windowing/TimeEvictionPolicy.java | storm-core/src/jvm/org/apache/storm/windowing/WatermarkCountEvictionPolicy.java | storm-core/src/jvm/org/apache/storm/windowing/WatermarkTimeEvictionPolicy.java | storm-core/src/jvm/org/apache/storm/windowing/WindowManager.java,STORM-2525: Fix flaky integration tests
STORM-2526,185101dd8cd4955e37279670d8ae3f61e43f37a6,2017-05-22T10:02:48-05:00,NON_MERGE,1,false,true,1,storm-server/src/main/java/org/apache/storm/daemon/nimbus/Nimbus.java,STORM-2526: Revert changes mistakenly made to generated files
STORM-2532,01b856479ab147fc148c928a500dbea4251fbf12,2017-04-22T14:14:11+02:00,NON_MERGE,1,false,true,8,storm-client/src/jvm/org/apache/storm/messaging/IConnection.java | storm-client/src/jvm/org/apache/storm/messaging/IContext.java | storm-client/src/jvm/org/apache/storm/messaging/local/Context.java | storm-client/src/jvm/org/apache/storm/messaging/netty/Client.java | storm-client/src/jvm/org/apache/storm/messaging/netty/Context.java | storm-client/src/jvm/org/apache/storm/messaging/netty/Server.java | storm-client/src/jvm/org/apache/storm/utils/Utils.java | storm-server/src/main/java/org/apache/storm/LocalCluster.java,STORM-2532: Remove uses of Utils.getAvailablePort where possible
STORM-2541,955d317e330c8b4891bfb354c40d6f233a5404a1,2017-06-05T14:59:19+02:00,NON_MERGE,1,false,true,6,external/storm-kafka-client/src/main/java/org/apache/storm/kafka/spout/ManualPartitionPatternSubscription.java | external/storm-kafka-client/src/main/java/org/apache/storm/kafka/spout/ManualPartitionSubscription.java | external/storm-kafka-client/src/main/java/org/apache/storm/kafka/spout/NamedTopicFilter.java | external/storm-kafka-client/src/main/java/org/apache/storm/kafka/spout/PatternTopicFilter.java | external/storm-kafka-client/src/main/java/org/apache/storm/kafka/spout/Subscription.java | external/storm-kafka-client/src/main/java/org/apache/storm/kafka/spout/TopicFilter.java,STORM-2541: Fix storm-kafka-client manual subscription not being able to start consuming
STORM-2541,aac570f92194e76448c097cd1bf73afab7cc9213,2017-06-05T14:59:19+02:00,NON_MERGE,1,false,true,6,external/storm-kafka-client/src/main/java/org/apache/storm/kafka/spout/ManualPartitionPatternSubscription.java | external/storm-kafka-client/src/main/java/org/apache/storm/kafka/spout/ManualPartitionSubscription.java | external/storm-kafka-client/src/main/java/org/apache/storm/kafka/spout/NamedTopicFilter.java | external/storm-kafka-client/src/main/java/org/apache/storm/kafka/spout/PatternTopicFilter.java | external/storm-kafka-client/src/main/java/org/apache/storm/kafka/spout/Subscription.java | external/storm-kafka-client/src/main/java/org/apache/storm/kafka/spout/TopicFilter.java,STORM-2541: Fix storm-kafka-client manual subscription not being able to start consuming
STORM-2541,c7b7b896bb0101a1b1b56677b647550b615d515a,2017-06-05T14:59:19+02:00,NON_MERGE,1,false,true,6,external/storm-kafka-client/src/main/java/org/apache/storm/kafka/spout/ManualPartitionPatternSubscription.java | external/storm-kafka-client/src/main/java/org/apache/storm/kafka/spout/ManualPartitionSubscription.java | external/storm-kafka-client/src/main/java/org/apache/storm/kafka/spout/NamedTopicFilter.java | external/storm-kafka-client/src/main/java/org/apache/storm/kafka/spout/PatternTopicFilter.java | external/storm-kafka-client/src/main/java/org/apache/storm/kafka/spout/Subscription.java | external/storm-kafka-client/src/main/java/org/apache/storm/kafka/spout/TopicFilter.java,STORM-2541: Fix storm-kafka-client manual subscription not being able to start consuming
STORM-2544,078477cc87924cde1b0bf0336ff35073a26ed7ef,2017-06-07T18:37:24+05:30,NON_MERGE,1,false,true,1,external/storm-kafka-client/src/main/java/org/apache/storm/kafka/spout/KafkaSpout.java,[STORM-2544] Fixing issue in acking of tuples that hit retry limit under manual commit mode
STORM-2544,11bcf2bfbefbd331ab352135b60e8d81bcb3414c,2017-06-07T18:37:24+05:30,NON_MERGE,1,false,true,1,external/storm-kafka-client/src/main/java/org/apache/storm/kafka/spout/KafkaSpout.java,[STORM-2544] Fixing issue in acking of tuples that hit retry limit under manual commit mode
STORM-2544,d250ae0b1b71af24f57950828111b39b4679e14e,2017-06-07T18:37:24+05:30,NON_MERGE,1,false,true,1,external/storm-kafka-client/src/main/java/org/apache/storm/kafka/spout/KafkaSpout.java,[STORM-2544] Fixing issue in acking of tuples that hit retry limit under manual commit mode
STORM-2546,88583feabf6e39c6bc7c4e657c989ca5ba2671d2,2017-09-02T23:50:33+02:00,NON_MERGE,1,false,true,2,external/storm-kafka-client/src/main/java/org/apache/storm/kafka/spout/KafkaSpout.java | external/storm-kafka-client/src/main/java/org/apache/storm/kafka/spout/KafkaSpoutConfig.java,STORM-2546: Fix storm-kafka-client spout getting stuck when retriable offsets were deleted from the Kafka log due to topic compaction
STORM-2546,d9fe768a9f7cb47bb2b75a26e81676fc69b1fde0,2017-09-02T23:50:33+02:00,NON_MERGE,1,false,true,2,external/storm-kafka-client/src/main/java/org/apache/storm/kafka/spout/KafkaSpout.java | external/storm-kafka-client/src/main/java/org/apache/storm/kafka/spout/KafkaSpoutConfig.java,STORM-2546: Fix storm-kafka-client spout getting stuck when retriable offsets were deleted from the Kafka log due to topic compaction
STORM-2549,07ecff1202bff8661fe3fd4b27a22649d33113b4,2017-06-10T19:38:22+02:00,NON_MERGE,1,false,true,3,external/storm-kafka-client/src/main/java/org/apache/storm/kafka/spout/KafkaSpout.java | external/storm-kafka-client/src/main/java/org/apache/storm/kafka/spout/KafkaSpoutConfig.java | external/storm-kafka-client/src/main/java/org/apache/storm/kafka/spout/internal/OffsetManager.java,STORM-2549: Fix broken enforcement mechanism for maxUncommittedOffsets in storm-kafka-client spout
STORM-2549,cca93d2a1ad503e5d2630fb4d1a88778df359c35,2017-06-10T19:38:22+02:00,NON_MERGE,1,false,true,3,external/storm-kafka-client/src/main/java/org/apache/storm/kafka/spout/KafkaSpout.java | external/storm-kafka-client/src/main/java/org/apache/storm/kafka/spout/KafkaSpoutConfig.java | external/storm-kafka-client/src/main/java/org/apache/storm/kafka/spout/internal/OffsetManager.java,STORM-2549: Fix broken enforcement mechanism for maxUncommittedOffsets in storm-kafka-client spout
STORM-2552,4e258ca3b39daddf52e81cf0287813c83d04fb43,2017-06-14T17:52:57+05:30,NON_MERGE,1,false,true,1,external/storm-kafka-client/src/main/java/org/apache/storm/kafka/spout/KafkaSpoutMessageId.java,STORM-2552: KafkaSpoutMessageId should be serializable
STORM-2552,9bbfdef74b60b065be96093b1b1521f0bea50b8a,2017-06-14T17:52:57+05:30,NON_MERGE,1,false,true,1,external/storm-kafka-client/src/main/java/org/apache/storm/kafka/spout/KafkaSpoutMessageId.java,STORM-2552: KafkaSpoutMessageId should be serializable
STORM-2552,b0258d5e38b5bafd43f19bc109d7ae3488379460,2017-06-14T17:52:57+05:30,NON_MERGE,1,false,true,1,external/storm-kafka-client/src/main/java/org/apache/storm/kafka/spout/KafkaSpoutMessageId.java,STORM-2552: KafkaSpoutMessageId should be serializable
STORM-2555,2544b6d99f163cd2552485a629651f8e97fff8ee,2017-06-15T11:12:02+09:00,NON_MERGE,1,false,true,6,external/storm-autocreds/src/main/java/org/apache/storm/common/AbstractAutoCreds.java | external/storm-autocreds/src/main/java/org/apache/storm/hbase/security/AutoHBase.java | external/storm-autocreds/src/main/java/org/apache/storm/hbase/security/HBaseSecurityUtil.java | external/storm-hbase/src/main/java/org/apache/storm/hbase/common/HBaseClient.java | external/storm-hbase/src/main/java/org/apache/storm/hbase/common/Utils.java | external/storm-hbase/src/main/java/org/apache/storm/hbase/trident/state/HBaseMapState.java,STORM-2555 handle impersonation properly for HBase delegation token
STORM-2555,b03118aecbb44545574ec649b554d2033d2efa20,2017-06-15T11:12:02+09:00,NON_MERGE,1,false,true,6,external/storm-autocreds/src/main/java/org/apache/storm/common/AbstractHadoopAutoCreds.java | external/storm-autocreds/src/main/java/org/apache/storm/hbase/security/AutoHBaseNimbus.java | external/storm-autocreds/src/main/java/org/apache/storm/hbase/security/HBaseSecurityUtil.java | external/storm-hbase/src/main/java/org/apache/storm/hbase/common/HBaseClient.java | external/storm-hbase/src/main/java/org/apache/storm/hbase/common/Utils.java | external/storm-hbase/src/main/java/org/apache/storm/hbase/trident/state/HBaseMapState.java,STORM-2555 handle impersonation properly for HBase delegation token
STORM-2557,107a44e21bcf812b4697115f81598f28a78b6ea6,2017-06-17T13:40:17+08:00,NON_MERGE,1,false,true,1,storm-core/src/jvm/org/apache/storm/utils/DisruptorQueue.java,STORM-2557: A bug in DisruptorQueue causing severe underestimation of queue arrival rates
STORM-2557,4e834f1d90bcec11ced29b5b8e70cd7f1e02971e,2017-06-17T13:40:17+08:00,NON_MERGE,1,false,true,1,storm-core/src/jvm/org/apache/storm/utils/DisruptorQueue.java,STORM-2557: A bug in DisruptorQueue causing severe underestimation of queue arrival rates
STORM-2557,8299b0c9e0ca0213055e2199d3a6947cf33e08ba,2017-06-17T13:40:17+08:00,NON_MERGE,1,false,true,1,storm-client/src/jvm/org/apache/storm/utils/DisruptorQueue.java,STORM-2557: A bug in DisruptorQueue causing severe underestimation of queue arrival rates
STORM-2557,7b72b68a6466ebe3dc7c17ab13f9f53621a0fde4,2017-07-21T10:40:39-05:00,NON_MERGE,1,false,true,1,storm-core/src/jvm/org/apache/storm/utils/DisruptorQueue.java,Merge branch 'STORM-2557' of https://github.com/revans2/incubator-storm into STORM-2621
STORM-2557,fb2b9e5d680c1ee4bc822787b4a4d2f0b06d4983,2017-07-21T10:40:39-05:00,NON_MERGE,1,false,true,1,storm-core/src/jvm/org/apache/storm/utils/DisruptorQueue.java,Merge branch 'STORM-2557' of https://github.com/revans2/incubator-storm into STORM-2621
STORM-2562,3baf61bad84001cd3ed21d30dc56b3df60e75e20,2017-06-20T12:01:13-07:00,NON_MERGE,1,false,true,1,storm-client/src/jvm/org/apache/storm/security/serialization/BlowfishTupleSerializer.java,STORM-2562: Use stronger key size than default for blow fish key generator and get rid of stack trace
STORM-2562,654ad6cbf2a177b302c40dd9ca540ae336b69e46,2017-06-20T12:01:13-07:00,NON_MERGE,1,false,true,1,storm-core/src/jvm/org/apache/storm/security/serialization/BlowfishTupleSerializer.java,STORM-2562: Use stronger key size than default for blow fish key generator and get rid of stack trace
STORM-2562,cee60478cd557cb96dab63fbb9e5f8d262e91487,2017-06-20T12:01:13-07:00,NON_MERGE,1,false,true,1,storm-core/src/jvm/org/apache/storm/security/serialization/BlowfishTupleSerializer.java,STORM-2562: Use stronger key size than default for blow fish key generator and get rid of stack trace
STORM-2563,2fac9787c711ee30145c4275547629394df1c67b,2017-06-21T10:11:36+05:30,NON_MERGE,1,false,true,1,storm-client/src/jvm/org/apache/storm/security/auth/kerberos/AutoTGT.java,[STORM-2563] Remove the workaround to handle missing UGI.loginUserFromSubject
STORM-2563,588287a7a7243b44cc1141682415fec3e1237b1c,2017-06-21T10:11:36+05:30,NON_MERGE,1,false,true,1,storm-core/src/jvm/org/apache/storm/security/auth/kerberos/AutoTGT.java,[STORM-2563] Remove the workaround to handle missing UGI.loginUserFromSubject
STORM-2563,5db4eef2b7fc1dd2db6425887e07b6a0f3d8fe10,2017-06-21T10:11:36+05:30,NON_MERGE,1,false,true,1,storm-core/src/jvm/org/apache/storm/security/auth/kerberos/AutoTGT.java,[STORM-2563] Remove the workaround to handle missing UGI.loginUserFromSubject
STORM-2568,097a14b09ba37ae9a9a9c91d31f482231c60468b,2017-06-24T15:07:34+09:00,NON_MERGE,1,false,true,1,external/storm-kafka-client/src/main/java/org/apache/storm/kafka/spout/NamedSubscription.java,"STORM-2568: Fix getTopicsString - String.valueOf returns square bracket, because topics is Collection - removed square bracket to use storm-kafka-monitor"
STORM-2568,9fa5311513b631a5392b8b2b86a84fdfa5c9c09e,2017-06-24T15:07:34+09:00,NON_MERGE,1,false,true,1,external/storm-kafka-client/src/main/java/org/apache/storm/kafka/spout/NamedSubscription.java,"STORM-2568: Fix getTopicsString - String.valueOf returns square bracket, because topics is Collection - removed square bracket to use storm-kafka-monitor"
STORM-2599,914d768f8ebdbeef9223f36c59bfd0ad9aaddbd3,2017-06-24T15:41:54+02:00,NON_MERGE,1,false,true,1,storm-server/src/main/java/org/apache/storm/daemon/supervisor/BasicContainer.java,STORM-2599: Fix BasicContainer wildcard classpath on Windows
STORM-2599,ddc3cbc48296d6f604c0f863213eedfd423876fa,2017-06-24T15:41:54+02:00,NON_MERGE,1,false,true,1,storm-core/src/jvm/org/apache/storm/daemon/supervisor/BasicContainer.java,STORM-2599: Fix BasicContainer wildcard classpath on Windows
STORM-2602,75c51ffad7ea1ed37b3eb2c31b4caba6864456a4,2017-06-26T19:53:03+08:00,NON_MERGE,1,false,true,1,storm-core/src/jvm/org/apache/storm/StormSubmitter.java,[STORM-2602] storm.zookeeper.topology.auth.payload doesn't work even you set it
STORM-2602,a1b6a443c130b40ba001105c1541015c087a554c,2017-06-26T19:53:03+08:00,NON_MERGE,1,false,true,1,storm-client/src/jvm/org/apache/storm/StormSubmitter.java,[STORM-2602] storm.zookeeper.topology.auth.payload doesn't work even you set it
STORM-2602,a457243e136bb16e54c74d031dc49b5dd2c477f5,2017-06-26T19:53:03+08:00,NON_MERGE,1,false,true,1,storm-core/src/jvm/org/apache/storm/StormSubmitter.java,[STORM-2602] storm.zookeeper.topology.auth.payload doesn't work even you set it
STORM-2607,14e98e73f42700b0c35519f89d8ef3bc41e9d9db,2017-06-29T12:06:20-03:00,NON_MERGE,1,false,true,1,external/storm-kafka-client/src/main/java/org/apache/storm/kafka/spout/internal/OffsetManager.java,[STORM-2607] Offset consumer + 1
STORM-2607,4fc47b2a841bf05ec89c4ccbf089d95c28c965a1,2017-06-29T12:06:20-03:00,NON_MERGE,1,false,true,1,external/storm-kafka-client/src/main/java/org/apache/storm/kafka/spout/internal/OffsetManager.java,[STORM-2607] Offset consumer + 1
STORM-2607,a1ffcb936336d71bdf3693108e33e92c8d2a88ef,2017-06-29T12:06:20-03:00,NON_MERGE,1,false,true,1,external/storm-kafka-client/src/main/java/org/apache/storm/kafka/spout/internal/OffsetManager.java,[STORM-2607] Offset consumer + 1
STORM-2607,148ee6609557d7436ce826da29ff3ec301458586,2017-07-01T17:29:56+02:00,NON_MERGE,1,false,true,2,external/storm-kafka-client/src/main/java/org/apache/storm/kafka/spout/KafkaSpout.java | external/storm-kafka-client/src/main/java/org/apache/storm/kafka/spout/internal/OffsetManager.java,STORM-2607: Switch OffsetManager to track earliest uncommitted offset instead of last committed offset for compatibility with commitSync consumer API
STORM-2607,c9bbd544449eee98d0427c115ff13a6878706179,2017-07-01T17:29:56+02:00,NON_MERGE,1,false,true,2,external/storm-kafka-client/src/main/java/org/apache/storm/kafka/spout/KafkaSpout.java | external/storm-kafka-client/src/main/java/org/apache/storm/kafka/spout/internal/OffsetManager.java,STORM-2607: Switch OffsetManager to track earliest uncommitted offset instead of last committed offset for compatibility with commitSync consumer API
STORM-2607,d7bdc2d34b1a09a14c76381284edaf6236096457,2017-07-01T17:29:56+02:00,NON_MERGE,1,false,true,2,external/storm-kafka-client/src/main/java/org/apache/storm/kafka/spout/KafkaSpout.java | external/storm-kafka-client/src/main/java/org/apache/storm/kafka/spout/internal/OffsetManager.java,STORM-2607: Switch OffsetManager to track earliest uncommitted offset instead of last committed offset for compatibility with commitSync consumer API
STORM-2608,5b741a0ab5f14ff60c99c72690d16c5b55a37574,2017-06-29T16:53:46-04:00,NON_MERGE,1,false,true,1,external/storm-kafka/src/jvm/org/apache/storm/kafka/PartitionManager.java,STORM-2608 Remove any pending offsets that are no longer valid
STORM-2608,ed25e8139055739629e537d86aa057cc634676b7,2017-06-29T16:53:46-04:00,NON_MERGE,1,false,true,1,external/storm-kafka/src/jvm/org/apache/storm/kafka/PartitionManager.java,STORM-2608 Remove any pending offsets that are no longer valid
STORM-2608,f967a2b55bad9d4cc8d62ea426c570de67f27e22,2017-06-29T16:53:46-04:00,NON_MERGE,1,false,true,1,external/storm-kafka/src/jvm/org/apache/storm/kafka/PartitionManager.java,STORM-2608 Remove any pending offsets that are no longer valid
STORM-2621,4528a61872d3a9709d1d9f6c66a9f15fc0810f2e,2017-07-10T16:29:56-05:00,NON_MERGE,1,false,true,1,storm-client/src/jvm/org/apache/storm/utils/DisruptorQueue.java,STORM-2621: add tuple_population metric
STORM-2621,7b72b68a6466ebe3dc7c17ab13f9f53621a0fde4,2017-07-21T10:40:39-05:00,NON_MERGE,1,false,true,1,storm-core/src/jvm/org/apache/storm/utils/DisruptorQueue.java,Merge branch 'STORM-2557' of https://github.com/revans2/incubator-storm into STORM-2621
STORM-2621,fb2b9e5d680c1ee4bc822787b4a4d2f0b06d4983,2017-07-21T10:40:39-05:00,NON_MERGE,1,false,true,1,storm-core/src/jvm/org/apache/storm/utils/DisruptorQueue.java,Merge branch 'STORM-2557' of https://github.com/revans2/incubator-storm into STORM-2621
STORM-2627,67d41fc89ea7c056b1c1233ecd235d789d6df482,2017-07-20T09:14:11+08:00,NON_MERGE,1,false,true,1,storm-client/src/jvm/org/apache/storm/Config.java,[STORM-2627] The annotation of storm.zookeeper.topology.auth.scheme in Config.java is wrong
STORM-2627,51e451e107a694dea00aed2996eac97b5808781a,2017-07-21T10:23:41-05:00,NON_MERGE,1,false,true,1,storm-core/src/jvm/org/apache/storm/Config.java,Merge branch 'master07131533' of https://github.com/liu-zhaokun/storm into STORM-2627
STORM-2627,8c4a12394c5a0d569b7c698c8ec71641274bd0d8,2017-07-21T10:23:41-05:00,NON_MERGE,1,false,true,1,storm-core/src/jvm/org/apache/storm/Config.java,Merge branch 'master07131533' of https://github.com/liu-zhaokun/storm into STORM-2627
STORM-2627,d42daf8443ae5a5f03e37eddad688ee08282fac3,2017-07-21T10:23:41-05:00,NON_MERGE,1,false,true,1,storm-core/src/jvm/org/apache/storm/Config.java,Merge branch 'master07131533' of https://github.com/liu-zhaokun/storm into STORM-2627
STORM-2635,9833f5449e598b7f257a229e64ed2f479c4d07ac,2017-08-31T14:33:43+09:00,NON_MERGE,1,false,true,1,storm-server/src/main/java/org/apache/storm/daemon/nimbus/Nimbus.java,STORM-2635 Deep log search doesn’t work when there’s no topology in topology history
STORM-2638,5d93a864459b2407fda95de4995ac316ddd49fe7,2017-07-20T22:09:25+08:00,FIRST_PARENT_MERGE,2,true,true,6,storm-client/src/jvm/org/apache/storm/Config.java | storm-client/src/jvm/org/apache/storm/pacemaker/PacemakerClient.java | storm-client/src/jvm/org/apache/storm/pacemaker/codec/ThriftDecoder.java | storm-client/src/jvm/org/apache/storm/pacemaker/codec/ThriftNettyClientCodec.java | storm-server/src/main/java/org/apache/storm/pacemaker/PacemakerServer.java | storm-server/src/main/java/org/apache/storm/pacemaker/codec/ThriftNettyServerCodec.java,Merge branch 'STORM-2638' of https://github.com/knusbaum/incubator-storm
STORM-2639,04fe95ee459e3d0524f3b0f3582d3d52bc988df1,2017-06-07T18:03:09+05:30,NON_MERGE,1,false,true,1,external/storm-kafka-client/src/main/java/org/apache/storm/kafka/spout/internal/OffsetManager.java,STORM-2639 Kafka Spout incorrectly computes numCommittedOffsets due to voids in the topic (topic compaction)
STORM-2639,3c126221e9f138bb97cb912c344bafebc7e89a63,2017-06-07T18:03:09+05:30,NON_MERGE,1,false,true,1,external/storm-kafka-client/src/main/java/org/apache/storm/kafka/spout/internal/OffsetManager.java,STORM-2639 Kafka Spout incorrectly computes numCommittedOffsets due to voids in the topic (topic compaction)
STORM-2642,c10f9296e92cb381596342d5e8b316425bab6e1e,2017-07-19T15:25:18+02:00,NON_MERGE,1,false,true,2,external/storm-kafka-client/src/main/java/org/apache/storm/kafka/spout/ManualPartitionSubscription.java | external/storm-kafka-client/src/main/java/org/apache/storm/kafka/spout/ManualPartitioner.java,STORM-2642: Storm-kafka-client spout cannot be serialized when using manual partition assignment
STORM-2642,de0d270b977d6d5560ee1e9e2a602c9cf93762e4,2017-07-19T15:25:18+02:00,NON_MERGE,1,false,true,2,external/storm-kafka-client/src/main/java/org/apache/storm/kafka/spout/subscription/ManualPartitionSubscription.java | external/storm-kafka-client/src/main/java/org/apache/storm/kafka/spout/subscription/ManualPartitioner.java,STORM-2642: Storm-kafka-client spout cannot be serialized when using manual partition assignment
STORM-2642,e3020a3c709449eb491462e3dbb4d36d8dcd044c,2017-07-19T15:25:18+02:00,NON_MERGE,1,false,true,2,external/storm-kafka-client/src/main/java/org/apache/storm/kafka/spout/ManualPartitionSubscription.java | external/storm-kafka-client/src/main/java/org/apache/storm/kafka/spout/ManualPartitioner.java,STORM-2642: Storm-kafka-client spout cannot be serialized when using manual partition assignment
STORM-2652,138b5899fd84995636d9137c53837307f874e8f1,2017-07-21T10:21:23+03:00,NON_MERGE,1,false,true,1,external/storm-jms/src/main/java/org/apache/storm/jms/spout/JmsSpout.java,STORM-2652: fix error in open method of JmsSpout
STORM-2652,c9afcb3353918498c32dfb66554ab613c6f9ede6,2017-07-21T10:21:23+03:00,NON_MERGE,1,false,true,1,external/storm-jms/src/main/java/org/apache/storm/jms/spout/JmsSpout.java,STORM-2652: fix error in open method of JmsSpout
STORM-2652,d6e5e6d4e0a20c4c9f0ce0e3000e730dcb4700da,2017-07-21T10:21:23+03:00,NON_MERGE,1,false,true,1,external/storm-jms/src/main/java/org/apache/storm/jms/spout/JmsSpout.java,STORM-2652: fix error in open method of JmsSpout
STORM-2655,7cf019b874ca937e134ae7a77de0f361965783dc,2017-07-24T15:16:22-05:00,NON_MERGE,1,false,true,4,storm-client/src/jvm/org/apache/storm/security/auth/DefaultPrincipalToLocal.java | storm-client/src/jvm/org/apache/storm/security/auth/IPrincipalToLocal.java | storm-client/src/jvm/org/apache/storm/security/auth/KerberosPrincipalToLocal.java | storm-webapp/src/main/java/org/apache/storm/daemon/logviewer/utils/ResourceAuthorizer.java,[STORM-2655] fix: log users cannot view worker.log on Storm UI on secure cluster
STORM-2660,96a08665ca5cceda541514872e904079e59b486a,2017-08-31T18:26:59+09:00,NON_MERGE,1,false,true,5,storm-client/src/jvm/org/apache/storm/Config.java | storm-client/src/jvm/org/apache/storm/utils/ConfigUtils.java | storm-server/src/main/java/org/apache/storm/blobstore/LocalFsBlobStore.java | storm-server/src/main/java/org/apache/storm/scheduler/utils/ArtifactoryConfigLoader.java | storm-server/src/main/java/org/apache/storm/utils/ServerConfigUtils.java,"STORM-2660 The Nimbus storm-local directory is relative to the working directory of the shell executing ""storm nimbus"""
STORM-2660,66612b34c0b989632f19d856f109361d347cee27,2017-09-04T09:33:48+09:00,NON_MERGE,1,false,true,3,storm-core/src/jvm/org/apache/storm/Config.java | storm-core/src/jvm/org/apache/storm/blobstore/LocalFsBlobStore.java | storm-core/src/jvm/org/apache/storm/utils/ConfigUtils.java,"STORM-2660 The Nimbus storm-local directory is relative to the working directory of the shell executing ""storm nimbus"""
STORM-2660,cf0b00fbdbb04cb37d5d3bc361577b696dba66d9,2017-09-04T09:33:48+09:00,NON_MERGE,1,false,true,3,storm-core/src/jvm/org/apache/storm/Config.java | storm-core/src/jvm/org/apache/storm/blobstore/LocalFsBlobStore.java | storm-core/src/jvm/org/apache/storm/utils/ConfigUtils.java,"STORM-2660 The Nimbus storm-local directory is relative to the working directory of the shell executing ""storm nimbus"""
STORM-2660,d25b525661c7c9b71fe110d62fec218ae378c883,2017-09-04T09:33:48+09:00,NON_MERGE,1,false,true,3,storm-core/src/jvm/org/apache/storm/Config.java | storm-core/src/jvm/org/apache/storm/blobstore/LocalFsBlobStore.java | storm-core/src/jvm/org/apache/storm/utils/ConfigUtils.java,"STORM-2660 The Nimbus storm-local directory is relative to the working directory of the shell executing ""storm nimbus"""
STORM-2666,4971543052e84161431887c5e471e6f4be917dff,2017-08-12T16:56:45+02:00,NON_MERGE,1,false,true,4,external/storm-kafka-client/src/main/java/org/apache/storm/kafka/spout/KafkaSpout.java | external/storm-kafka-client/src/main/java/org/apache/storm/kafka/spout/KafkaSpoutRetryExponentialBackoff.java | external/storm-kafka-client/src/main/java/org/apache/storm/kafka/spout/KafkaSpoutRetryService.java | external/storm-kafka-client/src/main/java/org/apache/storm/kafka/spout/internal/OffsetManager.java,"STORM-2666: Fix storm-kafka-client spout sometimes emitting messages that were already committed. Expand tests, add some runtime validation, minor refactoring to increase code readability. Ensure OffsetManager commits as many offsets as possible when an offset void (deleted offsets) occurs, rather than just up to the gap."
STORM-2666,9b95f3da608760b334bb8a9a272e64e0fb9fb3ac,2017-08-12T16:56:45+02:00,NON_MERGE,1,false,true,4,external/storm-kafka-client/src/main/java/org/apache/storm/kafka/spout/KafkaSpout.java | external/storm-kafka-client/src/main/java/org/apache/storm/kafka/spout/KafkaSpoutRetryExponentialBackoff.java | external/storm-kafka-client/src/main/java/org/apache/storm/kafka/spout/KafkaSpoutRetryService.java | external/storm-kafka-client/src/main/java/org/apache/storm/kafka/spout/internal/OffsetManager.java,"STORM-2666: Fix storm-kafka-client spout sometimes emitting messages that were already committed. Expand tests, add some runtime validation, minor refactoring to increase code readability. Ensure OffsetManager commits as many offsets as possible when an offset void (deleted offsets) occurs, rather than just up to the gap."
STORM-2666,cef7c9265699e1d74c71ab9839eee515e0074df7,2017-08-12T16:56:45+02:00,NON_MERGE,1,false,true,4,external/storm-kafka-client/src/main/java/org/apache/storm/kafka/spout/KafkaSpout.java | external/storm-kafka-client/src/main/java/org/apache/storm/kafka/spout/KafkaSpoutRetryExponentialBackoff.java | external/storm-kafka-client/src/main/java/org/apache/storm/kafka/spout/KafkaSpoutRetryService.java | external/storm-kafka-client/src/main/java/org/apache/storm/kafka/spout/internal/OffsetManager.java,"STORM-2666: Fix storm-kafka-client spout sometimes emitting messages that were already committed. Expand tests, add some runtime validation, minor refactoring to increase code readability. Ensure OffsetManager commits as many offsets as possible when an offset void (deleted offsets) occurs, rather than just up to the gap."
STORM-2674,51df6accfb58d7be94eed4e47226e04d4bba0db1,2017-08-02T13:52:41-05:00,NON_MERGE,1,false,true,1,storm-client/src/jvm/org/apache/storm/cluster/StormClusterStateImpl.java,[STORM-2674] catch NoNodeException when IStormClusterState tries to delete znodes in reportError function
STORM-2674,0fd43f7266928c3769e35279a61d7631f22e6d80,2017-08-07T08:27:49-05:00,NON_MERGE,1,false,true,1,storm-core/src/jvm/org/apache/storm/cluster/StormClusterStateImpl.java,[STORM-2674] catch NoNodeException when IStormClusterState tries to delete znodes in reportError function
STORM-2674,93dc79557bc210b9239c6ae571c6103e5850b2ad,2017-08-07T08:27:49-05:00,NON_MERGE,1,false,true,1,storm-core/src/jvm/org/apache/storm/cluster/StormClusterStateImpl.java,[STORM-2674] catch NoNodeException when IStormClusterState tries to delete znodes in reportError function
STORM-2674,a14a01df4ade881ad5869b16466972c464f3a634,2017-08-07T08:27:49-05:00,NON_MERGE,1,false,true,1,storm-core/src/jvm/org/apache/storm/cluster/StormClusterStateImpl.java,[STORM-2674] catch NoNodeException when IStormClusterState tries to delete znodes in reportError function
STORM-2675,54a829ceba6c1575d0665721509889e4b60dd066,2017-08-04T02:53:42+02:00,NON_MERGE,1,false,true,10,external/storm-kafka-client/src/main/java/org/apache/storm/kafka/spout/subscription/Subscription.java | external/storm-kafka-client/src/main/java/org/apache/storm/kafka/spout/trident/KafkaTridentSpoutBatchMetadata.java | external/storm-kafka-client/src/main/java/org/apache/storm/kafka/spout/trident/KafkaTridentSpoutEmitter.java | external/storm-kafka-client/src/main/java/org/apache/storm/kafka/spout/trident/KafkaTridentSpoutManager.java | external/storm-kafka-client/src/main/java/org/apache/storm/kafka/spout/trident/KafkaTridentSpoutOpaque.java | external/storm-kafka-client/src/main/java/org/apache/storm/kafka/spout/trident/KafkaTridentSpoutOpaqueCoordinator.java | external/storm-kafka-client/src/main/java/org/apache/storm/kafka/spout/trident/TopicPartitionSerializer.java | external/storm-kafka-client/src/main/java/org/apache/storm/kafka/trident/TridentKafkaState.java | storm-client/src/jvm/org/apache/storm/trident/spout/IOpaquePartitionedTridentSpout.java | storm-client/src/jvm/org/apache/storm/trident/topology/state/TransactionalState.java,STORM-2675: Fix storm-kafka-client Trident spout failing to serialize meta objects to Zookeeper
STORM-2675,9e137eeb40e74c46e515db4bf65a1963874da6c5,2017-08-04T02:53:42+02:00,NON_MERGE,1,false,true,10,external/storm-kafka-client/src/main/java/org/apache/storm/kafka/spout/Subscription.java | external/storm-kafka-client/src/main/java/org/apache/storm/kafka/spout/trident/KafkaTridentSpoutBatchMetadata.java | external/storm-kafka-client/src/main/java/org/apache/storm/kafka/spout/trident/KafkaTridentSpoutEmitter.java | external/storm-kafka-client/src/main/java/org/apache/storm/kafka/spout/trident/KafkaTridentSpoutManager.java | external/storm-kafka-client/src/main/java/org/apache/storm/kafka/spout/trident/KafkaTridentSpoutOpaque.java | external/storm-kafka-client/src/main/java/org/apache/storm/kafka/spout/trident/KafkaTridentSpoutOpaqueCoordinator.java | external/storm-kafka-client/src/main/java/org/apache/storm/kafka/spout/trident/TopicPartitionSerializer.java | external/storm-kafka-client/src/main/java/org/apache/storm/kafka/trident/TridentKafkaState.java | storm-core/src/jvm/org/apache/storm/trident/spout/IOpaquePartitionedTridentSpout.java | storm-core/src/jvm/org/apache/storm/trident/topology/state/TransactionalState.java,STORM-2675: Fix storm-kafka-client Trident spout failing to serialize meta objects to Zookeeper
STORM-2676,7340590ceb9549eb3fe8bc443ba9576260d337cc,2017-08-03T09:16:02+08:00,NON_MERGE,1,false,true,1,external/storm-hive/src/main/java/org/apache/storm/hive/bolt/mapper/JsonRecordHiveMapper.java,[STORM-2676] Error class name for log in JsonRecordHiveMapper.java.
STORM-2678,48427880a483e1d86f9dbe99ef46e395e3a40308,2017-08-04T13:25:27+09:00,NON_MERGE,1,false,true,1,storm-client/src/jvm/org/apache/storm/grouping/LoadAwareShuffleGrouping.java,STORM-2678 Improve performance of LoadAwareShuffleGrouping
STORM-2678,8f63d5a85609ca71019ab298859af0b9858262b8,2017-08-04T17:48:32+09:00,NON_MERGE,1,false,true,1,storm-client/src/jvm/org/apache/storm/grouping/LoadAwareShuffleGrouping.java,STORM-2678 Improve performance of LoadAwareShuffleGrouping
STORM-2678,a1fd83a987995430269cd25ef360f703e7eb8f99,2017-08-07T23:51:39+09:00,NON_MERGE,1,false,true,7,storm-client/src/jvm/org/apache/storm/daemon/GrouperFactory.java | storm-client/src/jvm/org/apache/storm/daemon/worker/Worker.java | storm-client/src/jvm/org/apache/storm/executor/Executor.java | storm-client/src/jvm/org/apache/storm/executor/ExecutorShutdown.java | storm-client/src/jvm/org/apache/storm/executor/IRunningExecutor.java | storm-client/src/jvm/org/apache/storm/grouping/LoadAwareCustomStreamGrouping.java | storm-client/src/jvm/org/apache/storm/grouping/LoadAwareShuffleGrouping.java,STORM-2678 Improve performance of LoadAwareShuffleGrouping
STORM-2678,08038b6d65462788796348e40adbacfa6d2f9467,2017-08-09T07:18:21+09:00,NON_MERGE,1,false,true,1,storm-client/src/jvm/org/apache/storm/grouping/LoadAwareShuffleGrouping.java,STORM-2678 Improve performance of LoadAwareShuffleGrouping
STORM-2678,ab38a7a0c87a857f9a9021d9805d8d63c794ef74,2017-08-23T23:42:23+09:00,NON_MERGE,1,false,true,1,storm-client/src/jvm/org/apache/storm/grouping/LoadAwareShuffleGrouping.java,STORM-2678 Improve performance of LoadAwareShuffleGrouping
STORM-2678,4dade36c6200a1fea06aa207f3f6d8470b725d0f,2017-08-24T09:15:27+09:00,NON_MERGE,1,false,true,4,storm-client/src/jvm/org/apache/storm/daemon/GrouperFactory.java | storm-client/src/jvm/org/apache/storm/daemon/Task.java | storm-client/src/jvm/org/apache/storm/grouping/LoadAwareCustomStreamGrouping.java | storm-client/src/jvm/org/apache/storm/grouping/LoadAwareShuffleGrouping.java,STORM-2678 Improve performance of LoadAwareShuffleGrouping
STORM-2682,37418eb803bddccd64e50c93ca963b6753217b2e,2017-08-07T15:44:08-05:00,NON_MERGE,1,false,true,2,storm-core/src/jvm/org/apache/storm/daemon/supervisor/Slot.java | storm-core/src/jvm/org/apache/storm/daemon/supervisor/timer/UpdateBlobs.java,STORM-2682: Fix issues with null owner on rolling upgrade
STORM-2682,457bdf4457df241ebf5bb5a0cdfdd0d3ba85491d,2017-08-07T15:44:08-05:00,NON_MERGE,1,false,true,2,storm-core/src/jvm/org/apache/storm/daemon/supervisor/Slot.java | storm-core/src/jvm/org/apache/storm/daemon/supervisor/timer/UpdateBlobs.java,STORM-2682: Fix issues with null owner on rolling upgrade
STORM-2682,f10e26dac3777de88d0c425a52329fd2724804ff,2017-08-07T15:44:08-05:00,NON_MERGE,1,false,true,2,storm-core/src/jvm/org/apache/storm/daemon/supervisor/Slot.java | storm-core/src/jvm/org/apache/storm/daemon/supervisor/timer/UpdateBlobs.java,STORM-2682: Fix issues with null owner on rolling upgrade
STORM-2682,0d59f7cd326a3913a43aed45af5f73fd4f1994a4,2017-08-07T15:47-05:00,NON_MERGE,1,false,true,2,storm-server/src/main/java/org/apache/storm/daemon/supervisor/Slot.java | storm-server/src/main/java/org/apache/storm/daemon/supervisor/timer/UpdateBlobs.java,STORM-2682: Fixed issues with null owner
STORM-2690,5e3c966b23bc3b6d924a52ea62a32b194978af24,2017-12-18T21:41:35-07:00,NON_MERGE,1,false,true,2,storm-server/src/main/java/org/apache/storm/daemon/supervisor/ReadClusterState.java | storm-server/src/main/java/org/apache/storm/daemon/supervisor/Supervisor.java,[STORM-2690] resurrect invocation of ISupervisor.assigned() & make Supervisor.launchDaemon() accessible
STORM-2690,a21dcf6c16f794e1ac1287b9fcd3b4e8a9418824,2017-12-19T14:04:09-07:00,NON_MERGE,1,false,true,2,storm-core/src/jvm/org/apache/storm/daemon/supervisor/ReadClusterState.java | storm-core/src/jvm/org/apache/storm/daemon/supervisor/Supervisor.java,[STORM-2690] resurrect invocation of ISupervisor.assigned() & make Supervisor.launchDaemon() accessible
STORM-2690,a4215f37a41030b96ce57338ff23aede12131ccd,2017-12-19T14:04:09-07:00,NON_MERGE,1,false,true,2,storm-core/src/jvm/org/apache/storm/daemon/supervisor/ReadClusterState.java | storm-core/src/jvm/org/apache/storm/daemon/supervisor/Supervisor.java,[STORM-2690] resurrect invocation of ISupervisor.assigned() & make Supervisor.launchDaemon() accessible
STORM-2690,a884c6f2e7df01edc4fcaa7d1b392f09f4ff3c2a,2017-12-19T14:04:09-07:00,NON_MERGE,1,false,true,2,storm-core/src/jvm/org/apache/storm/daemon/supervisor/ReadClusterState.java | storm-core/src/jvm/org/apache/storm/daemon/supervisor/Supervisor.java,[STORM-2690] resurrect invocation of ISupervisor.assigned() & make Supervisor.launchDaemon() accessible
STORM-2691,a20b2659c20b1a12dd455023010f4454d62ee313,2017-08-18T22:13:38+02:00,NON_MERGE,1,false,true,20,external/storm-kafka-client/src/main/java/org/apache/storm/kafka/spout/KafkaSpout.java | external/storm-kafka-client/src/main/java/org/apache/storm/kafka/spout/KafkaSpoutConfig.java | external/storm-kafka-client/src/main/java/org/apache/storm/kafka/spout/subscription/ManualPartitionSubscription.java | external/storm-kafka-client/src/main/java/org/apache/storm/kafka/spout/subscription/ManualPartitioner.java | external/storm-kafka-client/src/main/java/org/apache/storm/kafka/spout/subscription/NamedTopicFilter.java | external/storm-kafka-client/src/main/java/org/apache/storm/kafka/spout/subscription/PatternTopicFilter.java | external/storm-kafka-client/src/main/java/org/apache/storm/kafka/spout/subscription/RoundRobinManualPartitioner.java | external/storm-kafka-client/src/main/java/org/apache/storm/kafka/spout/subscription/Subscription.java | external/storm-kafka-client/src/main/java/org/apache/storm/kafka/spout/subscription/TopicAssigner.java | external/storm-kafka-client/src/main/java/org/apache/storm/kafka/spout/subscription/TopicFilter.java | external/storm-kafka-client/src/main/java/org/apache/storm/kafka/spout/trident/KafkaTridentSpoutBatchMetadata.java | external/storm-kafka-client/src/main/java/org/apache/storm/kafka/spout/trident/KafkaTridentSpoutEmitter.java | external/storm-kafka-client/src/main/java/org/apache/storm/kafka/spout/trident/KafkaTridentSpoutManager.java | external/storm-kafka-client/src/main/java/org/apache/storm/kafka/spout/trident/KafkaTridentSpoutOpaque.java | external/storm-kafka-client/src/main/java/org/apache/storm/kafka/spout/trident/KafkaTridentSpoutOpaqueCoordinator.java | external/storm-kafka-client/src/main/java/org/apache/storm/kafka/spout/trident/KafkaTridentSpoutTopicPartition.java | external/storm-kafka-client/src/main/java/org/apache/storm/kafka/spout/trident/KafkaTridentSpoutTopicPartitionRegistry.java | external/storm-kafka-client/src/main/java/org/apache/storm/kafka/spout/trident/KafkaTridentSpoutTransactional.java | storm-client/src/jvm/org/apache/storm/trident/spout/IOpaquePartitionedTridentSpout.java | storm-client/src/jvm/org/apache/storm/trident/spout/OpaquePartitionedTridentSpoutExecutor.java,STORM-2691: storm-kafka-client Trident spout does not implement the Trident spout interface properly
STORM-2692,1c2cb33daba55a55125c29e1d8cc6fefb04a7b80,2017-06-05T11:32:55-07:00,NON_MERGE,1,false,true,1,external/storm-autocreds/src/main/java/org/apache/storm/common/AbstractAutoCreds.java,STORM-2692: Load only configs specific to the topology in populateCredentials
STORM-2700,2be883c1eb899568fb7e285da4b46dcbf1a1581b,2017-08-21T14:08:29-05:00,NON_MERGE,1,false,true,2,storm-server/src/main/java/org/apache/storm/localizer/Localizer.java | storm-server/src/main/java/org/apache/storm/utils/ServerUtils.java,[STORM-2700] Should not check Blobstore ACL if the validation is disabled
STORM-2705,49cc2db8c5879c3eeda5aae96c76f6773039e043,2017-08-24T09:58:42+02:00,NON_MERGE,1,false,true,1,storm-core/src/jvm/org/apache/storm/drpc/DRPCSpout.java,STORM-2705: DRPCSpout should not sleep itself if no request was fetched
STORM-2705,5ae07c4ec94b75e28401bc0c2ef5d11d5ee59037,2017-08-24T09:58:42+02:00,NON_MERGE,1,false,true,1,storm-core/src/jvm/org/apache/storm/drpc/DRPCSpout.java,STORM-2705: DRPCSpout should not sleep itself if no request was fetched
STORM-2705,954d158bff04c8bdc638429fc1ca2a78a773d696,2017-08-24T09:58:42+02:00,NON_MERGE,1,false,true,1,storm-client/src/jvm/org/apache/storm/drpc/DRPCSpout.java,STORM-2705: DRPCSpout should not sleep itself if no request was fetched
STORM-2705,b656c0e6014e46e7f656682591ab5a8763de6b2c,2017-08-24T09:58:42+02:00,NON_MERGE,1,false,true,1,storm-core/src/jvm/org/apache/storm/drpc/DRPCSpout.java,STORM-2705: DRPCSpout should not sleep itself if no request was fetched
STORM-2706,52da5b5d94527924d6fa6d7635fbf8772c7c408d,2017-08-25T14:46:20+09:00,FIRST_PARENT_MERGE,2,true,true,1,storm-core/src/jvm/org/apache/storm/drpc/DRPCSpout.java,Merge branch 'STORM-2706-1.0.x-merge' into 1.0.x-branch
STORM-2716,370a631857a2b510a1d4de2870ded09598394aa9,2017-08-20T18:59:12+02:00,NON_MERGE,1,false,true,11,storm-client/src/jvm/org/apache/storm/utils/Utils.java | storm-core/src/jvm/org/apache/storm/utils/WebAppUtils.java | storm-server/src/main/java/org/apache/storm/daemon/supervisor/BasicContainer.java | storm-server/src/main/java/org/apache/storm/localizer/AsyncLocalizer.java | storm-server/src/main/java/org/apache/storm/utils/ServerUtils.java | storm-webapp/src/main/java/org/apache/storm/daemon/logviewer/handler/LogviewerLogSearchHandler.java | storm-webapp/src/main/java/org/apache/storm/daemon/logviewer/handler/LogviewerProfileHandler.java | storm-webapp/src/main/java/org/apache/storm/daemon/logviewer/utils/LogFileDownloader.java | storm-webapp/src/main/java/org/apache/storm/daemon/logviewer/utils/WorkerLogs.java | storm-webapp/src/main/java/org/apache/storm/daemon/utils/PathUtil.java | storm-webapp/src/main/java/org/apache/storm/daemon/utils/UrlBuilder.java,"STORM-2716: Fix logviewer on Windows, and make storm-webapp tests pass on Windows. Get rid of various constants that were duplicating File.separator and File.pathSeparator."
STORM-2724,9f29be3b5bb110c2773e2f4814350032da68d704,2017-09-07T23:36:10+09:00,NON_MERGE,1,false,true,3,storm-core/src/jvm/org/apache/storm/topology/WindowedBoltExecutor.java | storm-core/src/jvm/org/apache/storm/windowing/TimeTriggerPolicy.java | storm-core/src/jvm/org/apache/storm/windowing/WaterMarkEventGenerator.java,STORM-2724 Shutdown ExecutorService in WaterMarkEventGenerator in shutdown phase
STORM-2724,a648db54b9848aac651dbff88ebe721369a7f477,2017-09-07T23:36:10+09:00,NON_MERGE,1,false,true,3,storm-core/src/jvm/org/apache/storm/topology/WindowedBoltExecutor.java | storm-core/src/jvm/org/apache/storm/windowing/TimeTriggerPolicy.java | storm-core/src/jvm/org/apache/storm/windowing/WaterMarkEventGenerator.java,STORM-2724 Shutdown ExecutorService in WaterMarkEventGenerator in shutdown phase
STORM-2724,e0494c343b3288b2df6319d6eafeb2f1b59caa6b,2017-09-07T23:36:10+09:00,NON_MERGE,1,false,true,3,storm-client/src/jvm/org/apache/storm/topology/WindowedBoltExecutor.java | storm-client/src/jvm/org/apache/storm/windowing/TimeTriggerPolicy.java | storm-client/src/jvm/org/apache/storm/windowing/WaterMarkEventGenerator.java,STORM-2724 Shutdown ExecutorService in WaterMarkEventGenerator in shutdown phase
STORM-2729,e7e1177992ba3a151d3162b8c6de041bf6708005,2017-09-07T12:15:50-05:00,NON_MERGE,1,false,true,1,storm-client/src/jvm/org/apache/storm/daemon/worker/WorkerState.java,[STORM-2729] Fix NPE in WorkerState runWorkerStartHooks and runWorkerShutdownHooks methods
STORM-2732,1275f80fc844e73ef4de9e028bf0fcf0f06bcded,2017-09-08T14:17:50-05:00,NON_MERGE,1,false,true,1,external/storm-hdfs/src/main/java/org/apache/storm/hdfs/bolt/AbstractHdfsBolt.java,[STORM-2732] Close the eldest writer before removing it from WritersMap
STORM-2733,b9f1d7efd96cf2fb1393f7a2e4277e3fb68b21bc,2017-08-24T11:13:08-05:00,NON_MERGE,1,false,true,9,storm-client/src/jvm/org/apache/storm/daemon/Task.java | storm-client/src/jvm/org/apache/storm/daemon/worker/Worker.java | storm-client/src/jvm/org/apache/storm/daemon/worker/WorkerState.java | storm-client/src/jvm/org/apache/storm/executor/Executor.java | storm-client/src/jvm/org/apache/storm/executor/ExecutorShutdown.java | storm-client/src/jvm/org/apache/storm/executor/IRunningExecutor.java | storm-client/src/jvm/org/apache/storm/executor/bolt/BoltExecutor.java | storm-client/src/jvm/org/apache/storm/executor/spout/SpoutExecutor.java | storm-client/src/jvm/org/apache/storm/grouping/LoadAwareShuffleGrouping.java,STORM-2733: Better load aware shuffle implementation
STORM-2734,84a4314d96b9e4e377a3d5d81d0a042d96a0625e,2017-09-07T20:47:19+02:00,NON_MERGE,1,false,true,7,external/storm-kafka-client/src/main/java/org/apache/storm/kafka/spout/ByTopicRecordTranslator.java | external/storm-kafka-client/src/main/java/org/apache/storm/kafka/spout/KafkaSpout.java | external/storm-kafka-client/src/main/java/org/apache/storm/kafka/spout/KafkaSpoutRetryService.java | external/storm-kafka-client/src/main/java/org/apache/storm/kafka/spout/RecordTranslator.java | external/storm-kafka-client/src/main/java/org/apache/storm/kafka/spout/subscription/ManualPartitioner.java | external/storm-kafka-client/src/main/java/org/apache/storm/kafka/spout/subscription/Subscription.java | external/storm-kafka-client/src/main/java/org/apache/storm/kafka/spout/subscription/TopicFilter.java,STORM-2734: Fix checkstyle crash when running release:prepare goal. Attach storm-integration-test as a module. Fix other minor issues with the POMs
STORM-2736,3d6727a57a8c7cb8137ab308594c7ac0c76e2369,2017-09-13T08:26:19-05:00,NON_MERGE,1,false,true,1,storm-core/src/jvm/org/apache/storm/blobstore/BlobStoreUtils.java,Merge branch 'STORM-2736' of https://github.com/hmcc/storm into STORM-2736-1.x
STORM-2738,bb86dcc8cb57351b34077a506336f6b5c90f7bbc,2017-09-13T13:55:47-05:00,NON_MERGE,1,false,true,3,storm-client/src/jvm/org/apache/storm/utils/Utils.java | storm-server/src/main/java/org/apache/storm/daemon/nimbus/Nimbus.java | storm-server/src/main/java/org/apache/storm/utils/ServerUtils.java,[STORM-2738] The number of ackers should default to the number of actual running workers on RAS cluster
STORM-2742,f7443a8224b23e648117eb56e03b4b03f80398cb,2017-09-19T14:43-05:00,FIRST_PARENT_MERGE,2,true,true,1,storm-webapp/src/main/java/org/apache/storm/daemon/logviewer/handler/LogviewerLogSearchHandler.java,Merge branch 'STORM-2742' of https://github.com/knusbaum/incubator-storm into STORM-2742
STORM-2750,1142ba7f53fa0773ff1f18e3c6b8cfb2cb859117,2017-09-20T16:44:24+08:00,NON_MERGE,1,false,true,1,external/storm-autocreds/src/main/java/org/apache/storm/hbase/security/HBaseSecurityUtil.java,STORM-2750: fix double_checked locking
STORM-2750,c78eb0d522e97cc00136b46e1188ba08a5ca9d9c,2017-09-20T16:44:24+08:00,NON_MERGE,1,false,true,1,external/storm-autocreds/src/main/java/org/apache/storm/hbase/security/HBaseSecurityUtil.java,STORM-2750: fix double_checked locking
STORM-2756,386ab20c124e41d9b7660d2a9eacd0a3d30a6541,2017-09-24T15:38:19+02:00,NON_MERGE,1,false,true,1,external/storm-kafka-client/src/main/java/org/apache/storm/kafka/spout/KafkaSpoutConfig.java,"STORM-2756: Make KafkaSpoutConfig.Builder constructors set key/value deserializers in kafkaProps, so they are used when building a consumer"
STORM-2757,ab6abf9512403d809fe3babccb95686d462c614f,2017-09-26T10:17:55-05:00,NON_MERGE,1,false,true,1,storm-server/src/main/java/org/apache/storm/DaemonConfig.java,[STORM-2757] Fix broken log links when HTTPS is in use
STORM-2758,ec77f66c124e1bdb499b9b80a9778aaa2fa9f9af,2017-09-26T13:32:58-05:00,NON_MERGE,1,false,true,1,storm-webapp/src/main/java/org/apache/storm/daemon/logviewer/LogviewerServer.java,[STORM-2758] fix: logviewer_search page not found
STORM-2762,2189abfa1e15ce859969d93ad4656c5b84a345fd,2018-03-04T17:30:41+01:00,NON_MERGE,1,false,true,4,storm-server/src/main/java/org/apache/storm/daemon/nimbus/Nimbus.java | storm-server/src/main/java/org/apache/storm/scheduler/blacklist/BlacklistScheduler.java | storm-server/src/main/java/org/apache/storm/scheduler/blacklist/Sets.java | storm-server/src/main/java/org/apache/storm/scheduler/resource/strategies/scheduling/BaseResourceAwareStrategy.java,STORM-2762 use guava collection where ever it is possible
STORM-2762,6a5f4b256cfe956b9eeda5f3c45e2cfbd83cb723,2018-03-06T18:29:49+01:00,NON_MERGE,1,false,true,1,storm-server/src/main/java/org/apache/storm/daemon/nimbus/Nimbus.java,STORM-2762 use guava collection where ever it is possible
STORM-2764,26ff239b49893ff72da64ebed9c20e453d327248,2017-09-28T14:42:36-05:00,NON_MERGE,1,false,true,1,external/storm-hdfs/src/main/java/org/apache/storm/hdfs/blobstore/HdfsBlobStore.java,STORM-2764:  Only login the user if not already done
STORM-2764,55e6d2994b5b33b3fda64605e5767df6530e1787,2017-09-28T14:42:36-05:00,NON_MERGE,1,false,true,1,external/storm-hdfs/src/main/java/org/apache/storm/hdfs/blobstore/HdfsBlobStore.java,STORM-2764:  Only login the user if not already done
STORM-2764,6e2e7e2973b426340c443b680603d0a713563b1e,2017-09-28T14:42:36-05:00,NON_MERGE,1,false,true,1,external/storm-hdfs/src/main/java/org/apache/storm/hdfs/blobstore/HdfsBlobStore.java,STORM-2764:  Only login the user if not already done
STORM-2764,87ad03585276f4c02b54da70a0fe62ebcdcabe8c,2017-09-28T14:42:36-05:00,NON_MERGE,1,false,true,1,external/storm-hdfs/src/main/java/org/apache/storm/hdfs/blobstore/HdfsBlobStore.java,STORM-2764:  Only login the user if not already done
STORM-2765,3970122a07308346701de50e0de616a007999e77,2017-09-28T13:46:14-05:00,NON_MERGE,1,false,true,3,storm-client/src/jvm/org/apache/storm/blobstore/BlobStore.java | storm-core/src/jvm/org/apache/storm/command/Blobstore.java | storm-server/src/main/java/org/apache/storm/utils/ServerUtils.java,[STORM-2765] Disallow colons in blobstore key name
STORM-2769,09d5df90ea833adccc5d6dcb98f60f9730dfc797,2017-10-03T13:54:18-05:00,NON_MERGE,1,false,true,1,storm-core/src/jvm/org/apache/storm/topology/OutputFieldsGetter.java,[STORM-2769] Fast-fail if output streamId is null
STORM-2769,d029e1c044ce81273c2711f295c811f680f23385,2017-10-03T13:54:18-05:00,NON_MERGE,1,false,true,1,storm-core/src/jvm/org/apache/storm/topology/OutputFieldsGetter.java,[STORM-2769] Fast-fail if output streamId is null
STORM-2769,e20394f91246b9d936f8ef3bf130343d7c4f1a03,2017-10-03T13:54:18-05:00,NON_MERGE,1,false,true,1,storm-client/src/jvm/org/apache/storm/topology/OutputFieldsGetter.java,[STORM-2769] Fast-fail if output streamId is null
STORM-2772,37403d17ddf4f762fa61aac9feb93143ae854645,2017-10-16T08:48:56-05:00,FIRST_PARENT_MERGE,2,true,true,1,storm-client/src/jvm/org/apache/storm/drpc/DRPCSpout.java,Merge branch 'branch_4' of https://github.com/httfighter/storm into STORM-2772
STORM-2777,767c7f3be8699099ad9b2ffbdfc8baab36dd14f0,2017-10-16T10:11:42-05:00,NON_MERGE,1,false,true,1,storm-server/src/main/java/org/apache/storm/daemon/nimbus/Nimbus.java,[STORM-2777] The number of ackers should default to the number of workers
STORM-2779,06599b6ab6311446c68dea6f35aab16e529e164f,2017-10-17T12:40:48+09:00,NON_MERGE,1,false,true,1,storm-core/src/jvm/org/apache/storm/topology/WindowedBoltExecutor.java,STORM-2779 NPE on shutting down WindowedBoltExecutor
STORM-2779,40384cf5f21337cc496660c1bf0c59ad41d30788,2017-10-17T12:40:48+09:00,NON_MERGE,1,false,true,1,storm-core/src/jvm/org/apache/storm/topology/WindowedBoltExecutor.java,STORM-2779 NPE on shutting down WindowedBoltExecutor
STORM-2779,e69fbc51ada2fd542d717bbd7623c39f4f6a1cb8,2017-10-17T12:40:48+09:00,NON_MERGE,1,false,true,1,storm-client/src/jvm/org/apache/storm/topology/WindowedBoltExecutor.java,STORM-2779 NPE on shutting down WindowedBoltExecutor
STORM-2784,472a0ad79701158bce8a27bf794d5687a537048d,2017-10-22T21:35:29-07:00,NON_MERGE,1,false,true,1,external/storm-kafka-client/src/main/java/org/apache/storm/kafka/spout/KafkaSpout.java,STORM-2784: storm-kafka-client KafkaTupleListener method onPartitionsReassigned() should be called after initialization is complete
STORM-2784,667ffee1580d77469c5eaadd7b5651972a316fc5,2017-10-22T21:35:29-07:00,NON_MERGE,1,false,true,1,external/storm-kafka-client/src/main/java/org/apache/storm/kafka/spout/KafkaSpout.java,STORM-2784: storm-kafka-client KafkaTupleListener method onPartitionsReassigned() should be called after initialization is complete
STORM-2784,ae827dac08fa67997c5eb8e6c23828f190de2851,2017-10-22T21:35:29-07:00,NON_MERGE,1,false,true,1,external/storm-kafka-client/src/main/java/org/apache/storm/kafka/spout/KafkaSpout.java,STORM-2784: storm-kafka-client KafkaTupleListener method onPartitionsReassigned() should be called after initialization is complete
STORM-2786,b09e98698e298ad0edaf1f4916c663875d387c2e,2017-10-23T11:31:46-05:00,NON_MERGE,1,false,true,2,storm-client/src/jvm/org/apache/storm/daemon/Acker.java | storm-client/src/jvm/org/apache/storm/executor/Executor.java,STORM-2786: Turn ticks back on for ackers (and optimizes ackers a bit)
STORM-2787,0b547d373abeaac721c409034e3ae4b7ff485dd6,2017-10-24T23:52:54-07:00,NON_MERGE,1,false,true,1,external/storm-kafka-client/src/main/java/org/apache/storm/kafka/spout/KafkaSpout.java,STORM-2787: storm-kafka-client KafkaSpout method onPartitionsRevoked(...) should set initialized flag independently of processing guarantees
STORM-2787,7d4ac07684a7405d6539a3bd0cb7da985736bac7,2017-10-24T23:52:54-07:00,NON_MERGE,1,false,true,1,external/storm-kafka-client/src/main/java/org/apache/storm/kafka/spout/KafkaSpout.java,STORM-2787: storm-kafka-client KafkaSpout method onPartitionsRevoked(...) should set initialized flag independently of processing guarantees
STORM-2794,52f2e9f34c275e12c062302b8a5e3c0ed2cbe0bc,2017-10-31T16:02:18-05:00,NON_MERGE,1,false,true,1,storm-server/src/main/java/org/apache/storm/scheduler/resource/ResourceAwareScheduler.java,[STORM-2794] Translate backtype to org.apache for topology.scheduler.strategy if scheduling older version topologies
STORM-2795,5d95e7139493270643e35ffb1ba59628c8402e57,2017-11-01T09:22:37-05:00,NON_MERGE,1,false,true,1,storm-server/src/main/java/org/apache/storm/localizer/LocalizedResource.java,STORM-2795: Fix race
STORM-2803,9371685d8a7f6685822ab367078d7ab5e86a4c96,2017-11-08T13:55:59-06:00,FIRST_PARENT_MERGE,2,true,true,8,storm-client/src/jvm/org/apache/storm/security/auth/ShellBasedGroupsMapping.java | storm-client/src/jvm/org/apache/storm/utils/RotatingMap.java | storm-client/src/jvm/org/apache/storm/utils/ShellCommandRunner.java | storm-client/src/jvm/org/apache/storm/utils/ShellCommandRunnerImpl.java | storm-client/src/jvm/org/apache/storm/utils/ShellUtils.java | storm-client/src/jvm/org/apache/storm/utils/Time.java | storm-core/src/jvm/org/apache/storm/utils/TopologySpoutLag.java | storm-server/src/main/java/org/apache/storm/daemon/nimbus/Nimbus.java,Merge branch 'STORM-2803' of https://github.com/srdo/storm into STORM-2803
STORM-2804,3578cf8d4f4f541c1ba3e0e0d9410426908114f4,2017-11-08T14:17:14-06:00,NON_MERGE,1,false,true,1,storm-server/src/main/java/org/apache/storm/daemon/nimbus/TopoCache.java,[STORM-2804] Fix TopoCache is not caching ACLs correctly problem
STORM-2808,b25d580780d31598f568bbe8dde800fe4b0d6f61,2017-11-10T17:23:06-06:00,NON_MERGE,1,false,true,1,storm-server/src/main/java/org/apache/storm/daemon/nimbus/Nimbus.java,STORM-2808: Fix for NPE in UI
STORM-2809,6bc873cd23ecc4d20758afca322f44f6a3713e8c,2017-11-13T15:18:42-06:00,NON_MERGE,1,false,true,1,storm-server/src/main/java/org/apache/storm/localizer/LocallyCachedTopologyBlob.java,STORM-2809:  Always create the resources directory so we can check for it
STORM-2810,83adfd9d2c5c352efeb076303cacab38f9f5c01c,2017-11-11T18:23+01:00,NON_MERGE,1,false,true,3,external/storm-hdfs/src/main/java/org/apache/storm/hdfs/blobstore/HdfsBlobStoreImpl.java | external/storm-hdfs/src/main/java/org/apache/storm/hdfs/bolt/AbstractHdfsBolt.java | external/storm-hdfs/src/main/java/org/apache/storm/hdfs/spout/HdfsSpout.java,STORM-2810: Fix resource leaks in storm-hdfs tests
STORM-2810,a0308efd6c934416206183561194f3470e415edb,2017-11-11T18:23+01:00,NON_MERGE,1,false,true,3,external/storm-hdfs/src/main/java/org/apache/storm/hdfs/blobstore/HdfsBlobStoreImpl.java | external/storm-hdfs/src/main/java/org/apache/storm/hdfs/bolt/AbstractHdfsBolt.java | external/storm-hdfs/src/main/java/org/apache/storm/hdfs/spout/HdfsSpout.java,STORM-2810: Fix resource leaks in storm-hdfs tests
STORM-2810,caca8292772650c8ce041d569b624b4813a13b46,2017-11-11T18:23+01:00,NON_MERGE,1,false,true,3,external/storm-hdfs/src/main/java/org/apache/storm/hdfs/blobstore/HdfsBlobStoreImpl.java | external/storm-hdfs/src/main/java/org/apache/storm/hdfs/bolt/AbstractHdfsBolt.java | external/storm-hdfs/src/main/java/org/apache/storm/hdfs/spout/HdfsSpout.java,STORM-2810: Fix resource leaks in storm-hdfs tests
STORM-2811,d568408e4d284199cf53baed7dd1471ab9628ca4,2017-11-12T10:11:49+01:00,NON_MERGE,1,false,true,1,storm-client/src/jvm/org/apache/storm/cluster/IStormClusterState.java,"STORM-2811: Fix NPE in Nimbus when killing the same topology multiple times, fix integration test killing the same topology multiple times"
STORM-2814,0ecc5bf9595259c94ea52cddbed336890d281b46,2017-11-14T12:31:58-06:00,NON_MERGE,1,false,true,4,storm-webapp/src/main/java/org/apache/storm/daemon/logviewer/handler/LogviewerLogPageHandler.java | storm-webapp/src/main/java/org/apache/storm/daemon/logviewer/handler/LogviewerProfileHandler.java | storm-webapp/src/main/java/org/apache/storm/daemon/logviewer/utils/LogFileDownloader.java | storm-webapp/src/main/java/org/apache/storm/daemon/logviewer/utils/LogviewerResponseBuilder.java,STORM-2814 Logviewer HTTP server should return 403 instead of 200 if the user is unauthorized
STORM-2815,f9637c6e680eca1577df795afc1e3e5add6cb44f,2017-11-14T14:53:25-06:00,NON_MERGE,1,false,true,3,storm-core/src/jvm/org/apache/storm/ui/UIHelpers.java | storm-webapp/src/main/java/org/apache/storm/daemon/logviewer/utils/LogviewerResponseBuilder.java | storm-webapp/src/main/java/org/apache/storm/daemon/logviewer/webapp/LogviewerResource.java,[STORM-2815] UI HTTP server should return 403 if the user is unauthorized
STORM-2820,1e957a64af1a3ea2855bbb29e28f94b87ae91932,2017-11-15T14:15:30-06:00,NON_MERGE,1,false,true,1,storm-server/src/main/java/org/apache/storm/daemon/nimbus/Nimbus.java,[STORM-2820] fix validateTopologyWorkerMaxHeapSizeConfigs function never picks up the value set by nimbus problem
STORM-2825,689d31c6ea3e5c52fcc4c18b0b065d66f2d29915,2017-11-19T10:36:37+01:00,NON_MERGE,1,false,true,1,external/storm-kafka-client/src/main/java/org/apache/storm/kafka/spout/KafkaSpoutConfig.java,STORM-2825: Fix ClassCastException when storm-kafka-client uses consumer config with String-type 'enable.auto.commit'
STORM-2826,1811351fdf199d5ddfe8037a445715239b2311fd,2017-11-19T16:42:33+01:00,NON_MERGE,1,false,true,1,external/storm-kafka-client/src/main/java/org/apache/storm/kafka/spout/KafkaSpoutConfig.java,STORM-2826: Set key/value deserializer fields when using the convenience builder methods in KafkaSpoutConfig
STORM-2827,ea233a908fd3124f2460353c5a6622a8aed98519,2017-11-20T16:32:05-06:00,NON_MERGE,1,false,true,2,storm-webapp/src/main/java/org/apache/storm/daemon/logviewer/LogviewerServer.java | storm-webapp/src/main/java/org/apache/storm/daemon/logviewer/handler/LogviewerLogSearchHandler.java,[STORM-2827] fix Logviewer search returning incorrect logviewerUrl problem
STORM-2829,860fe46b96a078767f667560217a582962a3f3cd,2017-11-21T15:42:55-06:00,NON_MERGE,1,false,true,1,storm-webapp/src/main/java/org/apache/storm/daemon/logviewer/handler/LogviewerLogSearchHandler.java,[STORM-2829] fix logviewer deepSearch direct self-reference leading to cycle exception
STORM-2833,107a9c9ab34aebfabad646e8d30b51e94e3ae060,2017-11-27T11:09:35-06:00,NON_MERGE,1,false,true,1,storm-client/src/jvm/org/apache/storm/messaging/netty/Client.java,STORM-2833: Use the original host name when closing.
STORM-2833,63e74b8895889fadf0822776a802f012bbf5851f,2017-11-27T11:14:43-06:00,NON_MERGE,1,false,true,1,storm-core/src/jvm/org/apache/storm/messaging/netty/Client.java,STORM-2833: use the same host name for removal too
STORM-2833,8a3619106c7f03d574740688ce93b8bd66e3fabb,2017-11-27T11:14:43-06:00,NON_MERGE,1,false,true,1,storm-core/src/jvm/org/apache/storm/messaging/netty/Client.java,STORM-2833: use the same host name for removal too
STORM-2834,792ac9761dcc0ce2462eb4b2c02467e87e0103fc,2017-11-28T13:14:56-06:00,NON_MERGE,1,false,true,1,storm-server/src/main/java/org/apache/storm/daemon/nimbus/Nimbus.java,[STORM-2834] getOwnerResourceSummaries not working properly because scheduler is wrapped as BlacklistScheduler
STORM-2835,53c2c677e1066df1ac97b7a62a2d41cab484ecbd,2017-11-28T18:25:19-08:00,NON_MERGE,1,false,true,1,external/storm-kafka-client/src/main/java/org/apache/storm/kafka/spout/KafkaSpout.java,STORM-2835: storm-kafka-client KafkaSpout can fail to remove all tuples from waitingToEmit
STORM-2835,c8b306dc33e606c209046374952b6c9f7cc69ca0,2017-11-28T18:25:19-08:00,NON_MERGE,1,false,true,1,external/storm-kafka-client/src/main/java/org/apache/storm/kafka/spout/KafkaSpout.java,STORM-2835: storm-kafka-client KafkaSpout can fail to remove all tuples from waitingToEmit
STORM-2843,6482b2a140e8cc19ea2357822543324a1c570d38,2017-12-24T23:06:15+08:00,NON_MERGE,1,false,true,2,flux/flux-core/src/main/java/org/apache/storm/flux/Flux.java | flux/flux-core/src/main/java/org/apache/storm/flux/parser/FluxParser.java,STORM-2843: [Flux] properties file not found when loading resources from classpath
STORM-2843,febb31452163c361e3cc8e8bf63403662d74012a,2017-12-25T00:08:06+08:00,NON_MERGE,1,false,true,2,external/flux/flux-core/src/main/java/org/apache/storm/flux/Flux.java | external/flux/flux-core/src/main/java/org/apache/storm/flux/parser/FluxParser.java,STORM-2843: [Flux] properties file not found when loading resources from classpath
STORM-2844,0d114aaa900f03e898bb35e32666de3727a0b8e2,2017-12-17T19:59:38-08:00,NON_MERGE,1,false,true,5,external/storm-kafka-client/src/main/java/org/apache/storm/kafka/spout/KafkaSpout.java | external/storm-kafka-client/src/main/java/org/apache/storm/kafka/spout/KafkaSpoutConfig.java | external/storm-kafka-client/src/main/java/org/apache/storm/kafka/spout/KafkaSpoutMessageId.java | external/storm-kafka-client/src/main/java/org/apache/storm/kafka/spout/internal/CommitMetadata.java | external/storm-kafka-client/src/main/java/org/apache/storm/kafka/spout/internal/OffsetManager.java,STORM-2844: KafkaSpout Throws IllegalStateException After Committing to Kafka When First Poll Strategy Set to EARLIEST
STORM-2844,a3899b75a79781602fa58b90de6c8aa784af5332,2017-12-17T19:59:38-08:00,NON_MERGE,1,false,true,5,external/storm-kafka-client/src/main/java/org/apache/storm/kafka/spout/KafkaSpout.java | external/storm-kafka-client/src/main/java/org/apache/storm/kafka/spout/KafkaSpoutConfig.java | external/storm-kafka-client/src/main/java/org/apache/storm/kafka/spout/KafkaSpoutMessageId.java | external/storm-kafka-client/src/main/java/org/apache/storm/kafka/spout/internal/CommitMetadata.java | external/storm-kafka-client/src/main/java/org/apache/storm/kafka/spout/internal/OffsetManager.java,STORM-2844: KafkaSpout Throws IllegalStateException After Committing to Kafka When First Poll Strategy Set to EARLIEST
STORM-2845,1dcd12de27b813a8c3e42d600028fa97df0a5f15,2017-12-06T19:52:40+09:00,NON_MERGE,1,false,true,21,sql/storm-sql-core/src/jvm/org/apache/storm/sql/StormSql.java | sql/storm-sql-core/src/jvm/org/apache/storm/sql/StormSqlContext.java | sql/storm-sql-core/src/jvm/org/apache/storm/sql/StormSqlImpl.java | sql/storm-sql-core/src/jvm/org/apache/storm/sql/compiler/backends/standalone/BuiltinAggregateFunctions.java | sql/storm-sql-core/src/jvm/org/apache/storm/sql/compiler/backends/standalone/PlanCompiler.java | sql/storm-sql-core/src/jvm/org/apache/storm/sql/compiler/backends/standalone/PostOrderRelNodeVisitor.java | sql/storm-sql-core/src/jvm/org/apache/storm/sql/compiler/backends/standalone/RelNodeCompiler.java | sql/storm-sql-external/storm-sql-hdfs/src/jvm/org/apache/storm/sql/hdfs/HdfsDataSourcesProvider.java | sql/storm-sql-external/storm-sql-kafka/src/jvm/org/apache/storm/sql/kafka/KafkaDataSourcesProvider.java | sql/storm-sql-external/storm-sql-mongodb/src/jvm/org/apache/storm/sql/mongodb/MongoDataSourcesProvider.java | sql/storm-sql-external/storm-sql-redis/src/jvm/org/apache/storm/sql/redis/RedisDataSourcesProvider.java | sql/storm-sql-runtime/src/jvm/org/apache/storm/sql/runtime/AbstractChannelHandler.java | sql/storm-sql-runtime/src/jvm/org/apache/storm/sql/runtime/AbstractValuesProcessor.java | sql/storm-sql-runtime/src/jvm/org/apache/storm/sql/runtime/ChannelContext.java | sql/storm-sql-runtime/src/jvm/org/apache/storm/sql/runtime/ChannelHandler.java | sql/storm-sql-runtime/src/jvm/org/apache/storm/sql/runtime/Channels.java | sql/storm-sql-runtime/src/jvm/org/apache/storm/sql/runtime/DataSource.java | sql/storm-sql-runtime/src/jvm/org/apache/storm/sql/runtime/DataSourcesProvider.java | sql/storm-sql-runtime/src/jvm/org/apache/storm/sql/runtime/DataSourcesRegistry.java | sql/storm-sql-runtime/src/jvm/org/apache/storm/sql/runtime/StormSqlFunctions.java | sql/storm-sql-runtime/src/jvm/org/apache/storm/sql/runtime/datasource/socket/SocketDataSourcesProvider.java,STORM-2845 Drop standalone mode of Storm SQL
STORM-2847,45ec11bbb5f4b1e38db9beb03219e7a67c700bd8,2017-12-09T09:00:33+01:00,NON_MERGE,1,false,true,2,external/storm-kafka-client/src/main/java/org/apache/storm/kafka/spout/KafkaSpout.java | external/storm-kafka-client/src/main/java/org/apache/storm/kafka/spout/ManualPartitionSubscription.java,STORM-2847: Ensure spout can handle being activated and deactivated
STORM-2847,969c232618725ad254c4d28bcf91d6b0805f189f,2017-12-09T09:00:33+01:00,NON_MERGE,1,false,true,2,external/storm-kafka-client/src/main/java/org/apache/storm/kafka/spout/KafkaSpout.java | external/storm-kafka-client/src/main/java/org/apache/storm/kafka/spout/subscription/ManualPartitionSubscription.java,STORM-2847: Ensure spout can handle being activated and deactivated
STORM-2850,7cdde90d703c61a7908ffc038a86a7ec60509ff5,2017-12-08T12:44:44+01:00,NON_MERGE,1,false,true,1,external/storm-kafka-client/src/main/java/org/apache/storm/kafka/spout/ManualPartitionSubscription.java,STORM-2850: Make ManualPartitionSubscription call  rebalance listener on revoke hook before assigning new partitions to the consumer
STORM-2850,c71f4c351511b8683b7b28528259774a7f11c3de,2017-12-08T12:44:44+01:00,NON_MERGE,1,false,true,1,external/storm-kafka-client/src/main/java/org/apache/storm/kafka/spout/subscription/ManualPartitionSubscription.java,STORM-2850: Make ManualPartitionSubscription call  rebalance listener on revoke hook before assigning new partitions to the consumer
STORM-2851,8e42652ef40aede81c05c6e8a83da11889f9f54b,2017-12-10T19:22:14+01:00,NON_MERGE,1,false,true,1,external/storm-kafka-client/src/main/java/org/apache/storm/kafka/spout/KafkaSpout.java,STORM-2851: Fix ConcurrentModificationException in doSeekRetriablePartitions
STORM-2851,9913d81e705a69ac329c0565b99106eb96f7d4c0,2017-12-10T19:22:14+01:00,NON_MERGE,1,false,true,1,external/storm-kafka-client/src/main/java/org/apache/storm/kafka/spout/KafkaSpout.java,STORM-2851: Fix ConcurrentModificationException in doSeekRetriablePartitions
STORM-2853,a5540d79fa8b3b6f625308972fe922786680b833,2018-02-01T09:46:52+09:00,NON_MERGE,1,false,true,3,storm-client/src/jvm/org/apache/storm/executor/Executor.java | storm-client/src/jvm/org/apache/storm/executor/bolt/BoltExecutor.java | storm-client/src/jvm/org/apache/storm/executor/spout/SpoutExecutor.java,STORM-2853 Initialize tick tuple after initializing spouts/bolts
STORM-2859,8aae491b6b1e2be2a085f61d45d5d915203eb0ee,2017-12-13T16:47:31+01:00,NON_MERGE,1,false,true,5,storm-server/src/main/java/org/apache/storm/blobstore/BlobStoreUtils.java | storm-server/src/main/java/org/apache/storm/scheduler/resource/NormalizedResourceOffer.java | storm-server/src/main/java/org/apache/storm/scheduler/resource/NormalizedResourceRequest.java | storm-server/src/main/java/org/apache/storm/scheduler/resource/NormalizedResources.java | storm-server/src/main/java/org/apache/storm/scheduler/resource/strategies/scheduling/DefaultResourceAwareStrategy.java,STORM-2859: Fix a number of issues with NormalizedResources when resource totals are zero
STORM-2863,5fad1ad30785e3f25ce094ad06e39d29a4a914e7,2017-12-21T09:05:16-06:00,NON_MERGE,1,false,true,1,storm-server/src/main/java/org/apache/storm/scheduler/resource/NormalizedResources.java,STORM-2863: Reset NormalizedResources for tests
STORM-2869,7f8012ae6fdf9aed7f92577bab6258a63ec39e60,2017-12-26T20:55:30+01:00,NON_MERGE,1,false,true,1,external/storm-kafka-client/src/main/java/org/apache/storm/kafka/spout/KafkaSpout.java,STORM-2869: Only discard outdated records when adjusting KafkaConsumer position during commit
STORM-2869,df5187e803d38f2cbb35ac9f1853ed7f2410ad0e,2017-12-26T20:55:30+01:00,NON_MERGE,1,false,true,1,external/storm-kafka-client/src/main/java/org/apache/storm/kafka/spout/KafkaSpout.java,STORM-2869: Only discard outdated records when adjusting KafkaConsumer position during commit
STORM-2870,5a3cefbace63a593b31e0193656b46143e113f78,2017-12-27T11:52:19+09:00,NON_MERGE,1,false,true,1,storm-core/src/jvm/org/apache/storm/metric/FileBasedEventLogger.java,STORM-2870 Properly shutdown ExecutorService in FileBasedEventLogger
STORM-2870,628a765d5e1a04a16d19720c229617a0ba2e4dd5,2017-12-27T11:52:19+09:00,NON_MERGE,1,false,true,1,storm-core/src/jvm/org/apache/storm/metric/FileBasedEventLogger.java,STORM-2870 Properly shutdown ExecutorService in FileBasedEventLogger
STORM-2870,a894fe63a0814719634fab78783079bbcd121735,2017-12-27T11:52:19+09:00,NON_MERGE,1,false,true,1,storm-client/src/jvm/org/apache/storm/metric/FileBasedEventLogger.java,STORM-2870 Properly shutdown ExecutorService in FileBasedEventLogger
STORM-2870,d4cfb729ed72c121978476a8966e6413e31b38f1,2017-12-27T11:52:19+09:00,NON_MERGE,1,false,true,1,storm-core/src/jvm/org/apache/storm/metric/FileBasedEventLogger.java,STORM-2870 Properly shutdown ExecutorService in FileBasedEventLogger
STORM-2873,33f543cf6211f8109d968bb27fecd40ae1f3a9d9,2018-02-01T23:35:54+09:00,FIRST_PARENT_MERGE,2,true,true,1,storm-core/src/jvm/org/apache/storm/Config.java,Merge branch 'storm2873-1.x-branch' of https://github.com/kishorvpatil/incubator-storm into STORM-2873-1.x-merge
STORM-2879,9655d0dc8c4f01e17edc3ff823cf7446dbc9930e,2018-01-03T15:31:38+08:00,NON_MERGE,1,false,true,1,storm-server/src/main/java/org/apache/storm/daemon/supervisor/Slot.java,fix STORM-2879
STORM-2879,501efb30a75916ca3edfb88d3a7bca21ae36c77e,2018-01-06T08:21:58+08:00,NON_MERGE,1,false,true,1,storm-core/src/jvm/org/apache/storm/daemon/supervisor/Slot.java,fix STORM-2879
STORM-2879,6b939e80d7845f7288aa434469cb5768f30544d8,2018-01-06T08:21:58+08:00,NON_MERGE,1,false,true,1,storm-core/src/jvm/org/apache/storm/daemon/supervisor/Slot.java,fix STORM-2879
STORM-2879,b80c2a86f4993959bd4bfafa19126610f031b23d,2018-01-06T08:21:58+08:00,NON_MERGE,1,false,true,1,storm-core/src/jvm/org/apache/storm/daemon/supervisor/Slot.java,fix STORM-2879
STORM-2900,cce4a5b4d9dc9715ceb632adfa93540e81d22134,2018-01-18T09:13:38+05:30,NON_MERGE,1,false,true,1,external/storm-autocreds/src/main/java/org/apache/storm/common/AbstractHadoopNimbusPluginAutoCreds.java,STORM-2900 Always return non null collection for config keys in AbstractHadoopNimbusPluginAutoCreds.
STORM-2900,fc7c1ef5f9a20b631dea8a9d04c5244a61ead310,2018-01-18T09:16:28+05:30,NON_MERGE,1,false,true,1,external/storm-autocreds/src/main/java/org/apache/storm/common/AbstractAutoCreds.java,STORM-2900 Always return non null collection for config keys in AbstractAutoCreds.
STORM-2903,6292f51d66fe987b9316932046643f6d2f061209,2018-01-19T21:21:49+05:30,NON_MERGE,1,false,true,1,external/storm-autocreds/src/main/java/org/apache/storm/common/AbstractAutoCreds.java,STORM-2903: Fix possible NullPointerException in AbstractAutoCreds logs and doc cleanups
STORM-2903,a0437f73edd4df320f60e11929cb40aef5ea35ad,2018-01-19T23:40:37+05:30,NON_MERGE,1,false,true,1,external/storm-autocreds/src/main/java/org/apache/storm/common/AbstractHadoopAutoCreds.java,STORM-2903: Fix possible NullPointerException in AbstractHadoopAutoCreds and doc cleanups
STORM-2903,841586151e241beb87a42d55f5a7a500428b0c99,2018-01-22T15:40:10+05:30,NON_MERGE,1,false,true,1,external/storm-autocreds/src/main/java/org/apache/storm/common/AbstractHadoopAutoCreds.java,STORM-2903: (follow up) Log token identifier and username associated with token identifier
STORM-2903,05890efcf0a509f6fabd2e89c4027eaffd497d68,2018-01-22T15:48:08+05:30,NON_MERGE,1,false,true,1,external/storm-autocreds/src/main/java/org/apache/storm/common/AbstractAutoCreds.java,STORM-2903: (follow up) Log token identifier and username associated with token identifier
STORM-2906,12a03e3899b2c4c4377d2db26d95f8fbc22458f6,2018-01-23T13:34:22+09:00,NON_MERGE,1,false,true,1,external/storm-hbase/src/main/java/org/apache/storm/hbase/common/Utils.java,STORM-2906 Pick HBase delegation token properly while handling HBase auth via delegation token
STORM-2906,d291f39c9aa6e29184a2712797e956b42cae3293,2018-01-23T13:34:22+09:00,NON_MERGE,1,false,true,1,external/storm-hbase/src/main/java/org/apache/storm/hbase/common/Utils.java,STORM-2906 Pick HBase delegation token properly while handling HBase auth via delegation token
STORM-2906,609a4a78f2a762f784648a6a57af060abd089d7c,2018-01-24T14:40:15+09:00,NON_MERGE,1,false,true,1,external/storm-hbase/src/main/java/org/apache/storm/hbase/common/Utils.java,STORM-2906 Pick HBase delegation token properly while handling HBase auth via delegation token
STORM-2910,ed0548e8b61a8ea67007d906953406a264b15c99,2018-01-24T14:47:01-06:00,NON_MERGE,1,false,true,1,storm-server/src/main/java/org/apache/storm/LocalCluster.java,STORM-2910:  Override local nimbus client by default
STORM-2910,48c2fda867aa1d1123f6ba9c9f623ae80c9df280,2018-01-25T09:49:20-06:00,NON_MERGE,1,false,true,5,storm-server/src/main/java/org/apache/storm/daemon/supervisor/Container.java | storm-server/src/main/java/org/apache/storm/daemon/supervisor/OnlyLatestExecutor.java | storm-server/src/main/java/org/apache/storm/daemon/supervisor/ReadClusterState.java | storm-server/src/main/java/org/apache/storm/daemon/supervisor/Slot.java | storm-server/src/main/java/org/apache/storm/daemon/supervisor/Supervisor.java,STORM-2910: have metrics reported in the background
STORM-2911,1a5c6ccffd042e83764c337481a650f0711781d3,2018-02-25T15:32:21+01:00,NON_MERGE,1,false,true,1,external/storm-kafka/src/jvm/org/apache/storm/kafka/SpoutConfig.java,STORM-2911 add serialVersionUID to storm-kafka SpoutConfig
STORM-2911,408e53174d3fc0f82a542f38ab0d49ca7c8992e4,2018-02-25T15:32:21+01:00,NON_MERGE,1,false,true,1,external/storm-kafka/src/jvm/org/apache/storm/kafka/SpoutConfig.java,STORM-2911 add serialVersionUID to storm-kafka SpoutConfig
STORM-2911,82fcebe55e6fd6f4ed660d886a0d62be16f43efb,2018-02-25T15:32:21+01:00,NON_MERGE,1,false,true,1,external/storm-kafka/src/jvm/org/apache/storm/kafka/SpoutConfig.java,STORM-2911 add serialVersionUID to storm-kafka SpoutConfig
STORM-2912,1b918e5764c67dfc6587c2fc64aae5d792f79a73,2018-01-25T15:56:53+09:00,NON_MERGE,1,false,true,1,storm-client/src/jvm/org/apache/storm/executor/Executor.java,STORM-2912 Revert optimization of sharing tick tuple
STORM-2913,03915f0aefa49c3115e9b66ec3f98b0914dc9433,2018-01-27T15:15:45+01:00,NON_MERGE,1,false,true,3,external/storm-kafka-client/src/main/java/org/apache/storm/kafka/spout/KafkaSpout.java | external/storm-kafka-client/src/main/java/org/apache/storm/kafka/spout/KafkaSpoutConfig.java | external/storm-kafka-client/src/main/java/org/apache/storm/kafka/spout/internal/CommitMetadataManager.java,STORM-2913: Add metadata to at-most-once and at-least-once commits
STORM-2913,e756889aa712aee22c216bc99ee17b972abf886d,2018-01-27T15:15:45+01:00,NON_MERGE,1,false,true,3,external/storm-kafka-client/src/main/java/org/apache/storm/kafka/spout/KafkaSpout.java | external/storm-kafka-client/src/main/java/org/apache/storm/kafka/spout/KafkaSpoutConfig.java | external/storm-kafka-client/src/main/java/org/apache/storm/kafka/spout/internal/CommitMetadataManager.java,STORM-2913: Add metadata to at-most-once and at-least-once commits
STORM-2932,2bd8a1a1dc1aff169ab61ce98f1893d4911d2795,2018-02-02T11:19:52-06:00,NON_MERGE,1,false,true,2,storm-client/src/jvm/org/apache/storm/Config.java | storm-client/src/jvm/org/apache/storm/grouping/LoadAwareShuffleGrouping.java,[STORM-2932] the naming of topology localityaware configs are confusing
STORM-2934,30d81a5d508a521ce6f850163d57d13228689f7c,2018-02-05T11:38:33-06:00,NON_MERGE,1,false,true,1,storm-server/src/main/java/org/apache/storm/DaemonConfig.java,STORM-2934 fix startup ClassNotFoundException when missing RocksDB jar
STORM-2940,b332503b113fa6cde6afa320c9c190e3aad5b4c3,2018-02-07T13:40:45-06:00,NON_MERGE,1,false,true,1,storm-client/src/jvm/org/apache/storm/grouping/LoadAwareShuffleGrouping.java,STORM-2940 dynamically set the CAPACITY value of LoadAwareShuffleGrouping
STORM-2941,d6d1d48a2f36ceb65be9a598b141baad18760489,2018-02-07T14:37:42-06:00,NON_MERGE,1,false,true,1,external/storm-kafka-client/src/main/java/org/apache/storm/kafka/spout/KafkaSpout.java,STORM-2941: Fix checkstyle issues in KafkaSpout
STORM-2950,5e68cd91133d193be8dc10f6bf492765a9a99633,2018-02-14T15:04:15-06:00,NON_MERGE,1,false,true,1,storm-client/src/jvm/org/apache/storm/utils/TupleUtils.java,[STORM-2950] Making FieldsGrouper.chooseTasks be consistent with 1.x version line
STORM-2965,afc0ae52312aee670c396885514f76a606cc3dfb,2018-02-20T22:07:08+09:00,NON_MERGE,1,false,true,2,storm-client/src/jvm/org/apache/storm/utils/SimpleVersion.java | storm-client/src/jvm/org/apache/storm/utils/Utils.java,STORM-2965 Interpret wildcard in classpath correctly when reading config from classpath
STORM-2969,6f40bd7cbc0419240bcec7b8525ef7b7bf57cf3a,2018-02-21T15:31:32-06:00,NON_MERGE,1,false,true,1,storm-client/src/jvm/org/apache/storm/Config.java,[STORM-2969] remove @isDerivedFrom validation for topology.spout/bolt/backpressure.wait.strategy
STORM-2979,ce7c716fc55c9af792998c2b3d512018cdbd8bec,2018-04-07T18:13:12+02:00,NON_MERGE,1,false,true,1,storm-client/src/jvm/org/apache/storm/daemon/worker/WorkerState.java,fix STORM-2979
STORM-2983,5516f291a635243d7ab2d34a4d967bb6b218fc4f,2018-03-29T19:33:18-05:00,NON_MERGE,1,false,true,2,storm-client/src/jvm/org/apache/storm/daemon/worker/Worker.java | storm-client/src/jvm/org/apache/storm/daemon/worker/WorkerState.java,[STORM-2983] fix the issue that the inter-worker transfer thread is not spun up on some cases on RAS cluster
STORM-2986,6aa941bdb01e1cf710916c2d53c6839165c82a26,2018-03-05T17:50:11-06:00,NON_MERGE,1,false,true,1,storm-webapp/src/main/java/org/apache/storm/daemon/logviewer/LogviewerServer.java,[STORM-2986] create worker artifacts directory if not exists
STORM-2987,de6624569affd53f44ff3891d8678b00b074a4fe,2018-03-06T15:47:29-06:00,NON_MERGE,1,false,true,3,storm-client/src/jvm/org/apache/storm/cluster/PaceMakerStateStorage.java | storm-client/src/jvm/org/apache/storm/pacemaker/PacemakerClient.java | storm-client/src/jvm/org/apache/storm/pacemaker/PacemakerClientPool.java,[STORM-2987] PaceMakerStateStorage should deal with InterruptedException correctly
STORM-2988,c26e4ad6bb45c7fc3ff7fd9ec4f86df86c2e8c71,2018-05-07T17:31:01-04:00,NON_MERGE,1,false,true,1,storm-core/src/jvm/org/apache/storm/metrics2/reporters/JmxStormReporter.java,STORM-2988 Error on initialization of server mk-worker
STORM-2988,34650ba6c5049f86901de8cecc82abbf2df6ff95,2018-05-07T20:42:23-04:00,NON_MERGE,1,false,true,1,storm-client/src/jvm/org/apache/storm/metrics2/reporters/JmxStormReporter.java,STORM-2988 Error on initialization of server mk-worker
STORM-2989,3a6f2043b840bfe647a48c04c93f460ebcb2688a,2018-03-07T09:03:44-06:00,NON_MERGE,1,false,true,1,storm-webapp/src/main/java/org/apache/storm/daemon/logviewer/utils/DirectoryCleaner.java,[STORM-2989] LogCleaner should preserve current worker.log.metrics
STORM-2993,85d7b73fc2c45dbf187c1f57256d796b64cf32ca,2018-03-12T11:53:50-07:00,NON_MERGE,1,false,true,1,external/storm-hdfs/src/main/java/org/apache/storm/hdfs/bolt/AbstractHdfsBolt.java,STORM-2993: Storm HDFS bolt throws ClosedChannelException when Time rotation policy is used
STORM-2993,9bb2a509776e2ec655a368a5d0e604141986ac62,2018-03-12T11:53:50-07:00,NON_MERGE,1,false,true,1,external/storm-hdfs/src/main/java/org/apache/storm/hdfs/bolt/AbstractHdfsBolt.java,STORM-2993: Storm HDFS bolt throws ClosedChannelException when Time rotation policy is used
STORM-2994,33961ac7b76589a1fc8ecb1d4559517f755bc7d5,2018-04-03T10:21:05+01:00,NON_MERGE,1,false,true,2,external/storm-kafka-client/src/main/java/org/apache/storm/kafka/spout/KafkaSpout.java | external/storm-kafka-client/src/main/java/org/apache/storm/kafka/spout/KafkaSpoutMessageId.java,STORM-2994: KafkaSpout consumes messages but doesn't commit offsets
STORM-2994,44b687a997c5ce0c26c103f019094361f3c38af1,2018-04-03T10:21:05+01:00,NON_MERGE,1,false,true,2,external/storm-kafka-client/src/main/java/org/apache/storm/kafka/spout/KafkaSpout.java | external/storm-kafka-client/src/main/java/org/apache/storm/kafka/spout/KafkaSpoutMessageId.java,STORM-2994: KafkaSpout consumes messages but doesn't commit offsets
STORM-2994,d8a37d8f4e1e4a5b42255d01f9743eed2a99424e,2018-04-03T10:21:05+01:00,NON_MERGE,1,false,true,2,external/storm-kafka-client/src/main/java/org/apache/storm/kafka/spout/KafkaSpout.java | external/storm-kafka-client/src/main/java/org/apache/storm/kafka/spout/KafkaSpoutMessageId.java,STORM-2994: KafkaSpout consumes messages but doesn't commit offsets
STORM-3012,7814f01f0697743c8168205aa2c800705844b4d4,2018-03-27T10:41:45-05:00,NON_MERGE,1,false,true,1,storm-client/src/jvm/org/apache/storm/pacemaker/PacemakerClient.java,[STORM-3012] Fix the issue that nimbus will crash if pacemaker is restarted
STORM-3013,528ab30b5c49dbeae37df4cb9a97c12ee8989c01,2018-03-30T19:12:01+02:00,NON_MERGE,1,false,true,2,external/storm-kafka-client/src/main/java/org/apache/storm/kafka/spout/KafkaSpout.java | external/storm-kafka-client/src/main/java/org/apache/storm/kafka/spout/metrics/KafkaOffsetMetric.java,"STORM-3013: Keep KafkaConsumer open when storm-kafka-client spout is deactivated, in order to keep metrics working"
STORM-3013,b7e19c7b238da2ab4e89c09db2a60f61ba3ccfe6,2018-03-30T19:12:01+02:00,NON_MERGE,1,false,true,2,external/storm-kafka-client/src/main/java/org/apache/storm/kafka/spout/KafkaSpout.java | external/storm-kafka-client/src/main/java/org/apache/storm/kafka/spout/metrics/KafkaOffsetMetric.java,"STORM-3013: Keep KafkaConsumer open when storm-kafka-client spout is deactivated, in order to keep metrics working"
STORM-3020,337aef8f1291aba0ab228f6e9e0800c19b8c5ceb,2018-04-03T14:58:14-05:00,NON_MERGE,1,false,true,3,storm-server/src/main/java/org/apache/storm/localizer/AsyncLocalizer.java | storm-server/src/main/java/org/apache/storm/localizer/LocalizedResource.java | storm-server/src/main/java/org/apache/storm/localizer/LocallyCachedBlob.java,STORM-3020: fix possible race condition in AsyncLocalizer
STORM-3021,f97347277ba2ad237c0d72ee80334fbf45bbe62f,2018-04-12T22:10:25-05:00,NON_MERGE,1,false,true,5,storm-client/src/jvm/org/apache/storm/Config.java | storm-client/src/jvm/org/apache/storm/daemon/worker/Worker.java | storm-client/src/jvm/org/apache/storm/daemon/worker/WorkerState.java | storm-server/src/main/java/org/apache/storm/DaemonConfig.java | storm-server/src/main/java/org/apache/storm/daemon/nimbus/Nimbus.java,[STORM-3021] Fix wrong usages of Config.TOPOLOGY_WORKERS on RAS cluster
STORM-3023,a50c2b145e6403447aa6d7e4b74b80e80171b5d9,2018-04-09T18:16:41-05:00,NON_MERGE,1,false,true,1,storm-client/src/jvm/org/apache/storm/stats/StatsUtil.java,"[STORM-3023] fix the issue that Storm UI not showing correct values for component CPU, Memory and Executors"
STORM-3028,285e287c063c6a12c79553c7a96c9878b0ba3884,2018-04-12T13:58:13+02:00,NON_MERGE,1,false,true,1,external/storm-hdfs/src/main/java/org/apache/storm/hdfs/spout/HdfsSpout.java,STORM-3028 HdfsSpout: handle empty file in case of ackers
STORM-3028,e2e0dbedfa4ac542f2dcfe40248ccf52d6b4e05e,2018-04-12T13:58:13+02:00,NON_MERGE,1,false,true,1,external/storm-hdfs/src/main/java/org/apache/storm/hdfs/spout/HdfsSpout.java,STORM-3028 HdfsSpout: handle empty file in case of ackers
STORM-3028,33824825850aeeabcd2e14202fe096867481b02e,2018-05-04T13:05:18+02:00,NON_MERGE,1,false,true,1,external/storm-hdfs/src/main/java/org/apache/storm/hdfs/spout/HdfsSpout.java,STORM-3028 HdfsSpout: handle empty file in case of ackers
STORM-3028,473bf84a0caef26544b8c01aecd6fb139aa51110,2018-05-16T14:18:56+02:00,NON_MERGE,1,false,true,1,external/storm-hdfs/src/main/java/org/apache/storm/hdfs/spout/HdfsSpout.java,STORM-3028 HdfsSpout: handle empty file in case of ackers
STORM-3035,c9a9cc1fcdbc9efc9635124f620c146e118fff92,2018-04-19T10:52:38-07:00,NON_MERGE,1,false,true,1,external/storm-jms/src/main/java/org/apache/storm/jms/spout/JmsSpout.java,STORM-3035: fix the issue in JmsSpout.ack when toCommit is empty
STORM-3042,4f110e3a0934f427573f81f1922562a6a1910e77,2018-05-21T10:30:51-05:00,NON_MERGE,1,false,true,7,storm-server/src/main/java/org/apache/storm/daemon/nimbus/Nimbus.java | storm-server/src/main/java/org/apache/storm/scheduler/TopologyDetails.java | storm-server/src/main/java/org/apache/storm/scheduler/resource/RAS_Node.java | storm-server/src/main/java/org/apache/storm/scheduler/resource/ResourceUtils.java | storm-server/src/main/java/org/apache/storm/scheduler/resource/normalization/NormalizedResourceOffer.java | storm-server/src/main/java/org/apache/storm/scheduler/resource/normalization/NormalizedResourceRequest.java | storm-server/src/main/java/org/apache/storm/scheduler/resource/normalization/NormalizedResources.java,STORM-3042 restore topology.acker.cpu.pcore.percent
STORM-3043,38028cfc53d36d00775d030dd311b0afa1ae4a29,2018-04-23T07:54:55Z,NON_MERGE,1,false,true,1,external/storm-kafka-client/src/main/java/org/apache/storm/kafka/spout/SimpleRecordTranslator.java,[STORM-3043] Fix NullPointerException when apply() returns null
STORM-3043,6b527dfc2b3ae7ba2c7e535e983fc8864f506133,2018-04-27T22:36:05Z,NON_MERGE,1,false,true,1,external/storm-kafka-client/src/main/java/org/apache/storm/kafka/spout/SimpleRecordTranslator.java,[STORM-3043] Fix NullPointerException when apply() returns null
STORM-3043,cfe11249da59182e09e7469baaaf665f2dcb3482,2018-04-27T22:36:05Z,NON_MERGE,1,false,true,1,external/storm-kafka-client/src/main/java/org/apache/storm/kafka/spout/SimpleRecordTranslator.java,[STORM-3043] Fix NullPointerException when apply() returns null
STORM-3046,0154216c9cb489b92ab86393fa1dd2fa5de56073,2018-04-28T13:01:44+02:00,NON_MERGE,1,false,true,1,external/storm-kafka-client/src/main/java/org/apache/storm/kafka/spout/trident/KafkaTridentSpoutEmitter.java,STORM-3046: Ensure KafkaTridentSpoutEmitter handles empty batches correctly when they occur at the beginning of the stream
STORM-3046,e63f5528bc2f807578560ec3f783f326e1aec2a0,2018-04-28T13:01:44+02:00,NON_MERGE,1,false,true,1,external/storm-kafka-client/src/main/java/org/apache/storm/kafka/spout/trident/KafkaTridentSpoutEmitter.java,STORM-3046: Ensure KafkaTridentSpoutEmitter handles empty batches correctly when they occur at the beginning of the stream
STORM-3047,f66a6d057fef1134e30b185055c6a61809bf356a,2018-04-28T14:31:11+02:00,NON_MERGE,1,false,true,5,external/storm-eventhubs/src/main/java/org/apache/storm/eventhubs/trident/OpaqueTridentEventHubEmitter.java | external/storm-kafka-client/src/main/java/org/apache/storm/kafka/spout/trident/KafkaTridentSpoutEmitter.java | external/storm-kafka/src/jvm/org/apache/storm/kafka/trident/TridentKafkaEmitter.java | storm-core/src/jvm/org/apache/storm/trident/spout/IOpaquePartitionedTridentSpout.java | storm-core/src/jvm/org/apache/storm/trident/spout/OpaquePartitionedTridentSpoutExecutor.java,STORM-3047: Ensure Trident emitter refreshPartitions is only called with partitions assigned to the emitter
STORM-3048,3ad1937ab019eff9cb5c74fa6b51785dffd46529,2018-05-02T21:26:41+08:00,NON_MERGE,1,false,true,1,storm-server/src/main/java/org/apache/storm/scheduler/resource/strategies/scheduling/ConstraintSolverStrategy.java,STORM-3048 Fix a Potential NPE
STORM-3052,1117a37b01a1058897a34e11ff5156e465efb692,2018-04-30T10:13:25-05:00,NON_MERGE,1,false,true,2,storm-server/src/main/java/org/apache/storm/localizer/LocalizedResource.java | storm-server/src/main/java/org/apache/storm/utils/ServerUtils.java,STORM-3052: Allow for untar/unzip to work on older versions
STORM-3052,efad4cca2d7d461f5f8c08a0d7b51fabeb82d0af,2018-04-30T10:31:38-05:00,NON_MERGE,1,false,true,2,storm-core/src/jvm/org/apache/storm/localizer/Localizer.java | storm-core/src/jvm/org/apache/storm/utils/Utils.java,STORM-3052: Allow for blobs to be unzipped/untarred
STORM-3052,f61e5daf299d6c37c7ad65744d02556c94a16a4b,2018-04-30T10:31:38-05:00,NON_MERGE,1,false,true,2,storm-core/src/jvm/org/apache/storm/localizer/Localizer.java | storm-core/src/jvm/org/apache/storm/utils/Utils.java,STORM-3052: Allow for blobs to be unzipped/untarred
STORM-3053,99f47570750266c12d31eaa11ef912e92575b095,2018-05-21T14:52:58-05:00,NON_MERGE,1,false,true,2,storm-server/src/main/java/org/apache/storm/DaemonConfig.java | storm-server/src/main/java/org/apache/storm/daemon/nimbus/Nimbus.java,STORM-3053 prevent race deleting blobstores before topologies can be submitted
STORM-3055,aeb69dd13791ef238c9a3a2d2ef660106f7f21cd,2018-05-31T13:18:07-05:00,NON_MERGE,1,false,true,3,storm-core/src/jvm/org/apache/storm/messaging/IContext.java | storm-core/src/jvm/org/apache/storm/messaging/netty/Client.java | storm-core/src/jvm/org/apache/storm/messaging/netty/Context.java,Merge branch 'fix' of https://github.com/pczb/storm into STORM-3055-1.x
STORM-3059,3370b2d6495be770989c048a35cd3998e899bd60,2018-05-06T10:16:25+02:00,NON_MERGE,1,false,true,1,external/storm-kafka-client/src/main/java/org/apache/storm/kafka/spout/KafkaSpout.java,STORM-3059: Fix NPE when the processing guarantee is not AT_LEAST_ONCE and the spout filters out a null tuple
STORM-3059,8f584f6b4b93999c7b98d79e7071e000c531b66c,2018-05-06T10:16:25+02:00,NON_MERGE,1,false,true,1,external/storm-kafka-client/src/main/java/org/apache/storm/kafka/spout/KafkaSpout.java,STORM-3059: Fix NPE when the processing guarantee is not AT_LEAST_ONCE and the spout filters out a null tuple
STORM-3059,d70b475456e2d7cb83e80b45560f48b58dffd4d2,2018-05-06T10:16:25+02:00,NON_MERGE,1,false,true,1,external/storm-kafka-client/src/main/java/org/apache/storm/kafka/spout/KafkaSpout.java,STORM-3059: Fix NPE when the processing guarantee is not AT_LEAST_ONCE and the spout filters out a null tuple
STORM-3065,d541e60bc41f9cbe3ba1469966bd9031ebaec207,2018-05-09T21:14:40+02:00,NON_MERGE,1,false,true,3,storm-client/src/jvm/org/apache/storm/zookeeper/ClientZookeeper.java | storm-server/src/main/java/org/apache/storm/testing/InProcessZookeeper.java | storm-server/src/main/java/org/apache/storm/zookeeper/Zookeeper.java,"STORM-3065: Reduce storm-server test fork count to 1, fix some test-specific NPEs"
STORM-3070,eae4dc216fc1cc858be929049d27254ad6ec0b8f,2018-05-11T19:50:48+02:00,NON_MERGE,1,false,true,1,storm-client/src/jvm/org/apache/storm/messaging/netty/MessageDecoder.java,"STORM-3070: Rewind buffer position if MessageDecoder encounters a BackpressureStatus message code, but the rest of the message hasn't been received yet"
STORM-3073,7ce2a3b615a8d6833800b3e9286c88547ed39201,2018-05-15T15:13:09+02:00,NON_MERGE,1,false,true,2,storm-client/src/jvm/org/apache/storm/executor/Executor.java | storm-client/src/jvm/org/apache/storm/executor/spout/SpoutExecutor.java,"STORM-3073: Uncap pendingEmits for bolt executors, and prevent LoadSpout from overflowing pendingEmits in spout executors"
STORM-3075,917be55a5bd6be8baa4811c6684897da949c3bb1,2018-05-15T15:06:53-05:00,NON_MERGE,1,false,true,1,storm-server/src/main/java/org/apache/storm/daemon/nimbus/Nimbus.java,STORM-3075 fix NPE
STORM-3079,e8ee6deedda17c6bc8855985a91079fd64d57f0d,2018-05-17T14:31:20-05:00,NON_MERGE,1,false,true,24,external/storm-hdfs-blobstore/src/main/java/org/apache/storm/hdfs/blobstore/HdfsBlobStore.java | storm-client/src/jvm/org/apache/storm/blobstore/BlobStoreAclHandler.java | storm-client/src/jvm/org/apache/storm/cluster/PaceMakerStateStorage.java | storm-client/src/jvm/org/apache/storm/daemon/StormCommon.java | storm-client/src/jvm/org/apache/storm/utils/Utils.java | storm-client/src/jvm/org/apache/storm/utils/WrappedAlreadyAliveException.java | storm-client/src/jvm/org/apache/storm/utils/WrappedAuthorizationException.java | storm-client/src/jvm/org/apache/storm/utils/WrappedDRPCExecutionException.java | storm-client/src/jvm/org/apache/storm/utils/WrappedHBExecutionException.java | storm-client/src/jvm/org/apache/storm/utils/WrappedInvalidTopologyException.java | storm-client/src/jvm/org/apache/storm/utils/WrappedKeyAlreadyExistsException.java | storm-client/src/jvm/org/apache/storm/utils/WrappedKeyNotFoundException.java | storm-client/src/jvm/org/apache/storm/utils/WrappedNotAliveException.java | storm-server/src/main/java/org/apache/storm/LocalCluster.java | storm-server/src/main/java/org/apache/storm/blobstore/BlobStoreUtils.java | storm-server/src/main/java/org/apache/storm/blobstore/KeySequenceNumber.java | storm-server/src/main/java/org/apache/storm/blobstore/LocalFsBlobStore.java | storm-server/src/main/java/org/apache/storm/daemon/drpc/BlockingOutstandingRequest.java | storm-server/src/main/java/org/apache/storm/daemon/drpc/DRPC.java | storm-server/src/main/java/org/apache/storm/daemon/nimbus/Nimbus.java | storm-server/src/main/java/org/apache/storm/daemon/supervisor/Supervisor.java | storm-server/src/main/java/org/apache/storm/localizer/AsyncLocalizer.java | storm-server/src/main/java/org/apache/storm/localizer/LocalizedResource.java | storm-server/src/main/java/org/apache/storm/nimbus/StrictTopologyValidator.java,STORM-3079 add getMessage() support for thrift exceptions
STORM-3082,b82ffcffa386277892c275bc31b267ef3dd6fa60,2018-07-09T12:11:28+09:00,NON_MERGE,1,false,true,1,external/storm-kafka-client/src/main/java/org/apache/storm/kafka/spout/subscription/NamedTopicFilter.java,STORM-3082: Added support to handle absent topics
STORM-3082,e463cf02df443ced705588bcfe2873bccc9ce8ce,2018-07-09T12:11:28+09:00,NON_MERGE,1,false,true,1,external/storm-kafka-client/src/main/java/org/apache/storm/kafka/spout/NamedTopicFilter.java,STORM-3082: Added support to handle absent topics
STORM-3082,f6208b84c5a4eda09e18bf9ee31e12f43802f304,2018-07-09T23:35:26+02:00,NON_MERGE,1,false,true,1,external/storm-kafka-client/src/main/java/org/apache/storm/kafka/spout/subscription/NamedTopicFilter.java,STORM-3082: Port to master
STORM-3084,fe388df9b3e9649fbdf9f2e57206ee655212bcc6,2018-05-24T16:39:07-05:00,NON_MERGE,1,false,true,1,storm-client/src/jvm/org/apache/storm/cluster/IStormClusterState.java,STORM-3084 fix Nimbus NPE
STORM-3087,1ebdf301edbd3bac1ff9416d971ee6e7738891ce,2018-05-28T22:47:15+02:00,NON_MERGE,1,false,true,1,flux/flux-core/src/main/java/org/apache/storm/flux/FluxBuilder.java,STORM-3087: Make FluxBuilder.canInvokeWithArgs check whether the actual argument type is assignable to Number before deciding that a method with a primitive parameter can be invoked
STORM-3087,33ca6c1c010ed29dd7f1df17cd81023fba438e86,2018-05-28T22:47:15+02:00,NON_MERGE,1,false,true,1,external/flux/flux-core/src/main/java/org/apache/storm/flux/FluxBuilder.java,STORM-3087: Make FluxBuilder.canInvokeWithArgs check whether the actual argument type is assignable to Number before deciding that a method with a primitive parameter can be invoked
STORM-3090,35797bf1d2bc9dc9a382d2ab7078e6ef33237810,2018-06-20T13:18:36+03:00,NON_MERGE,1,false,true,3,external/storm-kafka/src/jvm/org/apache/storm/kafka/KafkaSpout.java | external/storm-kafka/src/jvm/org/apache/storm/kafka/PartitionManager.java | external/storm-kafka/src/jvm/org/apache/storm/kafka/ZkCoordinator.java,STORM-3090 - use topic together with partition number during recreation of partition managers
STORM-3091,4c4b2b4b6d579a118379607a268ef060136d9aac,2018-06-04T09:16:10-05:00,NON_MERGE,1,false,true,5,storm-client/src/jvm/org/apache/storm/utils/ConfigUtils.java | storm-client/src/jvm/org/apache/storm/utils/LocalState.java | storm-client/src/jvm/org/apache/storm/utils/VersionedStore.java | storm-server/src/main/java/org/apache/storm/daemon/supervisor/StandaloneSupervisor.java | storm-server/src/main/java/org/apache/storm/utils/ServerConfigUtils.java,STORM-3091 don't allow workers to create heartbeat directory
STORM-3092,44e272735688113ff0b49de6aa1cab2fa9e9fdfc,2018-06-04T10:44:48-05:00,NON_MERGE,1,false,true,1,storm-server/src/main/java/org/apache/storm/daemon/supervisor/Supervisor.java,STORM-3092: Refactor code to correct launch initialization of Supervisor
STORM-3096,8f60cefe4bd57f4d143f47e1b8862765abaad445,2018-06-05T15:58:29-05:00,NON_MERGE,1,false,true,1,storm-server/src/main/java/org/apache/storm/daemon/nimbus/Nimbus.java,STORM-3096 prevent race condition during topology submission
STORM-3097,b6cab8dca97e2238aef8e45118f6946fc2d35049,2018-06-06T15:11:02-05:00,NON_MERGE,1,false,true,8,external/storm-druid/src/main/java/org/apache/storm/druid/bolt/DruidBeamBolt.java | external/storm-druid/src/main/java/org/apache/storm/druid/bolt/DruidBeamFactory.java | external/storm-druid/src/main/java/org/apache/storm/druid/bolt/DruidConfig.java | external/storm-druid/src/main/java/org/apache/storm/druid/bolt/ITupleDruidEventMapper.java | external/storm-druid/src/main/java/org/apache/storm/druid/bolt/TupleDruidEventMapper.java | external/storm-druid/src/main/java/org/apache/storm/druid/trident/DruidBeamState.java | external/storm-druid/src/main/java/org/apache/storm/druid/trident/DruidBeamStateFactory.java | external/storm-druid/src/main/java/org/apache/storm/druid/trident/DruidBeamStateUpdater.java,STORM-3097: Remove storm-druid
STORM-3097,61b1b51880603ca20d8d34827e7684d0b70d4bbc,2018-06-06T15:22:54-05:00,NON_MERGE,1,false,true,8,external/storm-druid/src/main/java/org/apache/storm/druid/bolt/DruidBeamBolt.java | external/storm-druid/src/main/java/org/apache/storm/druid/bolt/DruidBeamFactory.java | external/storm-druid/src/main/java/org/apache/storm/druid/bolt/DruidConfig.java | external/storm-druid/src/main/java/org/apache/storm/druid/bolt/ITupleDruidEventMapper.java | external/storm-druid/src/main/java/org/apache/storm/druid/bolt/TupleDruidEventMapper.java | external/storm-druid/src/main/java/org/apache/storm/druid/trident/DruidBeamState.java | external/storm-druid/src/main/java/org/apache/storm/druid/trident/DruidBeamStateFactory.java | external/storm-druid/src/main/java/org/apache/storm/druid/trident/DruidBeamStateUpdater.java,STORM-3097: deprecate storm-druid
STORM-3098,498da9e77cec4d5cb9dfbb1044cb9634f1ff0422,2018-06-07T09:19:44-05:00,NON_MERGE,1,false,true,1,storm-server/src/main/java/org/apache/storm/daemon/supervisor/Slot.java,STORM-3098: Fixed method filterChangingBlobsFor()
STORM-3102,0eb6cd72c07a12499eb12f5830a80c1da1bdfaa0,2018-06-13T11:29:07-07:00,NON_MERGE,1,false,true,1,external/storm-kafka-client/src/main/java/org/apache/storm/kafka/spout/KafkaSpout.java,STORM-3102 Remove check for partition offset before every emit.
STORM-3102,a7ac98f4b5595d7d0689a7b32c2d152bebd0c67a,2018-06-13T11:29:07-07:00,NON_MERGE,1,false,true,1,external/storm-kafka-client/src/main/java/org/apache/storm/kafka/spout/KafkaSpout.java,STORM-3102 Remove check for partition offset before every emit.
STORM-3103,5c5d071305785fb322413b0a39d3fb6d19a83a9d,2018-06-13T15:31:15-05:00,NON_MERGE,1,false,true,1,storm-client/src/jvm/org/apache/storm/StormTimer.java,STORM-3103 allow nimbus to shutdown properly
STORM-3109,8fabff55325d68c79470b65f33176f95007062af,2018-06-15T16:56:01-05:00,NON_MERGE,1,false,true,1,storm-core/src/jvm/org/apache/storm/command/KillWorkers.java,STORM-3109: Fixed incorrect conversion from relative path to absolute path for STORM_LOCAL_DIR
STORM-3109,b03ee18dd13196265c3d68e59e76380ccc6b4bd8,2018-06-15T16:56:01-05:00,NON_MERGE,1,false,true,1,storm-core/src/jvm/org/apache/storm/command/KillWorkers.java,STORM-3109: Fixed incorrect conversion from relative path to absolute path for STORM_LOCAL_DIR
STORM-3110,1d43937a12d5632d1c64e5701b8443a179595062,2018-06-15T16:32:53-07:00,NON_MERGE,1,false,true,1,storm-core/src/jvm/org/apache/storm/daemon/supervisor/Container.java,STORM-3110: Skip the user while checking isProcessAlive
STORM-3110,82deb62dd3a6f58e5569244517bc93647fcab2a2,2018-06-15T16:32:53-07:00,NON_MERGE,1,false,true,2,storm-server/src/main/java/org/apache/storm/daemon/supervisor/Container.java | storm-server/src/main/java/org/apache/storm/daemon/supervisor/RunAsUserContainer.java,STORM-3110: Skip the user while checking isProcessAlive
STORM-3110,e63fe1246049380e694a7d1157930c751b33a21b,2018-06-21T13:46:35-07:00,NON_MERGE,1,false,true,2,storm-core/src/jvm/org/apache/storm/daemon/supervisor/Container.java | storm-core/src/jvm/org/apache/storm/daemon/supervisor/RunAsUserContainer.java,STORM-3110: Reintroduce user check and rely on 'user.name' when not running worker as launching user
STORM-3116,36b050766dfa772ee6a4d97dcee2f3c6e3979d17,2018-06-19T19:39:20+02:00,NON_MERGE,1,false,true,8,storm-client/src/jvm/org/apache/storm/daemon/supervisor/ClientSupervisorUtils.java | storm-client/src/jvm/org/apache/storm/utils/ConfigUtils.java | storm-server/src/main/java/org/apache/storm/LocalCluster.java | storm-server/src/main/java/org/apache/storm/daemon/supervisor/BasicContainer.java | storm-server/src/main/java/org/apache/storm/localizer/LocalizedResource.java | storm-server/src/main/java/org/apache/storm/metricstore/rocksdb/RocksDbStore.java | storm-server/src/main/java/org/apache/storm/utils/ServerConfigUtils.java | storm-webapp/src/main/java/org/apache/storm/daemon/logviewer/LogviewerServer.java,STORM-3116: Set storm.home for clojure tests and during LocalCluster runs
STORM-3117,733d58cd687517678ebb6e78890327796fd0aef6,2018-06-21T14:56:19-05:00,NON_MERGE,1,false,true,2,storm-client/src/jvm/org/apache/storm/utils/WrappedIllegalStateException.java | storm-server/src/main/java/org/apache/storm/daemon/nimbus/Nimbus.java,STORM-3117 prevent deleting blobs while topologies still active
STORM-3118,79ce734e4d74393d1811149158782702eaab957e,2018-06-21T13:45:16-05:00,NON_MERGE,1,false,true,1,storm-client/src/jvm/org/apache/storm/pacemaker/codec/ThriftEncoder.java,STORM-3118 fix netty buffer usage
STORM-3120,e5ca0c97f31f4d2e92427c9ed2b00519985fc43c,2018-06-24T12:47:42+02:00,NON_MERGE,1,false,true,3,storm-client/src/jvm/org/apache/storm/utils/Time.java | storm-server/src/main/java/org/apache/storm/LocalCluster.java | storm-server/src/main/java/org/apache/storm/Testing.java,"STORM-3120: Clean up leftover null checks in Time, ensure idle threads get to run when cluster time is advanced"
STORM-3122,84d19c9ad66e2d24040c7e12dc96cef03ff7bcb3,2018-06-25T06:49:51+09:00,NON_MERGE,1,false,true,1,storm-core/src/jvm/org/apache/storm/daemon/supervisor/timer/UpdateBlobs.java,"STORM-3122 Avoid supervisor being crashed due to race condition between ""async localizer"" and ""update blob"" timer thread"
STORM-3123,371cc269a6dec5ee6172d7631f7f5574d6eab566,2018-07-11T17:01:36-07:00,NON_MERGE,1,false,true,2,external/storm-kafka-monitor/src/main/java/org/apache/storm/kafka/monitor/KafkaOffsetLagUtil.java | external/storm-kafka-monitor/src/main/java/org/apache/storm/kafka/monitor/NewKafkaSpoutOffsetQuery.java,STORM-3123 - add support for Kafka security config in storm-kafka-monitor
STORM-3123,40e24ce45a7744e2d24d4e8d3f6f146372c57824,2018-07-11T17:01:36-07:00,NON_MERGE,1,false,true,2,external/storm-kafka-monitor/src/main/java/org/apache/storm/kafka/monitor/KafkaOffsetLagUtil.java | external/storm-kafka-monitor/src/main/java/org/apache/storm/kafka/monitor/NewKafkaSpoutOffsetQuery.java,STORM-3123 - add support for Kafka security config in storm-kafka-monitor
STORM-3123,bbe7827987dc03393652740522975b7bf0169c64,2018-11-12T11:19:31-08:00,NON_MERGE,1,false,true,3,external/storm-kafka-client/src/main/java/org/apache/storm/kafka/spout/KafkaSpout.java | external/storm-kafka-monitor/src/main/java/org/apache/storm/kafka/monitor/KafkaOffsetLagUtil.java | storm-core/src/jvm/org/apache/storm/utils/TopologySpoutLag.java,STORM-3123: Changes to return extra properties from KafkaSpout and use it in TopologySpoutLag
STORM-3123,fa0b8624492630d0f5c3c89e6bf7a5d20ac59d8b,2018-11-12T11:19:31-08:00,NON_MERGE,1,false,true,3,external/storm-kafka-client/src/main/java/org/apache/storm/kafka/spout/KafkaSpout.java | external/storm-kafka-monitor/src/main/java/org/apache/storm/kafka/monitor/KafkaOffsetLagUtil.java | storm-core/src/jvm/org/apache/storm/utils/TopologySpoutLag.java,STORM-3123: Changes to return extra properties from KafkaSpout and use it in TopologySpoutLag
STORM-3123,d8d88374d992a7f3b6455e26fececa2bf50d5165,2018-11-15T10:38:51-08:00,NON_MERGE,1,false,true,4,external/storm-kafka-client/src/main/java/org/apache/storm/kafka/spout/KafkaSpout.java | external/storm-kafka-monitor/src/main/java/org/apache/storm/kafka/monitor/KafkaOffsetLagUtil.java | external/storm-kafka-monitor/src/main/java/org/apache/storm/kafka/monitor/NewKafkaSpoutOffsetQuery.java | storm-core/src/jvm/org/apache/storm/utils/TopologySpoutLag.java,STORM-3123: Address review comments
STORM-3123,3e655cba0a621aae24a3300c2b75d1b15300032b,2018-11-15T17:12:44-08:00,NON_MERGE,1,false,true,4,external/storm-kafka-client/src/main/java/org/apache/storm/kafka/spout/KafkaSpout.java | external/storm-kafka-monitor/src/main/java/org/apache/storm/kafka/monitor/KafkaOffsetLagUtil.java | external/storm-kafka-monitor/src/main/java/org/apache/storm/kafka/monitor/NewKafkaSpoutOffsetQuery.java | storm-core/src/jvm/org/apache/storm/utils/TopologySpoutLag.java,STORM-3123: Address review comments
STORM-3124,dad6f1f51fdfb782510b3e95236a1a7e1f7dff6b,2018-06-27T14:57:28-05:00,NON_MERGE,1,false,true,3,storm-client/src/jvm/org/apache/storm/messaging/netty/KerberosSaslClientHandler.java | storm-client/src/jvm/org/apache/storm/pacemaker/PacemakerClient.java | storm-client/src/jvm/org/apache/storm/pacemaker/PacemakerClientPool.java,STORM-3124 reconnect to pacemaker on failure
STORM-3126,216ed738e5243d552ca20d2c9b13fb99c56e33e6,2018-07-06T16:51:18-05:00,NON_MERGE,1,false,true,1,storm-server/src/main/java/org/apache/storm/daemon/supervisor/Supervisor.java,STORM-3126: Refactored methods for kill_workers to avoid unnecessary force kill.
STORM-3127,11383c2ae08bbadb10857bf0a9dd1eb69b7d2ccc,2018-06-26T09:58:57-05:00,NON_MERGE,1,false,true,1,storm-server/src/main/java/org/apache/storm/localizer/AsyncLocalizer.java,STORM-3127: Refactor AsyncLocalizer to avoid potential race condition
STORM-3129,307f01bf7c83512ca0762935d34c70ba6073b7b2,2018-06-27T14:02:13-05:00,NON_MERGE,1,false,true,1,storm-server/src/main/java/org/apache/storm/daemon/supervisor/Slot.java,STORM-3129: Fixed startTime assignment to using Storm Time util.
STORM-3132,cf2f8734b32380b4e75c9936971864e87003d25b,2023-12-04T06:15:13-05:00,NON_MERGE,1,false,true,1,storm-client/src/jvm/org/apache/storm/tuple/Values.java,[STORM-3132] Avoid NPE in the Values Constructor (#2744)
STORM-3135,8cb4baf251d742e2d06bdb0f7853ea8b6783a567,2018-06-29T22:42:36+02:00,NON_MERGE,1,false,true,6,storm-client/src/jvm/org/apache/storm/daemon/worker/WorkerTransfer.java | storm-client/src/jvm/org/apache/storm/executor/Executor.java | storm-client/src/jvm/org/apache/storm/executor/ExecutorShutdown.java | storm-client/src/jvm/org/apache/storm/metric/internal/RateTracker.java | storm-client/src/jvm/org/apache/storm/utils/JCQueue.java | storm-client/src/jvm/org/apache/storm/utils/Utils.java,"STORM-3135: Check for thread interrupted status in Utils.asyncLoop, since not all async loops (e.g. BoltExecutor) are guaranteed to call interruptible methods. Remove JCQueue.INTERRUPTED, replace with regular interrupts of the calling threads"
STORM-3141,1613206802ffa00f1b6b9ab56a741e86aeff6a5e,2018-07-02T21:42:54+02:00,NON_MERGE,1,false,true,2,storm-client/src/jvm/org/apache/storm/daemon/worker/BackPressureTracker.java | storm-client/src/jvm/org/apache/storm/daemon/worker/WorkerState.java,"STORM-3141: Fix NPE in WorkerState.transferLocalBatch, and refactor BackpressureTracker to get rid of placeholder JCQueue"
STORM-3143,76a8e62a019a412f038bae93d74104a9fceefcc2,2018-07-05T13:20:43-05:00,NON_MERGE,1,false,true,1,storm-webapp/src/main/java/org/apache/storm/daemon/logviewer/handler/LogviewerLogSearchHandler.java,STORM-3143: Fixed bug of unnecessary inclusion of empty search result
STORM-3148,911a0d7006ca79ec41d9a5692fbd417f1931cbb4,2018-07-12T15:58:20-05:00,NON_MERGE,1,false,true,4,storm-client/src/jvm/org/apache/storm/messaging/netty/Client.java | storm-client/src/jvm/org/apache/storm/messaging/netty/Server.java | storm-client/src/jvm/org/apache/storm/messaging/netty/StormClientPipelineFactory.java | storm-client/src/jvm/org/apache/storm/messaging/netty/StormServerPipelineFactory.java,STORM-3148: Avoid threading issues with kryo
STORM-3148,63017568eb543571804d0475c975a9c5382465f9,2018-07-12T16:49:04-05:00,NON_MERGE,1,false,true,2,storm-client/src/jvm/org/apache/storm/daemon/worker/BackPressureTracker.java | storm-client/src/jvm/org/apache/storm/messaging/netty/StormClientHandler.java,STORM-3148:  Fix backpressure issue with system bolt
STORM-3148,bfb267e8025092e72ad0d586e50e1182b54f3242,2018-07-13T08:09:02-05:00,NON_MERGE,1,false,true,1,storm-client/src/jvm/org/apache/storm/messaging/netty/StormClientHandler.java,STORM-3148: Addressed review comments
STORM-3158,de59923e37911885975fc097d4313fae14ef5f37,2018-07-20T16:02:43-05:00,NON_MERGE,1,false,true,1,storm-client/src/jvm/org/apache/storm/security/auth/kerberos/ServerCallbackHandler.java,STORM-3158 improve logging on login failure when kerberos is misconfigured
STORM-3159,ab0b1a80b4d8eb85e307bfaf344ea33b7a44ec7f,2018-07-19T15:43:42-05:00,NON_MERGE,1,false,true,1,storm-server/src/main/java/org/apache/storm/utils/ServerUtils.java,STORM-3159: Fixed a potential file resource leak.
STORM-3161,882cfff9f8249248ff09b5898389523512ede40b,2018-07-27T16:58:37+09:00,NON_MERGE,1,false,true,1,storm-server/src/main/java/org/apache/storm/LocalCluster.java,STORM-3161 Local mode should force setting min replication count to 1
STORM-3162,9d3feb0e18a96a90cdce9c2ff1727c9c9ecca4a1,2018-09-14T14:48:33-05:00,NON_MERGE,1,false,true,9,storm-client/src/jvm/org/apache/storm/daemon/worker/Worker.java | storm-client/src/jvm/org/apache/storm/executor/Executor.java | storm-client/src/jvm/org/apache/storm/executor/bolt/BoltExecutor.java | storm-client/src/jvm/org/apache/storm/executor/spout/SpoutExecutor.java | storm-client/src/jvm/org/apache/storm/stats/BoltExecutorStats.java | storm-client/src/jvm/org/apache/storm/stats/ClientStatsUtil.java | storm-server/src/main/java/org/apache/storm/daemon/nimbus/HeartbeatCache.java | storm-server/src/main/java/org/apache/storm/daemon/nimbus/Nimbus.java | storm-server/src/main/java/org/apache/storm/stats/StatsUtil.java,STORM-3162: Cleanup heartbeats cache and make it thread safe
STORM-3166,eb7924a5c754e04566d6f64d57a2bc1910cac282,2018-08-01T15:11:28+02:00,NON_MERGE,1,false,true,1,storm-client/src/jvm/org/apache/storm/utils/Utils.java,STORM-3166: Make Utils.threadDump account for threads dying before it can get the ThreadInfo
STORM-3168,5c6e102aa4e4d5c8f9515fa919f38130872eb18a,2018-08-01T14:53:53-05:00,NON_MERGE,1,false,true,1,storm-server/src/main/java/org/apache/storm/localizer/AsyncLocalizer.java,STORM-3168 prevent AsyncLocalizer cleanup from crashing
STORM-3169,05d907b8b1390e39443487fe0d6a2a185344d256,2018-08-01T15:59:17-05:00,NON_MERGE,1,false,true,1,storm-webapp/src/main/java/org/apache/storm/daemon/logviewer/utils/LogCleaner.java,STORM-3169: Correctly convert configured minutes to milliseconds
STORM-3170,fe94434a48f4f5e4f3812f6787117fa2b57e6d5d,2018-08-01T16:28:53-05:00,NON_MERGE,1,false,true,1,storm-webapp/src/main/java/org/apache/storm/daemon/logviewer/utils/DirectoryCleaner.java,STORM-3170: Fixed bug to eliminate invalid file deletion
STORM-3179,bc1078d9114da5840c133a56ffda5e1d917b023d,2018-08-07T17:38:23-05:00,NON_MERGE,1,false,true,1,storm-webapp/src/main/java/org/apache/storm/daemon/ui/UIHelpers.java,STORM-3179: Fixing getNimbusSummary in Storm API
STORM-3180,fdfeb14166301fed82b045f41934b693e95577c4,2018-08-06T22:07:53+09:00,NON_MERGE,1,false,true,1,storm-webapp/src/main/java/org/apache/storm/daemon/ui/UIHelpers.java,STORM-3180 Total executors in Cluster Summary in main UI page is not exposed even a topology is running
STORM-3181,66a1aa34141aa6f5b8b04c73935fd140cf47987e,2018-08-07T15:37:56-05:00,NON_MERGE,1,false,true,1,storm-webapp/src/main/java/org/apache/storm/daemon/ui/UIHelpers.java,STORM-3181: Fix for completeLatency in TopologyStats
STORM-3182,ecec9cf52e61ffd889e51309b1bc2c1df99d7366,2018-08-06T15:44:57-05:00,NON_MERGE,1,false,true,2,storm-webapp/src/main/java/org/apache/storm/daemon/ui/filters/AuthorizedUserFilter.java | storm-webapp/src/main/java/org/apache/storm/daemon/ui/resources/StormApiResource.java,STORM-3182: Removing superfluous topo id check from owner resource API request
STORM-3183,078e8cc239788bbec14a0e38492ed683341af7dc,2018-08-09T13:51:10-05:00,NON_MERGE,1,false,true,1,storm-webapp/src/main/java/org/apache/storm/daemon/ui/UIHelpers.java,STORM-3183: Fix for visualization on Storm API
STORM-3184,fc942ee10d86649db9e9b8ce3dc0a04ea23439ce,2018-08-07T12:13:54-07:00,NON_MERGE,1,false,true,5,external/storm-autocreds/src/main/java/org/apache/storm/common/AbstractAutoCreds.java | storm-core/src/jvm/org/apache/storm/Config.java | storm-core/src/jvm/org/apache/storm/daemon/supervisor/Supervisor.java | storm-core/src/jvm/org/apache/storm/utils/ConfigUtils.java | storm-core/src/jvm/org/apache/storm/validation/ConfigValidationAnnotations.java,STORM-3184: Mask the plaintext passwords from the logs
STORM-3184,9d36724e88f54ae48fd892b001eeb76313adc9da,2018-08-10T17:39:49-07:00,NON_MERGE,1,false,true,8,external/storm-autocreds/src/main/java/org/apache/storm/common/AbstractHadoopNimbusPluginAutoCreds.java | storm-client/src/jvm/org/apache/storm/daemon/worker/Worker.java | storm-client/src/jvm/org/apache/storm/utils/ConfigUtils.java | storm-client/src/jvm/org/apache/storm/validation/ConfigValidation.java | storm-client/src/jvm/org/apache/storm/validation/ConfigValidationAnnotations.java | storm-server/src/main/java/org/apache/storm/DaemonConfig.java | storm-server/src/main/java/org/apache/storm/daemon/nimbus/Nimbus.java | storm-server/src/main/java/org/apache/storm/daemon/supervisor/Supervisor.java,STORM-3184: Mask the plaintext passwords from the logs
STORM-3184,0fe39c8844f1d7e508b4f314942e26ee66bb503b,2018-08-11T09:41:43-07:00,NON_MERGE,1,false,true,3,storm-client/src/jvm/org/apache/storm/daemon/worker/Worker.java | storm-client/src/jvm/org/apache/storm/utils/ConfigUtils.java | storm-server/src/main/java/org/apache/storm/daemon/nimbus/Nimbus.java,STORM-3184: remove guava dependency
STORM-3184,c12ddb3f7d6c28a35bd4c90b0df48f48715c3f6e,2018-08-11T21:15:10-07:00,NON_MERGE,1,false,true,4,storm-client/src/jvm/org/apache/storm/Config.java | storm-client/src/jvm/org/apache/storm/daemon/worker/Worker.java | storm-client/src/jvm/org/apache/storm/utils/ConfigUtils.java | storm-server/src/main/java/org/apache/storm/daemon/nimbus/Nimbus.java,STORM-3184: use shaded guava and remove the usage of redactValue
STORM-3184,43faecc870468a00d5f1b2d5ba1c5c4274ae77b0,2018-08-20T16:31:32-07:00,NON_MERGE,1,false,true,1,storm-core/src/jvm/org/apache/storm/Config.java,STORM-3184: Replace the usage of redact-value with ConfigUtils.maskPasswords
STORM-3194,cac56053b40c888cc7e448f2b525c7baea419205,2018-08-14T13:06:47-05:00,NON_MERGE,1,false,true,1,storm-server/src/main/java/org/apache/storm/scheduler/resource/strategies/priority/FIFOSchedulingPriorityStrategy.java,STORM-3194 reduce FIFOSchedulingPriorityStrategy logging level
STORM-3200,04f75bfad131ac2be4450433231814f3eba25717,2018-08-21T14:32:16-05:00,NON_MERGE,1,false,true,1,external/storm-hdfs-blobstore/src/main/java/org/apache/storm/hdfs/blobstore/HdfsBlobStore.java,STORM-3200 improve keytab error message
STORM-3201,c4966d4b2c2386a54b7fadf2b08e8d454fddb219,2018-08-20T14:27:50-05:00,NON_MERGE,1,false,true,1,storm-core/src/jvm/org/apache/storm/utils/TopologySpoutLag.java,STORM-3201: Cleanup Topology Spout Lag
STORM-3201,dd90dcadd63c579838e32090c491c9192a9105c5,2018-08-20T14:27:50-05:00,NON_MERGE,1,false,true,2,storm-client/src/jvm/org/apache/storm/utils/Utils.java | storm-core/src/jvm/org/apache/storm/utils/TopologySpoutLag.java,STORM-3201: Cleanup Kafka Spout Lag
STORM-3203,3274324a237403aebca2e2b2d6d4d2b3a7dac4c4,2018-08-23T10:45:57-05:00,NON_MERGE,1,false,true,2,storm-server/src/main/java/org/apache/storm/localizer/AsyncLocalizer.java | storm-server/src/main/java/org/apache/storm/localizer/LocallyCachedTopologyBlob.java,STORM-3203: add back in the permission updates
STORM-3203,cd3e471407495702d87e9f3f0f416cfa451a7f09,2018-08-30T12:20:32-05:00,NON_MERGE,1,false,true,2,storm-server/src/main/java/org/apache/storm/localizer/AsyncLocalizer.java | storm-server/src/main/java/org/apache/storm/localizer/LocallyCachedTopologyBlob.java,STORM-3203: Addressed review comments
STORM-3206,45fc760dc0211253add9ed5d6219104ac8342715,2018-09-11T10:29:30-05:00,NON_MERGE,1,false,true,3,storm-client/src/jvm/org/apache/storm/StormSubmitter.java | storm-client/src/jvm/org/apache/storm/validation/ConfigValidation.java | storm-server/src/main/java/org/apache/storm/daemon/nimbus/Nimbus.java,[STORM-3206] validate topoConf only against Config.java during submission
STORM-3208,91458a32cded87fb64dbb1b22db8059edd6af99d,2018-08-29T12:42:55-05:00,NON_MERGE,1,false,true,1,storm-server/src/main/java/org/apache/storm/daemon/supervisor/BasicContainer.java,STORM-3208 fix worker kill NPE
STORM-3208,26bfefb258282ab90b1577dd332c0d4e5cef87a8,2018-08-30T11:36:12-05:00,NON_MERGE,1,false,true,1,storm-server/src/main/java/org/apache/storm/daemon/supervisor/BasicContainer.java,STORM-3208 add warning when no approved workers to cleanup
STORM-3210,c179ea7ea1d7619d2a377f9961a9d45d47c3fbfe,2018-09-04T09:12:49-05:00,NON_MERGE,1,false,true,1,storm-webapp/src/main/java/org/apache/storm/daemon/ui/filters/AuthorizedUserFilter.java,STORM-3210 fix user is not authorized error code
STORM-3213,26a6c878ce368ddba026a2977f484523a70f3d56,2018-09-05T14:31:07-05:00,NON_MERGE,1,false,true,1,storm-server/src/main/java/org/apache/storm/daemon/nimbus/Nimbus.java,[STORM-3213] fix server error on system component page on storm UI
STORM-3215,4300e944a0d453191c23ef4d818956a8f84eb5f0,2018-09-06T10:57:05-05:00,NON_MERGE,1,false,true,3,storm-client/src/jvm/org/apache/storm/utils/NimbusClient.java | storm-server/src/main/java/org/apache/storm/security/auth/DefaultHttpCredentialsPlugin.java | storm-webapp/src/main/java/org/apache/storm/daemon/ui/TestingFilter.java,STORM-3215: Add back in impersonation to UI
STORM-3215,f2ced23fa4e3f699558663baef4ee582ee148fa2,2018-09-07T16:10:43-05:00,NON_MERGE,1,false,true,1,storm-client/src/jvm/org/apache/storm/utils/NimbusClient.java,STORM-3215: Fixed comments
STORM-3216,e39988646d9ed3e96d129c85b65a0ddeb4233910,2018-09-07T12:31:47-05:00,NON_MERGE,1,false,true,11,storm-server/src/main/java/org/apache/storm/DaemonConfig.java | storm-server/src/main/java/org/apache/storm/scheduler/Cluster.java | storm-server/src/main/java/org/apache/storm/scheduler/ISchedulingState.java | storm-server/src/main/java/org/apache/storm/scheduler/TopologyDetails.java | storm-server/src/main/java/org/apache/storm/scheduler/blacklist/strategies/DefaultBlacklistStrategy.java | storm-server/src/main/java/org/apache/storm/scheduler/blacklist/strategies/RasBlacklistStrategy.java | storm-server/src/main/java/org/apache/storm/scheduler/resource/normalization/NormalizedResourceOffer.java | storm-server/src/main/java/org/apache/storm/scheduler/resource/normalization/NormalizedResourceRequest.java | storm-server/src/main/java/org/apache/storm/scheduler/resource/normalization/NormalizedResources.java | storm-server/src/main/java/org/apache/storm/scheduler/resource/normalization/NormalizedResourcesWithMemory.java | storm-server/src/main/java/org/apache/storm/scheduler/resource/strategies/scheduling/BaseResourceAwareStrategy.java,STORM-3216: Add in RasBlacklistStrategy
STORM-3217,a805c70b210f47cb4a5192a6692888637a81f654,2018-09-12T15:17:43-05:00,NON_MERGE,1,false,true,1,storm-webapp/src/main/java/org/apache/storm/daemon/ui/UIHelpers.java,STORM-3217: Fixing getComponentPage API call
STORM-3217,a35459d98c2c7e24d7acb5f9b90e925b1bb22be7,2018-09-13T13:04:53-05:00,NON_MERGE,1,false,true,3,storm-webapp/src/main/java/org/apache/storm/daemon/logviewer/utils/LogFileDownloader.java | storm-webapp/src/main/java/org/apache/storm/daemon/ui/UIHelpers.java | storm-webapp/src/main/java/org/apache/storm/daemon/ui/exceptionmappers/DefaultExceptionMapper.java,STORM-3217: Checkstyle fixes
STORM-3218,38d59713486e1d74edae92e1577bf2d0b3942b22,2018-09-11T09:40:17-05:00,NON_MERGE,1,false,true,2,storm-client/src/jvm/org/apache/storm/security/auth/ReqContext.java | storm-webapp/src/main/java/org/apache/storm/daemon/ui/filters/AuthorizedUserFilter.java,STORM-3218: Return the correct error from AuthorizedUserFilter
STORM-3219,0d7b97570b2da2a5b9145e0cacf24a6fa8108c99,2018-09-11T15:02:44-05:00,NON_MERGE,1,false,true,8,storm-webapp/src/main/java/org/apache/storm/daemon/ui/WEB-INF/component.html | storm-webapp/src/main/java/org/apache/storm/daemon/ui/WEB-INF/deep_search_result.html | storm-webapp/src/main/java/org/apache/storm/daemon/ui/WEB-INF/index.html | storm-webapp/src/main/java/org/apache/storm/daemon/ui/WEB-INF/js/script.js | storm-webapp/src/main/java/org/apache/storm/daemon/ui/WEB-INF/logviewer_search.html | storm-webapp/src/main/java/org/apache/storm/daemon/ui/WEB-INF/search_result.html | storm-webapp/src/main/java/org/apache/storm/daemon/ui/WEB-INF/supervisor.html | storm-webapp/src/main/java/org/apache/storm/daemon/ui/WEB-INF/topology.html,STORM-3219:  Update javascript to report errors consistently
STORM-3221,14965c706c04686b8bc9f376c17f63c1cc82e208,2018-09-12T10:45:53-05:00,NON_MERGE,1,false,true,1,storm-webapp/src/main/java/org/apache/storm/daemon/ui/UIHelpers.java,STORM-3221: Fixing utilization in clusterSummary API call
STORM-3223,6d58e63eb085ef21adf9170fbc3e9eb93db0c621,2018-09-13T13:35:47-05:00,NON_MERGE,1,false,true,1,storm-server/src/main/java/org/apache/storm/scheduler/resource/strategies/scheduling/BaseResourceAwareStrategy.java,STORM-3223: Fix NPE on blacklisted rack
STORM-3225,ceabe3613cd1ccdc5419b5da5fcab4ff988f305b,2018-09-14T11:58:46-05:00,NON_MERGE,1,false,true,1,storm-webapp/src/main/java/org/apache/storm/daemon/ui/filters/AuthorizedUserFilter.java,STORM-3225: Use MediaType for check
STORM-3228,5c47b2d7c1f3628c892e16b4d0f2dc78beddbb28,2018-09-17T12:58:31-05:00,NON_MERGE,1,false,true,3,storm-server/src/main/java/org/apache/storm/localizer/LocallyCachedBlob.java | storm-server/src/main/java/org/apache/storm/localizer/PortAndAssignmentImpl.java | storm-server/src/main/java/org/apache/storm/localizer/TimePortAndAssignment.java,STORM-3228 allow refernce counting of differing PortAndAssignment objects to work properly
STORM-3228,6d0f2ebd2ffb728a1e9292455ac642665796a2ea,2018-09-18T14:35:35-05:00,NON_MERGE,1,false,true,2,storm-server/src/main/java/org/apache/storm/localizer/PortAndAssignmentImpl.java | storm-server/src/main/java/org/apache/storm/localizer/TimePortAndAssignment.java,STORM-3228: Fixed checkstyle issues
STORM-3230,839071367754338b83096e9d1f908f859e9d5493,2018-09-19T10:05:23-05:00,NON_MERGE,1,false,true,2,storm-client/src/jvm/org/apache/storm/cluster/StormClusterStateImpl.java | storm-client/src/jvm/org/apache/storm/security/auth/workertoken/WorkerTokenAuthorizer.java,STORM-3230: Add in sync if key not found
STORM-3230,f89349ca83662d088f02a3ea1382109982d8cf06,2018-09-19T13:54:12-05:00,NON_MERGE,1,false,true,2,storm-client/src/jvm/org/apache/storm/cluster/StormClusterStateImpl.java | storm-client/src/jvm/org/apache/storm/security/auth/workertoken/WorkerTokenAuthorizer.java,STORM-3230:  Addressed review comments
STORM-3235,53434b7eb8388455f43826519ba1a40bff1493d2,2018-09-28T12:09:18-05:00,FIRST_PARENT_MERGE,2,true,true,2,storm-server/src/main/java/org/apache/storm/daemon/nimbus/Nimbus.java | storm-server/src/main/java/org/apache/storm/security/auth/workertoken/WorkerTokenManager.java,Merge branch 'storm3235' of https://github.com/kishorvpatil/incubator-storm into STORM-3235
STORM-3236,2b9f404cc29f1b46008cdf7ae0d2337dc905a47b,2018-09-26T16:37:03-05:00,NON_MERGE,1,false,true,2,storm-webapp/src/main/java/org/apache/storm/daemon/drpc/DRPCServer.java | storm-webapp/src/main/java/org/apache/storm/daemon/logviewer/LogviewerServer.java,STORM-3236 mark shutdown meters before stopping metric reporting
STORM-3237,d7d2c62312d2e3ed73273a88359d1e2f35a0ecbc,2018-09-27T13:30:59-05:00,NON_MERGE,1,false,true,1,storm-server/src/main/java/org/apache/storm/daemon/nimbus/Nimbus.java,STORM-3237 track Nimbus mkAssignment failures
STORM-3238,7b3cf31d009971ba66644462cad55a10c0af17ba,2018-10-04T16:51:53-05:00,FIRST_PARENT_MERGE,2,true,true,1,storm-webapp/src/main/java/org/apache/storm/daemon/ui/WEB-INF/search_result.html,Merge branch 'storm-3238-fix-log-search-results' of https://github.com/d2r/storm into STORM-3238
STORM-3239,954c810e150971e94219ec192f16fdd7d772d8df,2018-09-30T19:30:23-05:00,NON_MERGE,1,false,true,2,storm-webapp/src/main/java/org/apache/storm/daemon/ui/UIHelpers.java | storm-webapp/src/main/java/org/apache/storm/daemon/ui/resources/StormApiResource.java,STORM-3239: Adding dumpjstack action and removing wrong timeout parameter
STORM-3240,39d28387296a57835947da45f4c5c1f92eb676e6,2018-10-01T11:12:28-05:00,NON_MERGE,1,false,true,1,storm-server/src/main/java/org/apache/storm/healthcheck/HealthChecker.java,STORM-3240 health checks should succeed on exit code 0
STORM-3240,9e84142c84ea4975d6b446c1aaea19e04daa120c,2018-10-02T15:16:40-05:00,NON_MERGE,1,false,true,1,storm-server/src/main/java/org/apache/storm/healthcheck/HealthChecker.java,STORM-3240 swap failure codes to better much functionality
STORM-3240,0b32a2950c61814ec6f9a9d73a82242559bb003f,2018-10-02T15:35:59-05:00,NON_MERGE,1,false,true,1,storm-server/src/main/java/org/apache/storm/healthcheck/HealthChecker.java,STORM-3240 any non-zero exit code causes health check failure
STORM-3241,353399a1f67cb0d3c227b60c1e29995ac31744b4,2018-10-03T13:23:55-05:00,FIRST_PARENT_MERGE,2,true,true,2,storm-webapp/src/main/java/org/apache/storm/daemon/ui/UIHelpers.java | storm-webapp/src/main/java/org/apache/storm/daemon/ui/WEB-INF/templates/component-page-template.html,Merge branch 'storm-3241-conditionally-hide-event-log-link' of https://github.com/d2r/storm into STORM-3241
STORM-3244,9cad3415e597bd25534d64271109653676d9be46,2018-10-03T15:25:02-05:00,NON_MERGE,1,false,true,2,storm-server/src/main/java/org/apache/storm/DaemonConfig.java | storm-webapp/src/main/java/org/apache/storm/daemon/logviewer/LogviewerServer.java,STORM-3244 allow logviewer to use independent filter settings from ui
STORM-3244,e63dee617bdbdb8294978ab8442b2dd1e007b2b9,2018-10-05T13:52:53-05:00,NON_MERGE,1,false,true,1,storm-webapp/src/main/java/org/apache/storm/daemon/logviewer/LogviewerServer.java,STORM-3244 default to ui filter if logviewer filter is not set
STORM-3245,d012f6c323d29a48ded29ff2ef86d77970a5d080,2018-10-04T15:12:18-05:00,NON_MERGE,1,false,true,3,storm-webapp/src/main/java/org/apache/storm/daemon/logviewer/utils/DirectoryCleaner.java | storm-webapp/src/main/java/org/apache/storm/daemon/logviewer/utils/LogCleaner.java | storm-webapp/src/main/java/org/apache/storm/daemon/logviewer/utils/WorkerLogs.java,STORM-3245: Don't blow up if empty log dirs exist
STORM-3247,e5e0ddec875534af34d8499523530f34ede086c8,2018-10-05T14:23:44-05:00,NON_MERGE,1,false,true,2,storm-client/src/jvm/org/apache/storm/Config.java | storm-server/src/main/java/org/apache/storm/LocalCluster.java,STORM-3247 remove BLOBSTORE_SUPERUSER
STORM-3249,bbfd7cd4050ae80d406daaed9cec882b00be1f98,2018-10-08T13:25:17-05:00,NON_MERGE,1,false,true,6,external/storm-hdfs/src/main/java/org/apache/storm/hdfs/spout/HdfsSpout.java | external/storm-hive/src/main/java/org/apache/storm/hive/bolt/HiveBolt.java | external/storm-hive/src/main/java/org/apache/storm/hive/trident/HiveState.java | storm-client/src/jvm/org/apache/storm/utils/Utils.java | storm-server/src/main/java/org/apache/storm/blobstore/LocalFsBlobStore.java | storm-server/src/main/java/org/apache/storm/daemon/drpc/DRPC.java,STORM-3249: Make sure times shut down and so does shut down thread
STORM-3251,1fa76994608198dd50d0abcd0793ec4cf42e7bbf,2018-10-11T13:20:59-05:00,NON_MERGE,1,false,true,1,storm-webapp/src/main/java/org/apache/storm/daemon/logviewer/utils/ResourceAuthorizer.java,STORM-3251 properly determine if logviewer filter is enabled
STORM-3252,a6fc2f933184c28f293fdd1d6aad562e983f21f8,2018-10-11T11:33:36-07:00,NON_MERGE,1,false,true,1,storm-server/src/main/java/org/apache/storm/blobstore/BlobStoreUtils.java,STORM-3252: update log message
STORM-3262,02404865f241d2e737eb5dabe9d745d2393f3d9c,2018-10-18T11:23:28-05:00,NON_MERGE,1,false,true,1,storm-server/src/main/java/org/apache/storm/daemon/nimbus/Nimbus.java,STORM-3262 prevent falsely reporting leadership
STORM-3269,4bba9c4e8ba962dd6f35c7fd25cfa466050f5607,2018-10-22T10:44:18-05:00,NON_MERGE,1,false,true,4,storm-client/src/jvm/org/apache/storm/utils/VersionInfo.java | storm-server/src/main/java/org/apache/storm/metricstore/rocksdb/ReadOnlyStringMetadataCache.java | storm-server/src/main/java/org/apache/storm/metricstore/rocksdb/RocksDbMetricsWriter.java | storm-server/src/main/java/org/apache/storm/metricstore/rocksdb/WritableStringMetadataCache.java,"STORM-3269: Update version of httpclient, and fix version dep issue"
STORM-3273,72be7085f8d9357295cd0991d7b4d0124d614cd7,2018-10-23T09:11:28-05:00,NON_MERGE,1,false,true,1,storm-server/src/main/java/org/apache/storm/daemon/nimbus/Nimbus.java,STORM-3273: Remove storm.local.hostname from topology conf.
STORM-3275,02662ea6641a6763b8e285ad292dbb789be6fc61,2018-11-02T14:11:24-05:00,FIRST_PARENT_MERGE,2,true,true,1,storm-webapp/src/main/java/org/apache/storm/daemon/ui/UIHelpers.java,Merge branch 'storm3275' of https://github.com/kishorvpatil/incubator-storm into STORM-3275
STORM-3276,095bdbc267fe4354c28baa84186807dcd3be2a31,2018-11-15T14:12:48-06:00,NON_MERGE,1,false,true,2,flux/flux-core/src/main/java/org/apache/storm/flux/Flux.java | storm-server/src/main/java/org/apache/storm/LocalCluster.java,STORM-3276: Updated Flux to deal with storm local correctly
STORM-3279,642ae3698ce4cc6186b7a694a0f523f5a773fa2e,2018-11-14T16:17:03+01:00,NON_MERGE,1,false,true,2,external/storm-kafka-client/src/main/java/org/apache/storm/kafka/spout/trident/KafkaTridentSpoutBatchMetadata.java | external/storm-kafka-client/src/main/java/org/apache/storm/kafka/spout/trident/KafkaTridentSpoutEmitter.java,"STORM-2990, STORM-3279: Fix issue where Kafka Trident spout could ignore EARLIEST and LATEST, and make EARLIEST and LATEST only take effect on topology deploy"
STORM-3284,4ebb6406ea850cdd5b710fd9185fe211bbdf746d,2018-11-13T10:45:14-06:00,FIRST_PARENT_MERGE,2,true,true,2,storm-server/src/main/java/org/apache/storm/DaemonConfig.java | storm-server/src/main/java/org/apache/storm/container/cgroup/CgroupManager.java,Merge branch 'add-cgroup-inheritance' of https://github.com/kishorvpatil/incubator-storm into STORM-3284
STORM-3288,5784eb1afc1ea911aeb639020f6c9afd7e414280,2018-11-16T10:02:47-06:00,NON_MERGE,1,false,true,1,storm-server/src/main/java/org/apache/storm/localizer/LocallyCachedTopologyBlob.java,STORM-3288: Fix issue with reources in jar files
STORM-3295,b4d3df2167b2962bdf7039ba064ad7a646f32644,2018-12-04T16:23:35-06:00,NON_MERGE,1,false,true,1,storm-server/src/main/java/org/apache/storm/scheduler/blacklist/strategies/RasBlacklistStrategy.java,STORM-3295 allow blacklist scheduling to function properly with multiple supervisors on a host
STORM-3295,f594c20dc5f3547578835e32c2a48cc37f2d6cfd,2018-12-06T11:02:10-06:00,NON_MERGE,1,false,true,2,storm-server/src/main/java/org/apache/storm/scheduler/blacklist/strategies/DefaultBlacklistStrategy.java | storm-server/src/main/java/org/apache/storm/scheduler/blacklist/strategies/RasBlacklistStrategy.java,STORM-3295 Fix blacklisting of multiple supervisors per host using DefaultBlacklistStrategy
STORM-3297,afa173f694b648694f1dd8b2d0c4ac0dc6f8529d,2018-12-05T11:27:43-06:00,NON_MERGE,1,false,true,1,storm-server/src/main/java/org/apache/storm/metricstore/NimbusMetricProcessor.java,STORM-3297 prevent supervisor restart when no nimbus leader exists
STORM-3300,df84dec0a55c7dba4c5f400329481eee8d20492a,2018-12-08T16:37:57+01:00,NON_MERGE,1,false,true,1,storm-client/src/jvm/org/apache/storm/daemon/Acker.java,STORM-3300: Fix NPE in Acker that could occur if sending reset timeout tuples
STORM-3301,79c1dce8a38e15747998a9c3485b08f15853692f,2018-12-08T22:15:04+01:00,NON_MERGE,1,false,true,2,external/storm-kafka-client/src/main/java/org/apache/storm/kafka/spout/KafkaSpout.java | external/storm-kafka-client/src/main/java/org/apache/storm/kafka/spout/internal/OffsetManager.java,STORM-3301: Fix case where KafkaSpout could emit tuples that were already committed
STORM-3301,8bb0185651dfd0e085d9dda4bc0298a1bd8742fb,2018-12-08T22:15:04+01:00,NON_MERGE,1,false,true,2,external/storm-kafka-client/src/main/java/org/apache/storm/kafka/spout/KafkaSpout.java | external/storm-kafka-client/src/main/java/org/apache/storm/kafka/spout/internal/OffsetManager.java,STORM-3301: Fix case where KafkaSpout could emit tuples that were already committed
STORM-3302,845787d671dcdf4475493ea5888f2021b1422ba9,2018-12-12T10:43:28-06:00,NON_MERGE,1,false,true,4,storm-client/src/jvm/org/apache/storm/blobstore/BlobStore.java | storm-client/src/jvm/org/apache/storm/dependency/DependencyUploader.java | storm-server/src/main/java/org/apache/storm/blobstore/BlobStoreUtils.java | storm-server/src/main/java/org/apache/storm/nimbus/LeaderListenerCallback.java,STORM-3302: Ensures we close sockets to HDFS
STORM-3303,abca1540be9e6875f93dc0b9a276710717bc0ff6,2018-12-11T14:18:23-06:00,NON_MERGE,1,false,true,5,storm-client/src/jvm/org/apache/storm/pacemaker/PacemakerClient.java | storm-client/src/jvm/org/apache/storm/utils/StormBoundedExponentialBackoffRetry.java | storm-server/src/main/java/org/apache/storm/daemon/nimbus/Nimbus.java | storm-server/src/main/java/org/apache/storm/daemon/supervisor/Supervisor.java | storm-server/src/main/java/org/apache/storm/security/auth/workertoken/WorkerTokenManager.java,"STORM-3303 adjust some logging priorities, log topology info"
STORM-3307,ff5b645134cfab98b2421b187e5afe0132b85e76,2019-01-03T10:50:28-06:00,NON_MERGE,1,false,true,1,storm-webapp/src/main/java/org/apache/storm/daemon/ui/UIHelpers.java,STORM-3307: Fixes error time on UI for time of last error on component page
STORM-3309,0c82b8fc926651dcd8006e4e602738d8a2431b7a,2019-01-05T14:38:04+01:00,NON_MERGE,1,false,true,7,storm-client/src/jvm/org/apache/storm/executor/Executor.java | storm-client/src/jvm/org/apache/storm/executor/bolt/BoltExecutor.java | storm-client/src/jvm/org/apache/storm/executor/spout/SpoutExecutor.java | storm-client/src/jvm/org/apache/storm/utils/InprocMessaging.java | storm-client/src/jvm/org/apache/storm/utils/Utils.java | storm-client/src/jvm/org/apache/storm/zookeeper/ClientZookeeper.java | storm-server/src/main/java/org/apache/storm/LocalCluster.java,STORM-3309: Fix flaky tick tuple test
STORM-3309,258f67db64c204bc08cacd79f6d1816ab89d089a,2019-01-05T14:38:04+01:00,NON_MERGE,1,false,true,7,storm-client/src/jvm/org/apache/storm/executor/Executor.java | storm-client/src/jvm/org/apache/storm/executor/bolt/BoltExecutor.java | storm-client/src/jvm/org/apache/storm/executor/spout/SpoutExecutor.java | storm-client/src/jvm/org/apache/storm/utils/InprocMessaging.java | storm-client/src/jvm/org/apache/storm/utils/Utils.java | storm-client/src/jvm/org/apache/storm/zookeeper/ClientZookeeper.java | storm-server/src/main/java/org/apache/storm/LocalCluster.java,STORM-3309: Fix flaky tick tuple test
STORM-3317,0e7d372701e2e649f910e8d56a0516bd5d40eab6,2019-01-17T14:22:23-06:00,NON_MERGE,1,false,true,1,storm-core/src/jvm/org/apache/storm/command/UploadCredentials.java,STORM-3317 fix upload credentials when using a differing path for java.security.auth.login.config
STORM-3317,75f9f5c25dfece734c4e9bed1df2a4fbe4842c79,2019-01-17T14:22:23-06:00,NON_MERGE,1,false,true,1,storm-core/src/jvm/org/apache/storm/command/UploadCredentials.java,STORM-3317 fix upload credentials when using a differing path for java.security.auth.login.config
STORM-3319,947c7b22acf4cdf4f95001b26e700a590d675220,2019-01-20T03:15:03+01:00,NON_MERGE,1,false,true,5,storm-server/src/main/java/org/apache/storm/daemon/supervisor/Slot.java | storm-server/src/main/java/org/apache/storm/localizer/AsyncLocalizer.java | storm-server/src/main/java/org/apache/storm/localizer/LocalizedResource.java | storm-server/src/main/java/org/apache/storm/localizer/LocallyCachedBlob.java | storm-server/src/main/java/org/apache/storm/localizer/LocallyCachedTopologyBlob.java,STORM-3319: Fix failing assertion in Slot
STORM-3320,87f125a678d3ce996386840a0b71cf17102d4373,2019-01-21T13:57:31+01:00,NON_MERGE,1,false,true,4,storm-client/src/jvm/org/apache/storm/daemon/worker/WorkerState.java | storm-client/src/jvm/org/apache/storm/executor/Executor.java | storm-client/src/jvm/org/apache/storm/executor/bolt/BoltExecutor.java | storm-client/src/jvm/org/apache/storm/executor/spout/SpoutExecutor.java,STORM-3320: Ensure executors start when worker connections are ready
STORM-3321,da12d89f555f33bf5c15ab49e0ce4859228b42a5,2019-01-21T14:05:56+01:00,NON_MERGE,1,false,true,9,storm-client/src/jvm/org/apache/storm/metric/cgroup/CGroupMetricsBase.java | storm-client/src/jvm/org/apache/storm/nimbus/ILeaderElector.java | storm-client/src/jvm/org/apache/storm/testing/FixedTupleSpout.java | storm-core/src/jvm/org/apache/storm/testing/MockLeaderElector.java | storm-server/src/main/java/org/apache/storm/LocalCluster.java | storm-server/src/main/java/org/apache/storm/daemon/nimbus/Nimbus.java | storm-server/src/main/java/org/apache/storm/daemon/supervisor/ReadClusterState.java | storm-server/src/main/java/org/apache/storm/daemon/supervisor/Supervisor.java | storm-server/src/main/java/org/apache/storm/zookeeper/LeaderElectorImp.java,"STORM-3321: Fix race in LocalCluster regarding Nimbus leadership, reduce poll timers for Nimbus and supervisor to speed up tests and avoid timeouts"
STORM-3327,d3c784c642e5e7483816f9a318f4d7436926c2a7,2019-01-31T19:08:58+01:00,NON_MERGE,1,false,true,7,storm-client/src/jvm/org/apache/storm/cluster/ClusterUtils.java | storm-client/src/jvm/org/apache/storm/utils/ConfigUtils.java | storm-client/src/jvm/org/apache/storm/utils/Utils.java | storm-webapp/src/main/java/org/apache/storm/daemon/logviewer/webapp/LogviewerResource.java | storm-webapp/src/main/java/org/apache/storm/daemon/ui/UIHelpers.java | storm-webapp/src/main/java/org/apache/storm/daemon/ui/resources/StormApiResource.java | storm-webapp/src/main/java/org/apache/storm/daemon/utils/UrlBuilder.java,STORM-3327: Use UTF-8 for URL encoding in storm-webapp
STORM-3348,d1bd66843b9c2089dcd8189c2bfbeab9c2990417,2019-03-01T19:02+05:30,NON_MERGE,1,false,true,1,storm-core/src/jvm/org/apache/storm/utils/TopologySpoutLag.java,STORM-3348 Incorrect message when group id is not provided as kafka spout config on storm ui
STORM-3354,27921e208a1373f4f3d8b1639693510e23cb593b,2019-03-07T12:36:03+01:00,NON_MERGE,1,false,true,10,storm-client/src/jvm/org/apache/storm/messaging/netty/StormServerHandler.java | storm-client/src/jvm/org/apache/storm/nimbus/ILeaderElector.java | storm-client/src/jvm/org/apache/storm/utils/Utils.java | storm-core/src/jvm/org/apache/storm/testing/MockLeaderElector.java | storm-server/src/main/java/org/apache/storm/blobstore/LocalFsBlobStore.java | storm-server/src/main/java/org/apache/storm/daemon/nimbus/Nimbus.java | storm-server/src/main/java/org/apache/storm/nimbus/LeaderListenerCallback.java | storm-server/src/main/java/org/apache/storm/zookeeper/LeaderElectorImp.java | storm-server/src/main/java/org/apache/storm/zookeeper/LeaderListenerCallbackFactory.java | storm-server/src/main/java/org/apache/storm/zookeeper/Zookeeper.java,"STORM-3354: Fix Nimbus not reentering leadership election in some cases, and quit leadership election cleanly when Nimbus shuts down"
STORM-3362,ec0a99a2fd747c0fe53f8dc7acb6c229e0e44d44,2019-03-26T10:19:21-04:00,NON_MERGE,1,false,true,2,external/storm-eventhubs/src/main/java/org/apache/storm/eventhubs/spout/EventHubReceiverImpl.java | external/storm-eventhubs/src/main/java/org/apache/storm/eventhubs/spout/EventHubSpoutConfig.java,STORM-3362 fixing 'EventHubSpout uses a blocking receiver in nextTuple()' issue
STORM-3371,52d2b3bf47dc9a42fb2880361f6323b41a9b2d7a,2019-04-04T19:47:38+02:00,NON_MERGE,1,false,true,3,storm-client/src/jvm/org/apache/storm/task/IMetricsContext.java | storm-client/src/jvm/org/apache/storm/task/TopologyContext.java | storm-client/src/jvm/org/apache/storm/trident/operation/TridentOperationContext.java,STORM-3371: Add metrics v2 hooks to IMetricsContext
STORM-3372,d1912ae98afe9f470a05e57835c41f056cebb311,2019-04-04T15:58:55+02:00,NON_MERGE,1,false,true,1,external/storm-hdfs/src/main/java/org/apache/storm/hdfs/bolt/AbstractHdfsBolt.java,"STORM-3372: Fix NPE when shutting down HdfsBolt, fix storm-hdfs tests not running"
STORM-3375,362b3b6a41c784eccc2f9362b403c45623a3ea51,2019-04-11T23:40:58-05:00,NON_MERGE,1,false,true,2,external/storm-hive/src/main/java/org/apache/storm/hive/bolt/mapper/DelimitedRecordHiveMapper.java | external/storm-hive/src/main/java/org/apache/storm/hive/bolt/mapper/JsonRecordHiveMapper.java,[STORM-3375] change Date.getTime() to System.currentTimeMillis()
STORM-3376,aaf1113360ce151d86948860c2f290befa79abb8,2019-04-12T20:25:42+02:00,NON_MERGE,1,false,true,19,storm-client/src/jvm/org/apache/storm/cluster/IStateStorage.java | storm-client/src/jvm/org/apache/storm/cluster/StormClusterStateImpl.java | storm-client/src/jvm/org/apache/storm/daemon/worker/Worker.java | storm-client/src/jvm/org/apache/storm/daemon/worker/WorkerState.java | storm-client/src/jvm/org/apache/storm/messaging/IConnection.java | storm-client/src/jvm/org/apache/storm/messaging/IContext.java | storm-client/src/jvm/org/apache/storm/messaging/local/Context.java | storm-client/src/jvm/org/apache/storm/messaging/netty/Client.java | storm-client/src/jvm/org/apache/storm/messaging/netty/Context.java | storm-client/src/jvm/org/apache/storm/messaging/netty/Server.java | storm-client/src/jvm/org/apache/storm/security/auth/ThriftServer.java | storm-client/src/jvm/org/apache/storm/security/auth/digest/DigestSaslTransportPlugin.java | storm-client/src/jvm/org/apache/storm/security/auth/kerberos/KerberosSaslTransportPlugin.java | storm-client/src/jvm/org/apache/storm/security/auth/sasl/SaslTransportPlugin.java | storm-client/src/jvm/org/apache/storm/security/auth/workertoken/WorkerTokenAuthorizer.java | storm-server/src/main/java/org/apache/storm/LocalCluster.java | storm-server/src/main/java/org/apache/storm/blobstore/LocalFsBlobStore.java | storm-server/src/main/java/org/apache/storm/daemon/supervisor/Slot.java | storm-server/src/main/java/org/apache/storm/localizer/AsyncLocalizer.java,"STORM-3376: Set Server callback before opening Netty socket, so we don't drop messages during startup"
STORM-3377,7eec29fc80b7c2e48137486bbeb65a18e35f648e,2019-04-15T09:21:21-05:00,NON_MERGE,1,false,true,4,storm-server/src/main/java/org/apache/storm/scheduler/Cluster.java | storm-server/src/main/java/org/apache/storm/scheduler/resource/RAS_Node.java | storm-server/src/main/java/org/apache/storm/scheduler/resource/normalization/NormalizedResourceOffer.java | storm-server/src/main/java/org/apache/storm/scheduler/resource/normalization/NormalizedResources.java,STORM-3377 fix scheduling bug with min worker cpu enabled
STORM-3379,c985695e0728eb3af171ca6d346c51cc4e0b083a,2019-04-13T20:33:29+02:00,NON_MERGE,1,false,true,12,storm-client/src/jvm/org/apache/storm/daemon/worker/Worker.java | storm-client/src/jvm/org/apache/storm/daemon/worker/WorkerState.java | storm-client/src/jvm/org/apache/storm/security/auth/workertoken/WorkerTokenAuthorizer.java | storm-client/src/jvm/org/apache/storm/utils/SupervisorClient.java | storm-client/src/jvm/org/apache/storm/utils/SupervisorIfaceFactory.java | storm-server/src/main/java/org/apache/storm/daemon/supervisor/Container.java | storm-server/src/main/java/org/apache/storm/daemon/supervisor/ContainerLauncher.java | storm-server/src/main/java/org/apache/storm/daemon/supervisor/LocalContainer.java | storm-server/src/main/java/org/apache/storm/daemon/supervisor/LocalContainerLauncher.java | storm-server/src/main/java/org/apache/storm/daemon/supervisor/ReadClusterState.java | storm-server/src/main/java/org/apache/storm/daemon/supervisor/Supervisor.java | storm-server/src/main/java/org/apache/storm/nimbus/AssignmentDistributionService.java,STORM-3379: Fix intermittent NPE during worker boot in local mode
STORM-3385,eacd235639da54810060fe61c5cd4904c2ebd3a9,2019-05-01T09:29:44-05:00,NON_MERGE,1,false,true,1,storm-client/src/jvm/org/apache/storm/daemon/supervisor/ClientSupervisorUtils.java,[STORM-3385] Avoid two threads reading from the same input stream of a process
STORM-3404,70d30620092a98a50b123cbe70a0b0b6aef7c07e,2023-10-24T02:14:55+08:00,NON_MERGE,1,false,true,2,external/storm-kafka-monitor/src/main/java/org/apache/storm/kafka/monitor/KafkaOffsetLagUtil.java | external/storm-kafka-monitor/src/main/java/org/apache/storm/kafka/monitor/NewKafkaSpoutOffsetQuery.java,[STORM-3404] KafkaOffsetLagUtil cant pull the offset correctly (#3377)
STORM-3408,fb76dd1c7dc39c4979f9cc921cf4a5930dfaa760,2019-06-25T18:39:43+01:00,NON_MERGE,1,false,true,2,storm-server/src/main/java/org/apache/storm/metricstore/rocksdb/RocksDbMetricsWriter.java | storm-server/src/main/java/org/apache/storm/metricstore/rocksdb/RocksDbStore.java,STORM-3408 - update rocks version (#3024)
STORM-3422,60a93add93bc4e1d63ad6d3356a81626ace00920,2019-07-08T19:06:32+02:00,NON_MERGE,1,false,true,1,storm-client/src/jvm/org/apache/storm/testing/TupleCaptureBolt.java,STORM-3422: Make the TupleCaptureBolt thread-safe
STORM-3436,3819e696a424d792e1a39eb955b5c4fb46d3b81a,2019-06-29T12:45:12+02:00,NON_MERGE,1,false,true,3,storm-client/src/jvm/org/apache/storm/executor/TupleInfo.java | storm-client/src/jvm/org/apache/storm/executor/spout/SpoutExecutor.java | storm-client/src/jvm/org/apache/storm/executor/spout/SpoutOutputCollectorImpl.java,"STORM-3436: Set TupleInfo root id, so we can log it when topology debug logging is enabled"
STORM-3470,f4bda6d6a41049d1e2dc6fdb617efb620cdf8b2e,2019-07-18T10:58:49-07:00,NON_MERGE,1,false,true,1,storm-client/src/jvm/org/apache/storm/security/auth/sasl/SimpleSaslServerCallbackHandler.java,STORM-3470: fix null dereference in SimpleSaslServer authentication
STORM-3481,ab1c8b0838e7006d2443f67dbde907244faf8e96,2019-08-06T11:02:40-05:00,NON_MERGE,1,false,true,2,storm-client/src/jvm/org/apache/storm/Config.java | storm-server/src/main/java/org/apache/storm/scheduler/resource/strategies/scheduling/ConstraintSolverStrategy.java,[STORM-3481] fix IllegalArgumentException for ConstraintSolverStrategy
STORM-3485,36356ff16e851ab43aac7c927e5a9dfe84b71309,2019-08-15T16:54:43+02:00,NON_MERGE,1,false,true,2,storm-buildtools/storm-maven-plugins/src/main/java/org/apache/storm/maven/plugin/versioninfo/VersionInfoMojo.java | storm-webapp/src/main/java/org/apache/storm/daemon/ui/UIHelpers.java,"STORM-3485: Fix version info mojo to not crash when sources are built outside the git repo, and run the plugin for storm-client"
STORM-3488,3b93ae96e2b574b8abd0e6e0ffc2ae03d20379cc,2019-07-31T13:47:45-05:00,NON_MERGE,1,false,true,1,storm-server/src/main/java/org/apache/storm/scheduler/Cluster.java,STORM-3488 Scheduling can cause RAS_Node resources to become negative
STORM-3488,a6a8b4b9c2d8d8aac76fb36fc332b500d064a9e4,2019-07-31T13:47:45-05:00,NON_MERGE,1,false,true,5,storm-server/src/main/java/org/apache/storm/daemon/nimbus/TopologyResources.java | storm-server/src/main/java/org/apache/storm/scheduler/Cluster.java | storm-server/src/main/java/org/apache/storm/scheduler/SchedulerAssignment.java | storm-server/src/main/java/org/apache/storm/scheduler/SchedulerAssignmentImpl.java | storm-server/src/main/java/org/apache/storm/scheduler/resource/RAS_Node.java,STORM-3488 Scheduling can cause RAS_Node resources to become negative
STORM-3491,26c5bfdf36b737a7ba5a4ac1cf700101b6293de3,2019-08-19T12:41-05:00,NON_MERGE,1,false,true,1,storm-client/src/jvm/org/apache/storm/task/ShellBolt.java,[STORM-3491] BoltReaderRunnable shouldn't throw IllegalArgumentException for sync command
STORM-3500,405c90ba16bb886ae9727b65682ad902c8f2fb0b,2019-08-27T22:28:50+02:00,NON_MERGE,1,false,true,2,storm-client/src/jvm/org/apache/storm/Config.java | storm-client/src/jvm/org/apache/storm/dependency/DependencyUploader.java,STORM-3500: Fix spelling error in property storm.blobstore.dependency.jar.upload.chuck.size.bytes
STORM-3500,c18e3e3b7aea86ec89d45e1a4c21282f58b3d09c,2019-08-27T22:28:50+02:00,NON_MERGE,1,false,true,2,storm-client/src/jvm/org/apache/storm/Config.java | storm-client/src/jvm/org/apache/storm/dependency/DependencyUploader.java,STORM-3500: Fix spelling error in property storm.blobstore.dependency.jar.upload.chuck.size.bytes
STORM-3501,71492f51789e6b7b0c842ae6a6bac48dc03f645a,2019-08-31T18:19:14+01:00,NON_MERGE,1,false,true,4,storm-client/src/jvm/org/apache/storm/daemon/supervisor/AdvancedFSOps.java | storm-client/src/jvm/org/apache/storm/daemon/supervisor/IAdvancedFSOps.java | storm-server/src/main/java/org/apache/storm/localizer/LocallyCachedTopologyBlob.java | storm-server/src/main/java/org/apache/storm/utils/ServerUtils.java,[STORM-3501] local cluster worker restarts because of missing resources folder (#3120)
STORM-3501,9c47a02e52173b55c0184f3d9ecfa4b7d2a79984,2019-08-31T18:19:14+01:00,NON_MERGE,1,false,true,4,storm-client/src/jvm/org/apache/storm/daemon/supervisor/AdvancedFSOps.java | storm-client/src/jvm/org/apache/storm/daemon/supervisor/IAdvancedFSOps.java | storm-server/src/main/java/org/apache/storm/localizer/LocallyCachedTopologyBlob.java | storm-server/src/main/java/org/apache/storm/utils/ServerUtils.java,[STORM-3501] local cluster worker restarts because of missing resources folder (#3120)
STORM-3510,c78f1aaa8fcd17eb5c8f45f5dbb90e30f99e19bb,2019-10-01T15:38:28+01:00,NON_MERGE,1,false,true,2,storm-client/src/jvm/org/apache/storm/daemon/worker/BackPressureTracker.java | storm-client/src/jvm/org/apache/storm/daemon/worker/WorkerState.java,STORM-3510: Track overflow count per taskId for resending backpressur… (#3131)
STORM-3511,f26ad0c8c65fd66933378f7b0719f51a2d056aff,2019-12-09T14:16:15Z,NON_MERGE,1,false,true,2,storm-client/src/jvm/org/apache/storm/security/auth/SimpleTransportPlugin.java | storm-client/src/jvm/org/apache/storm/security/auth/sasl/SaslTransportPlugin.java,STORM-3511 Upgrade Thrift to 0.13.0
STORM-3511,9a774f9ea60930ea44a8295d0d60616b6602fe00,2019-12-09T14:27:50Z,NON_MERGE,1,false,true,2,storm-client/src/jvm/org/apache/storm/security/auth/SimpleTransportPlugin.java | storm-client/src/jvm/org/apache/storm/security/auth/sasl/SaslTransportPlugin.java,STORM-3511 Upgrade Thrift to 0.13.0
STORM-3512,86e5b2c514b0f03fe566d95c1c0f695242d1027f,2020-01-24T14:38:13+03:00,NON_MERGE,1,false,true,1,storm-server/src/main/java/org/apache/storm/metricstore/NoOpMetricStore.java,STORM-3512 Empty implementation for the MetricStore.  (#3152)
STORM-3516,8de8c6aac2b482fa7c630d09f2749c89bda82787,2019-10-03T19:51:49-05:00,NON_MERGE,1,false,true,2,storm-server/src/main/java/org/apache/storm/daemon/nimbus/Nimbus.java | storm-server/src/main/java/org/apache/storm/daemon/nimbus/TopologyActions.java,STORM-3516 Kill or Rebalance Topology not processed on Nimbus restart (#3133)
STORM-3516,a0b2e6260bb6bdbeeb1dbaaced418c972f627187,2019-10-03T19:51:49-05:00,NON_MERGE,1,false,true,2,storm-server/src/main/java/org/apache/storm/daemon/nimbus/Nimbus.java | storm-server/src/main/java/org/apache/storm/daemon/nimbus/TopologyActions.java,STORM-3516 Kill or Rebalance Topology not processed on Nimbus restart (#3133)
STORM-3519,dd502708c71ac62f10a50616fa2d217d464efcca,2019-10-15T18:57:03-04:00,NON_MERGE,1,false,true,1,storm-server/src/main/java/org/apache/storm/scheduler/resource/strategies/scheduling/ConstraintSolverStrategy.java,[STORM-3519] Change ConstraintSolverStrategy::backtrackSearch to iteration (#3136)
STORM-3523,6ff56893479266f3a5656bdf26c07d40a4e1ae98,2019-10-14T09:57:48-05:00,NON_MERGE,1,false,true,1,storm-server/src/main/java/org/apache/storm/localizer/AsyncLocalizer.java,STORM-3523 prevent supervisor restart freeing slot on FNF exception
STORM-3523,ebd52b37c7448d381d31451e46e8f19c6e51352d,2019-10-31T13:04:32-05:00,NON_MERGE,1,false,true,1,storm-server/src/main/java/org/apache/storm/localizer/AsyncLocalizer.java,STORM-3523 revert handling of FNF.  Prevent AsyncLocalizer deadlock. (#3153)
STORM-3524,6dbb5b597ca1afa91edfaefaea74c01f1caa654b,2019-10-17T13:47:46-05:00,NON_MERGE,1,false,true,1,storm-server/src/main/java/org/apache/storm/localizer/LocalizedResource.java,STORM-3524 create complete blobstore path in case parent directory ge… (#3144)
STORM-3524,a5a03f3c9d2fa3bb79eb1a52216da66a2061ef38,2019-10-17T13:47:46-05:00,NON_MERGE,1,false,true,1,storm-server/src/main/java/org/apache/storm/localizer/LocalizedResource.java,STORM-3524 create complete blobstore path in case parent directory ge… (#3144)
STORM-3527,1bfb2e03e51a950ffedda1f2d1a6620ab4437d0b,2019-10-22T15:50:10-05:00,NON_MERGE,1,false,true,1,storm-server/src/main/java/org/apache/storm/daemon/supervisor/Container.java,[STORM-3527] getWorkerUser() should never return empty username
STORM-3540,49c0948b3696f5b9a7b04f33656fc0e1032e2c61,2019-11-07T15:23-06:00,NON_MERGE,1,false,true,2,storm-client/src/jvm/org/apache/storm/pacemaker/PacemakerClientHandler.java | storm-client/src/jvm/org/apache/storm/pacemaker/codec/ThriftNettyClientCodec.java,STORM-3540 fix Pacemaker connection issues
STORM-3549,6338cc9394523ea490128484deda72b51a09ddcb,2019-11-05T08:54:15-06:00,NON_MERGE,1,false,true,16,storm-client/src/jvm/org/apache/storm/messaging/netty/KerberosSaslNettyClient.java | storm-client/src/jvm/org/apache/storm/messaging/netty/KerberosSaslNettyServer.java | storm-client/src/jvm/org/apache/storm/messaging/netty/Login.java | storm-client/src/jvm/org/apache/storm/pacemaker/PacemakerClient.java | storm-client/src/jvm/org/apache/storm/security/auth/ClientAuthUtils.java | storm-client/src/jvm/org/apache/storm/security/auth/ITransportPlugin.java | storm-client/src/jvm/org/apache/storm/security/auth/SimpleTransportPlugin.java | storm-client/src/jvm/org/apache/storm/security/auth/ThriftClient.java | storm-client/src/jvm/org/apache/storm/security/auth/ThriftServer.java | storm-client/src/jvm/org/apache/storm/security/auth/digest/DigestSaslTransportPlugin.java | storm-client/src/jvm/org/apache/storm/security/auth/digest/JassPasswordProvider.java | storm-client/src/jvm/org/apache/storm/security/auth/kerberos/AutoTGT.java | storm-client/src/jvm/org/apache/storm/security/auth/kerberos/ClientCallbackHandler.java | storm-client/src/jvm/org/apache/storm/security/auth/kerberos/KerberosSaslTransportPlugin.java | storm-client/src/jvm/org/apache/storm/security/auth/kerberos/ServerCallbackHandler.java | storm-client/src/jvm/org/apache/storm/security/auth/sasl/SaslTransportPlugin.java,STORM-3549 allow use of custom jaas conf files and prevent setting of Configuration on login
STORM-3549,f6ebace63e4faa6d7320dedb7cee13f190a9a1da,2019-11-05T09:50:46-06:00,NON_MERGE,1,false,true,1,storm-server/src/main/java/org/apache/storm/pacemaker/PacemakerServer.java,STORM-3549 update server changes
STORM-3551,68a74d04e809c4fff106d2e733c9a8c45322f8cb,2019-12-06T16:42:20-05:00,NON_MERGE,1,false,true,1,storm-server/src/main/java/org/apache/storm/daemon/supervisor/Slot.java,[STORM-3551] Add Custom WorkerResource Equality method to Slot
STORM-3552,b77dffbf8abaf939939994e766257651adf47ffc,2019-12-10T09:29:53Z,NON_MERGE,1,false,true,1,storm-core/src/jvm/org/apache/storm/command/SetLogLevel.java,STORM-3552 Fix update log level from command line
STORM-3552,cf51921ae61c71eb48dc19165f384fb9429bfa7d,2019-12-10T12:00:40Z,NON_MERGE,1,false,true,1,storm-core/src/jvm/org/apache/storm/command/SetLogLevel.java,STORM-3552 Fix update log level from command line
STORM-3553,ca12277b6c94eaf492d8964bbee78485a980e41c,2020-07-11T06:15:23+09:00,NON_MERGE,1,false,true,12,storm-webapp/src/main/java/org/apache/storm/daemon/ui/WEB-INF/component.html | storm-webapp/src/main/java/org/apache/storm/daemon/ui/WEB-INF/deep_search_result.html | storm-webapp/src/main/java/org/apache/storm/daemon/ui/WEB-INF/flux.html | storm-webapp/src/main/java/org/apache/storm/daemon/ui/WEB-INF/index.html | storm-webapp/src/main/java/org/apache/storm/daemon/ui/WEB-INF/js/jquery-1.11.1.min.js | storm-webapp/src/main/java/org/apache/storm/daemon/ui/WEB-INF/js/jquery-3.5.1.min.js | storm-webapp/src/main/java/org/apache/storm/daemon/ui/WEB-INF/logviewer_search.html | storm-webapp/src/main/java/org/apache/storm/daemon/ui/WEB-INF/owner.html | storm-webapp/src/main/java/org/apache/storm/daemon/ui/WEB-INF/search_result.html | storm-webapp/src/main/java/org/apache/storm/daemon/ui/WEB-INF/supervisor.html | storm-webapp/src/main/java/org/apache/storm/daemon/ui/WEB-INF/topology.html | storm-webapp/src/main/java/org/apache/storm/daemon/ui/WEB-INF/visualize.html,[STORM-3553] Upgrade jQuery from 1.11.1 to 3.5.1 (#3305)
STORM-3553,e7731a547ae113d2fbc0fda6a9f02fc3d78de5fb,2020-07-11T06:15:23+09:00,NON_MERGE,1,false,true,12,storm-webapp/src/main/java/org/apache/storm/daemon/ui/WEB-INF/component.html | storm-webapp/src/main/java/org/apache/storm/daemon/ui/WEB-INF/deep_search_result.html | storm-webapp/src/main/java/org/apache/storm/daemon/ui/WEB-INF/flux.html | storm-webapp/src/main/java/org/apache/storm/daemon/ui/WEB-INF/index.html | storm-webapp/src/main/java/org/apache/storm/daemon/ui/WEB-INF/js/jquery-1.11.1.min.js | storm-webapp/src/main/java/org/apache/storm/daemon/ui/WEB-INF/js/jquery-3.5.1.min.js | storm-webapp/src/main/java/org/apache/storm/daemon/ui/WEB-INF/logviewer_search.html | storm-webapp/src/main/java/org/apache/storm/daemon/ui/WEB-INF/owner.html | storm-webapp/src/main/java/org/apache/storm/daemon/ui/WEB-INF/search_result.html | storm-webapp/src/main/java/org/apache/storm/daemon/ui/WEB-INF/supervisor.html | storm-webapp/src/main/java/org/apache/storm/daemon/ui/WEB-INF/topology.html | storm-webapp/src/main/java/org/apache/storm/daemon/ui/WEB-INF/visualize.html,[STORM-3553] Upgrade jQuery from 1.11.1 to 3.5.1 (#3305)
STORM-3567,15e0d4a9cd8d93a0ef6e57796ac110cd69847eff,2020-01-16T14:35:17-06:00,NON_MERGE,1,false,true,1,storm-server/src/main/java/org/apache/storm/daemon/nimbus/Nimbus.java,[STORM-3567] fix UI showing wrong resource info when topo is not scheduled
STORM-3567,bc47a748948e0588cfbce2e9d5f20a3b682a27eb,2020-01-16T14:35:17-06:00,NON_MERGE,1,false,true,3,storm-server/src/main/java/org/apache/storm/daemon/nimbus/Nimbus.java | storm-webapp/src/main/java/org/apache/storm/daemon/ui/UIHelpers.java | storm-webapp/src/main/java/org/apache/storm/daemon/ui/WEB-INF/templates/topology-page-template.html,[STORM-3567] fix UI showing wrong resource info when topo is not scheduled
STORM-3568,4b8e0ab4ab3eeea6e7ded010c75daf47b19fb597,2020-01-17T15:34:10-06:00,NON_MERGE,1,false,true,1,storm-webapp/src/main/java/org/apache/storm/daemon/ui/WEB-INF/topology.html,[STORM-3568] prevent user from changing log level with empty logger name from topo UI
STORM-3568,bd4ba786ebd5964f4624abfde894e10297fb711a,2020-01-17T15:34:10-06:00,NON_MERGE,1,false,true,1,storm-webapp/src/main/java/org/apache/storm/daemon/ui/WEB-INF/topology.html,[STORM-3568] prevent user from changing log level with empty logger name from topo UI
STORM-3572,5b89af3d4430483ef40f9fec7cdf960e3647059e,2020-01-31T16:31:13-06:00,NON_MERGE,1,false,true,2,storm-server/src/main/java/org/apache/storm/stats/StatsUtil.java | storm-webapp/src/main/java/org/apache/storm/daemon/ui/resources/StormApiResource.java,STORM-3572 prevent NPEs when doing visualization with restarting executors
STORM-3577,1b2ff398b5b45d63ed85f1aaba5e8e5d00cabcc3,2020-02-10T21:28:44-06:00,FIRST_PARENT_MERGE,2,true,true,2,storm-client/src/jvm/org/apache/storm/security/auth/ClientAuthUtils.java | storm-client/src/jvm/org/apache/storm/security/auth/kerberos/AutoTGT.java,Merge pull request #3206 from Ethanlm/STORM-3577
STORM-3580,5306fe83e42e50bed668050cb82aed30391f32ef,2020-02-12T16:38:44-06:00,NON_MERGE,1,false,true,1,storm-core/src/jvm/org/apache/storm/command/Rebalance.java,[STORM-3580] Processs -c option to storm.py for Rebalance (#3207)
STORM-3580,f3e7662cd31443b5231e9f88408ef9c4c5305144,2020-02-12T16:38:44-06:00,NON_MERGE,1,false,true,1,storm-core/src/jvm/org/apache/storm/command/Rebalance.java,[STORM-3580] Processs -c option to storm.py for Rebalance (#3207)
STORM-3583,ec217df0efa11de58fffb01a907fc9c42f255958,2020-03-23T11:29:35-05:00,NON_MERGE,1,false,true,1,storm-server/src/main/java/org/apache/storm/localizer/AsyncLocalizer.java,[STORM-3583] Handle exceptions when AsyncLocalizer tries to get local resources (#3226)
STORM-3598,03af7876f50cfb824e5925f64a40910dd81e485d,2020-03-11T11:38:14-05:00,NON_MERGE,1,false,true,1,storm-server/src/main/java/org/apache/storm/stats/StatsUtil.java,[STORM-3598] Fix UI visualization NullPointException
STORM-3598,99a1b96368c080f1dc06c6d1b996f6bfa5aabc2b,2020-03-11T11:38:14-05:00,NON_MERGE,1,false,true,1,storm-server/src/main/java/org/apache/storm/stats/StatsUtil.java,[STORM-3598] Fix UI visualization NullPointException
STORM-3602,de646bf5bc110edb60f3456b49c01264a439b382,2020-03-19T08:57:27-05:00,NON_MERGE,1,false,true,1,storm-client/src/jvm/org/apache/storm/grouping/LoadAwareShuffleGrouping.java,STORM-3602 fix switching on low water mark for loadaware shuffle (#3227)
STORM-3602,fb78f00849474392269137b190390a210826259f,2020-03-19T08:57:27-05:00,NON_MERGE,1,false,true,1,storm-client/src/jvm/org/apache/storm/grouping/LoadAwareShuffleGrouping.java,STORM-3602 fix switching on low water mark for loadaware shuffle (#3227)
STORM-3606,257ae2fc52a1b097e62cacdae9a0347d1c7db139,2020-04-01T16:55:31-05:00,NON_MERGE,1,false,true,1,storm-client/src/jvm/org/apache/storm/security/auth/kerberos/AutoTGT.java,STORM-3606 prevent Hadoop renewal thread from running (NPEs and restarts worker)
STORM-3606,fba1a5f9ead55a0e82e7c19fc10bb3bb8af5cb42,2020-04-01T16:55:31-05:00,NON_MERGE,1,false,true,1,storm-client/src/jvm/org/apache/storm/security/auth/kerberos/AutoTGT.java,STORM-3606 prevent Hadoop renewal thread from running (NPEs and restarts worker)
STORM-3609,04b753ef512f1d5915926a09ed12d8ed006fbd1f,2020-03-26T16:19:08-05:00,NON_MERGE,1,false,true,2,storm-client/src/jvm/org/apache/storm/executor/bolt/BoltExecutor.java | storm-client/src/jvm/org/apache/storm/executor/spout/SpoutExecutor.java,[STORM-3609] fix ClassCastException when credentials are updated for ICredentialsListener spout/bolt instances
STORM-3609,8276d6ebbccac1bd1ec5fe1ea99536211b8a5f77,2020-03-26T16:19:08-05:00,NON_MERGE,1,false,true,2,storm-client/src/jvm/org/apache/storm/executor/bolt/BoltExecutor.java | storm-client/src/jvm/org/apache/storm/executor/spout/SpoutExecutor.java,[STORM-3609] fix ClassCastException when credentials are updated for ICredentialsListener spout/bolt instances
STORM-3620,200803d34166d8444e5ea7ae7c64556c3c6e6169,2020-06-05T13:26:17-05:00,NON_MERGE,1,false,true,2,storm-client/src/jvm/org/apache/storm/daemon/worker/WorkerTransfer.java | storm-client/src/jvm/org/apache/storm/executor/ExecutorTransfer.java,[STORM-3620] fix data corruption in the case of multi-threaded bolts caused by non thread-safe serializers (#3280)
STORM-3620,fcfc32dfd537d9d99586c97459b4d465a0355b46,2020-06-05T13:26:17-05:00,NON_MERGE,1,false,true,2,storm-client/src/jvm/org/apache/storm/daemon/worker/WorkerTransfer.java | storm-client/src/jvm/org/apache/storm/executor/ExecutorTransfer.java,[STORM-3620] fix data corruption in the case of multi-threaded bolts caused by non thread-safe serializers (#3280)
STORM-3622,1b325e6110414d9b425b4c74fd72e1e40bb98c9c,2020-04-14T16:35:37-05:00,NON_MERGE,1,false,true,1,storm-client/src/jvm/org/apache/storm/metric/SystemBolt.java,[STORM-3622] use ThreadStatesGaugeSet instead of CachedThreadStatesGaugeSet to avoid race condition in CachedGauge
STORM-3623,6976624228386c25e9ac6dd2b8ef87a9deeb1ad9,2020-04-17T09:53:05-05:00,NON_MERGE,1,false,true,5,storm-client/src/jvm/org/apache/storm/executor/Executor.java | storm-client/src/jvm/org/apache/storm/metrics2/StormMetricRegistry.java | storm-client/src/jvm/org/apache/storm/task/IMetricsContext.java | storm-client/src/jvm/org/apache/storm/task/TopologyContext.java | storm-client/src/jvm/org/apache/storm/trident/operation/TridentOperationContext.java,STORM-3623 executors should only report their metrics for V2 metric tick
STORM-3624,af5021aa1911a89c8cee65b91f50fa8d00263d08,2020-06-15T10:07:51-05:00,NON_MERGE,1,false,true,8,storm-server/src/main/java/org/apache/storm/DaemonConfig.java | storm-server/src/main/java/org/apache/storm/scheduler/DefaultScheduler.java | storm-server/src/main/java/org/apache/storm/scheduler/EvenScheduler.java | storm-server/src/main/java/org/apache/storm/scheduler/IsolationScheduler.java | storm-server/src/main/java/org/apache/storm/scheduler/multitenant/MultitenantScheduler.java | storm-server/src/main/java/org/apache/storm/scheduler/resource/ResourceAwareScheduler.java | storm-server/src/main/java/org/apache/storm/scheduler/utils/ArtifactoryConfigLoader.java | storm-server/src/main/java/org/apache/storm/scheduler/utils/SchedulerConfigCache.java,[STORM-3624] Fix race condition when loading scheduler configs (#3249)
STORM-3629,c78611630233dfef5a14835be93e525b672a50da,2020-04-29T17:43-05:00,NON_MERGE,1,false,true,2,storm-webapp/src/main/java/org/apache/storm/daemon/logviewer/handler/LogviewerLogPageHandler.java | storm-webapp/src/main/java/org/apache/storm/daemon/logviewer/utils/ResourceAuthorizer.java,[STORM-3629] Logviewer should always allow admins to access logs
STORM-3629,cbf07d94df68c5b2b63d5964ac2d85ecdd41a25e,2020-04-29T17:43-05:00,NON_MERGE,1,false,true,2,storm-webapp/src/main/java/org/apache/storm/daemon/logviewer/handler/LogviewerLogPageHandler.java | storm-webapp/src/main/java/org/apache/storm/daemon/logviewer/utils/ResourceAuthorizer.java,[STORM-3629] Logviewer should always allow admins to access logs
STORM-3631,0553e9a605d46addc8e01f021ad651296d2e4e8d,2020-05-01T11:17-05:00,NON_MERGE,1,false,true,8,storm-client/src/jvm/org/apache/storm/Config.java | storm-client/src/jvm/org/apache/storm/security/auth/authorizer/SimpleACLAuthorizer.java | storm-client/src/jvm/org/apache/storm/security/auth/authorizer/SupervisorSimpleACLAuthorizer.java | storm-client/src/jvm/org/apache/storm/utils/ObjectReader.java | storm-server/src/main/java/org/apache/storm/DaemonConfig.java | storm-server/src/main/java/org/apache/storm/daemon/nimbus/Nimbus.java | storm-server/src/main/java/org/apache/storm/daemon/supervisor/Container.java | storm-server/src/main/java/org/apache/storm/utils/ServerConfigUtils.java,[STORM-3631] Fix possible ClassCastException and NullPointerException caused by configs like logs.users/groups
STORM-3649,0ceecaf3d08bee8e166ef47d2471688e17217e6a,2020-06-08T15:48:14-05:00,NON_MERGE,1,false,true,1,storm-server/src/main/java/org/apache/storm/daemon/supervisor/BasicContainer.java,[STORM-3649] fix logic error regarding storm.supervisor.medium.memory.grace.period.ms
STORM-3652,bb199d574eae337d0512670dcc4957f3c7ef4922,2020-08-20T10:07:07+09:00,NON_MERGE,1,false,true,2,storm-server/src/main/java/org/apache/storm/stats/StatsUtil.java | storm-webapp/src/main/java/org/apache/storm/daemon/ui/UIHelpers.java,[STORM-3652] Last error not displayed in Topology summary storm ui (#3312)
STORM-3655,07362f566132ff9392f2d320ed6aa4e78509258d,2020-06-23T07:36:52-04:00,NON_MERGE,1,false,true,1,storm-client/src/jvm/org/apache/storm/daemon/worker/WorkerState.java,STORM-3655: Worker should die if its assignment has changed
STORM-3658,259567551048c4e131d990e9983dc86d0aa03388,2020-07-02T09:07:02-05:00,NON_MERGE,1,false,true,3,storm-client/src/jvm/org/apache/storm/daemon/worker/Worker.java | storm-client/src/jvm/org/apache/storm/executor/ExecutorShutdown.java | storm-client/src/jvm/org/apache/storm/utils/Utils.java,[STORM-3658] Avoid deadlock and race condition caused by shutdown hooks (#3299)
STORM-3666,e794990f278fa01284daca94f0c1c577f056d513,2020-09-17T08:54:10-05:00,NON_MERGE,1,false,true,1,storm-server/src/main/java/org/apache/storm/daemon/nimbus/Nimbus.java,[STORM-3666] Validate component name in rebalance command (#3302)
STORM-3677,8f0c26266d13094343c8a790a9ea7de8b1e7933f,2020-07-21T12:38:05-04:00,NON_MERGE,1,false,true,1,storm-client/src/jvm/org/apache/storm/daemon/worker/WorkerState.java,STORM-3677: Fix suicide function if assignment is null (#3311)
STORM-3679,02c349dd6d6cbfec6bad7eb54c9c25c6d6956cd1,2020-07-28T09:02:38-05:00,NON_MERGE,1,false,true,3,storm-client/src/jvm/org/apache/storm/daemon/worker/WorkerState.java | storm-client/src/jvm/org/apache/storm/grouping/LoadAwareShuffleGrouping.java | storm-client/src/jvm/org/apache/storm/task/WorkerTopologyContext.java,[STORM-3679] Fix the misuse of nodeId as hostname in LoadAwareShuffleGrouping (#3313)
STORM-3684,e82b9a707db38a814dbd2d8f85eeaac0fda0b75b,2020-08-07T12:59:04-05:00,NON_MERGE,1,false,true,1,storm-client/src/jvm/org/apache/storm/daemon/worker/WorkerState.java,[STORM-3684] use real compId instead of constant _system for receive-queue V2 metrics (#3320)
STORM-3690,1ab888a2aed84537f6300c20a43387a56fa92f4a,2020-08-26T09:54:46-05:00,NON_MERGE,1,false,true,1,storm-server/src/main/java/org/apache/storm/scheduler/resource/normalization/NormalizedResourceRequest.java,[STORM-3690] fix Ui index page null pointer error (#3325)
STORM-3693,6808fbc43f486ccae35279872f71fbcfc749a8ac,2025-01-12T13:51:58Z,NON_MERGE,1,false,true,1,storm-client/src/jvm/org/apache/storm/executor/Executor.java,Porting changes from STORM-3693 (#3828)
STORM-3693,884c4cda1818d47730d99fa0e840028174cde422,2025-01-19T12:34:37Z,NON_MERGE,1,false,true,2,storm-client/src/jvm/org/apache/storm/executor/Executor.java | storm-client/src/jvm/org/apache/storm/executor/spout/SpoutExecutor.java,StormExecutor: adding an unit test to changes introduced in STORM-3693  (#3834)
STORM-3693,48de7483cfa9dd79bebdb51d1f678a09a0edaa4d,2025-02-17T19:19:51Z,NON_MERGE,1,false,false,1,storm-client/src/jvm/org/apache/storm/hooks/IWorkerHook.java,#7947 - IWorkerHook: remove erroneous recursive call
STORM-3695,e83fafcb884f4c630dbbe4a8656a4f93a41abe5b,2020-09-08T08:59:43-05:00,NON_MERGE,1,false,true,1,storm-client/src/jvm/org/apache/storm/executor/Executor.java,STORM-3695 add timer rates to V2 metrics tick (#3330)
STORM-3696,feb103e267f591920918473e0360d578e2c34c9e,2020-09-08T14:14:10-05:00,NON_MERGE,1,false,true,1,storm-client/src/jvm/org/apache/storm/daemon/supervisor/ClientSupervisorUtils.java,STORM-3696 don't ignore InterruptedException
STORM-3701,19e23ae4a44fcf8e74473a48d408a712cde45d64,2020-09-21T13:38:54-05:00,NON_MERGE,1,false,true,1,storm-server/src/main/java/org/apache/storm/localizer/AsyncLocalizer.java,[STORM-3701] clean-up topo directory with the check against latest topo blob cache (#3336)
STORM-3704,91927f653cd1e078e403be5cf38500f8ea6c841a,2021-03-17T14:39:02-04:00,NON_MERGE,1,false,true,1,storm-webapp/src/main/java/org/apache/storm/daemon/ui/WEB-INF/templates/topology-page-template.html,"[STORM-3704] Cosmetic: fix table header alignment in ""Topology summary"" table. (#3339)"
STORM-3704,ab7e003ca0e811f95b092561870d69b0591d6d46,2021-03-17T14:39:02-04:00,NON_MERGE,1,false,true,1,storm-webapp/src/main/java/org/apache/storm/daemon/ui/WEB-INF/templates/topology-page-template.html,"[STORM-3704] Cosmetic: fix table header alignment in ""Topology summary"" table. (#3339)"
STORM-3713,922ccfb5b790249120446d2813e5bc93343159c0,2020-11-17T00:32:38-06:00,NON_MERGE,1,false,true,4,storm-server/src/main/java/org/apache/storm/daemon/nimbus/Nimbus.java | storm-server/src/main/java/org/apache/storm/nimbus/LeaderListenerCallback.java | storm-server/src/main/java/org/apache/storm/zookeeper/LeaderListenerCallbackFactory.java | storm-server/src/main/java/org/apache/storm/zookeeper/Zookeeper.java,[STORM-3713] fix race-condition by applying submitLock to leaderCallBack
STORM-3720,eba778189cac5be896fe8fb724b1852882bb851f,2020-12-10T09:15:53-06:00,NON_MERGE,1,false,true,2,external/storm-hdfs-blobstore/src/main/java/org/apache/storm/hdfs/blobstore/HdfsBlobStoreFile.java | storm-server/src/main/java/org/apache/storm/blobstore/LocalFsBlobStoreFile.java,STORM-3720 get correct results for BlobStoreFile getModTime() (#3357)
STORM-3723,9a9596685348e310078fb6b0970a629703465454,2020-12-16T20:42:36-06:00,NON_MERGE,1,false,true,1,storm-server/src/main/java/org/apache/storm/utils/ServerUtils.java,[STORM-3723] Fix isAnyPosixProcessPidDirAlive for PID reassignment (#3362)
STORM-3725,d0027d97323375120f8c17540f698a3f66489aa7,2020-12-22T09:25:25-06:00,NON_MERGE,1,false,true,1,storm-client/src/jvm/org/apache/storm/drpc/DRPCSpout.java,[STORM-3725] make DRPCSpout support real async connections (#3364)
STORM-3727,ba7f969a3a046c5a312a394026d5d9dd755e04a0,2021-01-05T11:32:40-06:00,NON_MERGE,1,false,true,1,storm-server/src/main/java/org/apache/storm/daemon/supervisor/SupervisorUtils.java,STORM-3727 handle long values for SUPERVISOR_SLOTS_PORTS (#3365)
STORM-3728,ab6b6f69a10bf57c1b46a6519d57ca423d99558c,2020-12-23T09:08:51-06:00,NON_MERGE,1,false,true,1,storm-client/src/jvm/org/apache/storm/daemon/worker/Worker.java,[STORM-3728] Fix Worker LoginException issue with pacemaker when pacemaker.auth.method is KERBEROS (#3367)
STORM-3729,f451be2ef81c0821f65a1a4d671b90c221ef99db,2021-01-05T23:28:19+08:00,NON_MERGE,1,false,true,1,storm-client/src/jvm/org/apache/storm/utils/Utils.java,[STORM-3729] fix assgin memory error over 2g (#3368)
STORM-3733,c9d33bc82cfbb741542d00131ebf8a4790f4df15,2021-01-12T10:00:44-06:00,NON_MERGE,1,false,true,5,storm-server/src/main/java/org/apache/storm/daemon/supervisor/Slot.java | storm-server/src/main/java/org/apache/storm/localizer/AsyncLocalizer.java | storm-server/src/main/java/org/apache/storm/localizer/LocallyCachedBlob.java | storm-server/src/main/java/org/apache/storm/localizer/PortAndAssignment.java | storm-server/src/main/java/org/apache/storm/utils/EquivalenceUtils.java,STORM-3733 fix AsyncLocalizer from updating dead topology blobs (#3370)
STORM-3735,b23e69170f94f8f1265172bd0609c4f3471cf490,2021-01-19T09:47:47-06:00,NON_MERGE,1,false,true,1,storm-client/src/jvm/org/apache/storm/serialization/SerializationFactory.java,[STORM-3735] Register NodeInfo class to Kyro (#3372)
STORM-3740,dcaf4fbded8c22a5e6a5ba2cf1f04b08945f9e7c,2021-02-05T10:12:03-06:00,NON_MERGE,1,false,true,2,storm-server/src/main/java/org/apache/storm/daemon/supervisor/Slot.java | storm-server/src/main/java/org/apache/storm/localizer/AsyncLocalizer.java,STORM-3740 cancel downloading blobs when releasing worker slot (#3374)
STORM-3748,5f9fabc22e0741e62aa0c96c150709ccae74b9e8,2021-03-05T10:14:51-06:00,NON_MERGE,1,false,true,1,storm-client/src/jvm/org/apache/storm/metrics2/StormMetricRegistry.java,STORM-3748 use ConcurrentHashMap for taskId metrics (#3383)
STORM-3763,4a1eea700766da2f175ac7eaba6064f0d7f0ff03,2021-04-01T11:19:52-05:00,NON_MERGE,1,false,true,2,storm-client/src/jvm/org/apache/storm/messaging/IContext.java | storm-client/src/jvm/org/apache/storm/messaging/netty/Server.java,[STORM-3763] send initial message to remote client only after authentication completes (#3390)
STORM-3763,7543a13e021570b6b4d7e583e00823c0b3106a3b,2021-04-01T11:19:52-05:00,NON_MERGE,1,false,true,2,storm-client/src/jvm/org/apache/storm/messaging/IContext.java | storm-client/src/jvm/org/apache/storm/messaging/netty/Server.java,[STORM-3763] send initial message to remote client only after authentication completes (#3390)
STORM-3765,d5244b8cb06a0f840ad1bf5d3faf74948702fdb9,2021-05-03T13:17:07-05:00,NON_MERGE,1,false,true,1,storm-client/src/jvm/org/apache/storm/security/auth/authorizer/DRPCSimpleACLAuthorizer.java,[STORM-3765] fix NPE when drpc.authorizer.acl has no values (#3392)
STORM-3767,33e3934de1cf35c32ec87d6a7b79ea3cf32be2f2,2021-09-15T23:52:32-05:00,NON_MERGE,1,false,true,4,storm-client/src/jvm/org/apache/storm/Config.java | storm-client/src/jvm/org/apache/storm/messaging/netty/MessageDecoder.java | storm-client/src/jvm/org/apache/storm/utils/ShellUtils.java | storm-server/src/main/java/org/apache/storm/daemon/nimbus/Nimbus.java,[STORM-3767] fix NPE in getComponentPendingProfileActions
STORM-3767,3b6ae55c34aae443aee0a500df501518ae8ffbb1,2021-09-15T23:52:32-05:00,NON_MERGE,1,false,true,4,storm-client/src/jvm/org/apache/storm/Config.java | storm-client/src/jvm/org/apache/storm/messaging/netty/MessageDecoder.java | storm-client/src/jvm/org/apache/storm/utils/ShellUtils.java | storm-server/src/main/java/org/apache/storm/daemon/nimbus/Nimbus.java,[STORM-3767] fix NPE in getComponentPendingProfileActions
STORM-3767,aa67da56da0e21506624ea9ad12b35b630d28dc8,2021-09-15T23:52:32-05:00,NON_MERGE,1,false,true,4,storm-client/src/jvm/org/apache/storm/Config.java | storm-client/src/jvm/org/apache/storm/messaging/netty/MessageDecoder.java | storm-client/src/jvm/org/apache/storm/utils/ShellUtils.java | storm-server/src/main/java/org/apache/storm/daemon/nimbus/Nimbus.java,[STORM-3767] fix NPE in getComponentPendingProfileActions
STORM-3767,46a8ece28ee27f3313e94afcf6582b63105eefac,2021-09-20T20:23:10-05:00,NON_MERGE,1,false,true,1,storm-client/src/jvm/org/apache/storm/security/auth/ShellBasedGroupsMapping.java,[STORM-3767] Follow up: fix NullPointerException in getUnixGroups
STORM-3767,58320c6888055b0f45c8069e304d35b563b5dfc4,2021-09-20T20:23:10-05:00,NON_MERGE,1,false,true,1,storm-client/src/jvm/org/apache/storm/security/auth/ShellBasedGroupsMapping.java,[STORM-3767] Follow up: fix NullPointerException in getUnixGroups
STORM-3767,aeccc45a126ebf45ecf68a2bc78e852c1c34074f,2021-09-20T20:23:10-05:00,NON_MERGE,1,false,true,1,storm-client/src/jvm/org/apache/storm/security/auth/ShellBasedGroupsMapping.java,[STORM-3767] Follow up: fix NullPointerException in getUnixGroups
STORM-3769,8165f427729eccc0b018ed5b62610b7bf714cb3c,2021-05-03T13:26:20-05:00,NON_MERGE,1,false,true,3,storm-client/src/jvm/org/apache/storm/utils/ConfigUtils.java | storm-server/src/main/java/org/apache/storm/localizer/AsyncLocalizer.java | storm-server/src/main/java/org/apache/storm/localizer/LocalizedResourceRetentionSet.java,STORM-3769 prevent topology blobs from being considered downloaded if any of their blobs was deleted (#3396)
STORM-3775,6c8b6cbeb387817d72432637acd19a71440e0173,2021-06-21T09:41:58-05:00,NON_MERGE,1,false,true,2,storm-client/src/jvm/org/apache/storm/utils/Utils.java | storm-server/src/main/java/org/apache/storm/daemon/supervisor/SupervisorUtils.java,STORM-3775 validate optional boolean fields in topology.blobstore.map (#3399)
STORM-3785,0c7bbca67db593b82030a7b406a44d54122ce792,2021-09-22T13:25:35-05:00,NON_MERGE,1,false,true,1,storm-client/src/jvm/org/apache/storm/executor/Executor.java,[STORM-3785] Stop converting V2 rate metrics when adding to V1 (#3405)
STORM-3785,ee6cd75abb4704bc97039f6277776c1106361518,2021-09-22T13:25:35-05:00,NON_MERGE,1,false,true,1,storm-client/src/jvm/org/apache/storm/executor/Executor.java,[STORM-3785] Stop converting V2 rate metrics when adding to V1 (#3405)
STORM-3785,775d6098a9a7bc8d2242e925457a960ff89faaeb,2021-09-22T14:26:05-05:00,NON_MERGE,1,false,true,1,storm-client/src/jvm/org/apache/storm/executor/Executor.java,[STORM-3785] Follow up: fix the checkstyle issue (#3412)
STORM-3785,e95af5a967c75ac8c102752d9d6100853d3ace3b,2021-09-22T14:26:05-05:00,NON_MERGE,1,false,true,1,storm-client/src/jvm/org/apache/storm/executor/Executor.java,[STORM-3785] Follow up: fix the checkstyle issue (#3412)
STORM-3822,c0750018d08dae822537e80ab3c894da8ba29532,2022-04-03T02:18:13-05:00,NON_MERGE,1,false,true,1,storm-webapp/src/main/java/org/apache/storm/daemon/ui/UIHelpers.java,STORM-3822 fix visualization when streamId contains colon (#3441)
STORM-3838,87efcea9d74e26e7e8879eed4d200871cf13db3e,2022-03-30T15:20:59-05:00,NON_MERGE,1,false,true,1,storm-server/src/main/java/org/apache/storm/daemon/nimbus/Nimbus.java,STORM-3838 prevent topology from setting storm.workers.artifacts.dir (#3459)
STORM-3862,145fe09507e75208f5104053093eb678df4e360b,2022-05-17T00:08:57+08:00,NON_MERGE,1,false,true,2,external/storm-hdfs-blobstore/src/main/java/org/apache/storm/hdfs/blobstore/HdfsBlobStoreFile.java | external/storm-hdfs-blobstore/src/main/java/org/apache/storm/hdfs/blobstore/HdfsBlobStoreImpl.java,STORM-3862 HdfsBlobStoreImpl should check permission after mkdirs (#3478)
STORM-3944,0eaced227cda6635bee3d32a9824f8c9cf376092,2023-08-08T11:43:16+01:00,NON_MERGE,1,false,true,2,storm-client/src/jvm/org/apache/storm/metric/api/MultiCountMetric.java | storm-client/src/jvm/org/apache/storm/metric/api/MultiReducedMetric.java,synchronize access to map in Multi*Metric; fixes STORM-3944
STORM-3984,8b28818da42a8506ab21c4cd70e511a8cc5c4cca,2023-09-25T23:29:39+09:00,NON_MERGE,1,false,true,1,storm-server/src/main/java/org/apache/storm/nimbus/TimeOutWorkerHeartbeatsRecoveryStrategy.java,STORM-3984: Nimbus failover causes unnecessary reassign if 600s are passed after starting Nimbus.
STORM-4017,0c64be68a11ccfa522b9c6e4ef7a22d19d1f1a65,2024-01-08T17:45:47Z,NON_MERGE,1,false,true,1,storm-server/src/main/java/org/apache/storm/utils/ServerUtils.java,STORM-4017 Fix for isAnyWindowsProcessAlive with multiple pids
STORM-4018,0661974c656e67457bed72748b6764e55a0911a5,2024-01-16T08:19:17+01:00,NON_MERGE,1,false,true,1,storm-webapp/src/main/java/org/apache/storm/daemon/ui/resources/StormApiResource.java,STORM-4018 - Wrong order of the params in Storm API resource
STORM-4023,eb982a16c12ea8e80c2749728df5ff82663534ec,2024-01-23T17:13:19-06:00,NON_MERGE,1,false,true,1,storm-client/src/jvm/org/apache/storm/messaging/netty/Login.java,[STORM-4023] Background periodic Kerberos re-login should use same JAAS configuration as initial login
STORM-4024,cbca641fd48a5828af2248aaedd5be5948cd3e8a,2024-01-24T16:15:44Z,NON_MERGE,1,false,true,1,storm-server/src/main/java/org/apache/storm/stats/StatsUtil.java,STORM-4024 Fix Bolt Input Stats are blank if topology.acker.executors is null or 0
STORM-4025,d03ba19ded80759ca444153e51dea0d92c94c599,2024-01-25T11:27:41+01:00,NON_MERGE,1,false,true,1,storm-webapp/src/main/java/org/apache/storm/daemon/ui/UIHelpers.java,STORM-4025 - ClassCastException when changing log level in Storm UI
STORM-4051,d0f5be316ccd02c3c5555f1750537debcd383ae3,2024-04-05T12:45:12-05:00,NON_MERGE,1,false,true,2,storm-server/src/main/java/org/apache/storm/scheduler/Cluster.java | storm-server/src/main/java/org/apache/storm/utils/ServerUtils.java,STORM-4051 - Scheduler needs to include acker memory for topology resources (#3633)
STORM-4055,14f09446f33cf163d784a05ff4e23ce6547d7ddb,2024-09-04T18:41:37+05:30,NON_MERGE,1,false,true,7,external/storm-kafka-client/src/main/java/org/apache/storm/kafka/spout/KafkaSpout.java | external/storm-kafka-client/src/main/java/org/apache/storm/kafka/spout/internal/ClientFactory.java | external/storm-kafka-client/src/main/java/org/apache/storm/kafka/spout/internal/ClientFactoryDefault.java | external/storm-kafka-client/src/main/java/org/apache/storm/kafka/spout/metrics2/KafkaOffsetMetricManager.java | external/storm-kafka-client/src/main/java/org/apache/storm/kafka/spout/metrics2/KafkaOffsetPartitionMetrics.java | external/storm-kafka-client/src/main/java/org/apache/storm/kafka/spout/trident/KafkaTridentSpoutCoordinator.java | external/storm-kafka-client/src/main/java/org/apache/storm/kafka/spout/trident/KafkaTridentSpoutEmitter.java,STORM-4055 Kafka Consumer ConcurrentModificationException fix (#3691)
STORM-4057,bd9c38a3007ab1c739da0a3b47d8397d8b02cc10,2024-06-13T08:56:41+01:00,FIRST_PARENT_MERGE,2,true,false,1,storm-server/src/main/java/org/apache/storm/utils/ServerUtils.java,Merge pull request #3640 from steveclark72/check_userid
STORM-4060,1ff0d6239b0a16bb43344bc35eaa7aaa115b8765,2024-06-23T18:53:14+01:00,NON_MERGE,1,false,true,4,storm-client/src/jvm/org/apache/storm/Config.java | storm-client/src/jvm/org/apache/storm/messaging/netty/Client.java | storm-client/src/jvm/org/apache/storm/validation/ConfigValidation.java | storm-client/src/jvm/org/apache/storm/validation/ConfigValidationAnnotations.java,STORM-4060: exposing Netty flush timeout as a configurable property
STORM-4060,4d4fe3e80a3195c2e06446c980cf12e45c6dfd21,2024-06-24T11:25:34+01:00,NON_MERGE,1,false,true,1,storm-client/src/jvm/org/apache/storm/messaging/netty/Client.java,STORM-4060: exposing Netty flush timeout as a configurable property
STORM-4069,088c0ddf800aa10a96c4edec603cb2425d04bf8b,2024-08-09T19:52:14+02:00,NON_MERGE,1,false,true,1,storm-client/src/jvm/org/apache/storm/trident/topology/MasterBatchCoordinator.java,STORM-4069 - java.lang.ClassCastException for Trident-based Topology
STORM-4085,2f6732c26c6fc9375389861798337b1e3ddb4e38,2024-10-09T08:26:44+01:00,NON_MERGE,1,false,true,1,storm-server/src/main/java/org/apache/storm/localizer/AsyncLocalizer.java,STORM-4085 - Ensure that DownloadOrUpdate exception is caught (#3704)
STORM-4104,e3690f14dcc20e4659ccb7c1a8443c33a34cd69d,2024-11-07T22:05:21Z,NON_MERGE,1,false,true,1,storm-client/src/jvm/org/apache/storm/utils/Utils.java,STORM-4104 Fix Pacemaker server stability issues
STORM-4154,af4699946b1d2f599e5e08b5d3005aff0ee74a79,2025-01-14T16:50:04Z,NON_MERGE,1,false,true,1,storm-server/src/main/java/org/apache/storm/daemon/nimbus/Nimbus.java,STORM-4154 - fix: Nimbus downtime during topology deployment (#3833)
